"Source descriptor","Target descriptor","Source_state","Target_state","Score_agreed","Conf_agreed","Panel_reasoning"
"Decarbonisation_Outcome","Policy_Stringency","High emissions","Low","-2","4","Outcome-to-policy feedback: high emissions hinder Low and support Medium/High; medium outcome supports Medium and somewhat High and hinders Low; net-zero aligned slightly supports all policy levels (including possible relaxation to Low with low confidence) and supports High; confidences reflect stronger evidence for failure→tightening than for success→relaxation."
"Decarbonisation_Outcome","Policy_Stringency","High emissions","Medium","1","4","Outcome-to-policy feedback: high emissions hinder Low and support Medium/High; medium outcome supports Medium and somewhat High and hinders Low; net-zero aligned slightly supports all policy levels (including possible relaxation to Low with low confidence) and supports High; confidences reflect stronger evidence for failure→tightening than for success→relaxation."
"Decarbonisation_Outcome","Policy_Stringency","High emissions","High","2","4","Outcome-to-policy feedback: high emissions hinder Low and support Medium/High; medium outcome supports Medium and somewhat High and hinders Low; net-zero aligned slightly supports all policy levels (including possible relaxation to Low with low confidence) and supports High; confidences reflect stronger evidence for failure→tightening than for success→relaxation."
"Decarbonisation_Outcome","Policy_Stringency","Medium","Low","-1","3","Outcome-to-policy feedback: high emissions hinder Low and support Medium/High; medium outcome supports Medium and somewhat High and hinders Low; net-zero aligned slightly supports all policy levels (including possible relaxation to Low with low confidence) and supports High; confidences reflect stronger evidence for failure→tightening than for success→relaxation."
"Decarbonisation_Outcome","Policy_Stringency","Medium","Medium","2","4","Outcome-to-policy feedback: high emissions hinder Low and support Medium/High; medium outcome supports Medium and somewhat High and hinders Low; net-zero aligned slightly supports all policy levels (including possible relaxation to Low with low confidence) and supports High; confidences reflect stronger evidence for failure→tightening than for success→relaxation."
"Decarbonisation_Outcome","Policy_Stringency","Medium","High","1","3","Outcome-to-policy feedback: high emissions hinder Low and support Medium/High; medium outcome supports Medium and somewhat High and hinders Low; net-zero aligned slightly supports all policy levels (including possible relaxation to Low with low confidence) and supports High; confidences reflect stronger evidence for failure→tightening than for success→relaxation."
"Decarbonisation_Outcome","Policy_Stringency","Net-zero aligned","Low","1","2","Outcome-to-policy feedback: high emissions hinder Low and support Medium/High; medium outcome supports Medium and somewhat High and hinders Low; net-zero aligned slightly supports all policy levels (including possible relaxation to Low with low confidence) and supports High; confidences reflect stronger evidence for failure→tightening than for success→relaxation."
"Decarbonisation_Outcome","Policy_Stringency","Net-zero aligned","Medium","1","3","Outcome-to-policy feedback: high emissions hinder Low and support Medium/High; medium outcome supports Medium and somewhat High and hinders Low; net-zero aligned slightly supports all policy levels (including possible relaxation to Low with low confidence) and supports High; confidences reflect stronger evidence for failure→tightening than for success→relaxation."
"Decarbonisation_Outcome","Policy_Stringency","Net-zero aligned","High","1","4","Outcome-to-policy feedback: high emissions hinder Low and support Medium/High; medium outcome supports Medium and somewhat High and hinders Low; net-zero aligned slightly supports all policy levels (including possible relaxation to Low with low confidence) and supports High; confidences reflect stronger evidence for failure→tightening than for success→relaxation."
"Decarbonisation_Outcome","Permitting_Pace","High emissions","Slow","-2","4","Outcome-to-permitting feedback: high emissions creates pressure for reform (supports Fast, hinders Slow); medium outcome weakly supports Medium/Fast; net-zero aligned allows complacency (supports Slow) or momentum (supports Fast); confidences moderate where direction contested."
"Decarbonisation_Outcome","Permitting_Pace","High emissions","Medium","0","3","Outcome-to-permitting feedback: high emissions creates pressure for reform (supports Fast, hinders Slow); medium outcome weakly supports Medium/Fast; net-zero aligned allows complacency (supports Slow) or momentum (supports Fast); confidences moderate where direction contested."
"Decarbonisation_Outcome","Permitting_Pace","High emissions","Fast","2","4","Outcome-to-permitting feedback: high emissions creates pressure for reform (supports Fast, hinders Slow); medium outcome weakly supports Medium/Fast; net-zero aligned allows complacency (supports Slow) or momentum (supports Fast); confidences moderate where direction contested."
"Decarbonisation_Outcome","Permitting_Pace","Medium","Slow","-1","3","Outcome-to-permitting feedback: high emissions creates pressure for reform (supports Fast, hinders Slow); medium outcome weakly supports Medium/Fast; net-zero aligned allows complacency (supports Slow) or momentum (supports Fast); confidences moderate where direction contested."
"Decarbonisation_Outcome","Permitting_Pace","Medium","Medium","1","3","Outcome-to-permitting feedback: high emissions creates pressure for reform (supports Fast, hinders Slow); medium outcome weakly supports Medium/Fast; net-zero aligned allows complacency (supports Slow) or momentum (supports Fast); confidences moderate where direction contested."
"Decarbonisation_Outcome","Permitting_Pace","Medium","Fast","1","3","Outcome-to-permitting feedback: high emissions creates pressure for reform (supports Fast, hinders Slow); medium outcome weakly supports Medium/Fast; net-zero aligned allows complacency (supports Slow) or momentum (supports Fast); confidences moderate where direction contested."
"Decarbonisation_Outcome","Permitting_Pace","Net-zero aligned","Slow","1","3","Outcome-to-permitting feedback: high emissions creates pressure for reform (supports Fast, hinders Slow); medium outcome weakly supports Medium/Fast; net-zero aligned allows complacency (supports Slow) or momentum (supports Fast); confidences moderate where direction contested."
"Decarbonisation_Outcome","Permitting_Pace","Net-zero aligned","Medium","0","2","Outcome-to-permitting feedback: high emissions creates pressure for reform (supports Fast, hinders Slow); medium outcome weakly supports Medium/Fast; net-zero aligned allows complacency (supports Slow) or momentum (supports Fast); confidences moderate where direction contested."
"Decarbonisation_Outcome","Permitting_Pace","Net-zero aligned","Fast","1","3","Outcome-to-permitting feedback: high emissions creates pressure for reform (supports Fast, hinders Slow); medium outcome weakly supports Medium/Fast; net-zero aligned allows complacency (supports Slow) or momentum (supports Fast); confidences moderate where direction contested."
"Decarbonisation_Outcome","Renewables_Deployment","High emissions","Low","-2","4","Outcome-to-deployment feedback: high emissions hinder Low and support Medium/High; medium outcome supports Medium and somewhat High and hinders Low; net-zero aligned strongly supports High and hinders Low/Medium; confidences higher where direction is uncontested (3.1, 3.3)."
"Decarbonisation_Outcome","Renewables_Deployment","High emissions","Medium","1","4","Outcome-to-deployment feedback: high emissions hinder Low and support Medium/High; medium outcome supports Medium and somewhat High and hinders Low; net-zero aligned strongly supports High and hinders Low/Medium; confidences higher where direction is uncontested (3.1, 3.3)."
"Decarbonisation_Outcome","Renewables_Deployment","High emissions","High","2","4","Outcome-to-deployment feedback: high emissions hinder Low and support Medium/High; medium outcome supports Medium and somewhat High and hinders Low; net-zero aligned strongly supports High and hinders Low/Medium; confidences higher where direction is uncontested (3.1, 3.3)."
"Decarbonisation_Outcome","Renewables_Deployment","Medium","Low","-1","3","Outcome-to-deployment feedback: high emissions hinder Low and support Medium/High; medium outcome supports Medium and somewhat High and hinders Low; net-zero aligned strongly supports High and hinders Low/Medium; confidences higher where direction is uncontested (3.1, 3.3)."
"Decarbonisation_Outcome","Renewables_Deployment","Medium","Medium","2","4","Outcome-to-deployment feedback: high emissions hinder Low and support Medium/High; medium outcome supports Medium and somewhat High and hinders Low; net-zero aligned strongly supports High and hinders Low/Medium; confidences higher where direction is uncontested (3.1, 3.3)."
"Decarbonisation_Outcome","Renewables_Deployment","Medium","High","1","3","Outcome-to-deployment feedback: high emissions hinder Low and support Medium/High; medium outcome supports Medium and somewhat High and hinders Low; net-zero aligned strongly supports High and hinders Low/Medium; confidences higher where direction is uncontested (3.1, 3.3)."
"Decarbonisation_Outcome","Renewables_Deployment","Net-zero aligned","Low","-3","5","Outcome-to-deployment feedback: high emissions hinder Low and support Medium/High; medium outcome supports Medium and somewhat High and hinders Low; net-zero aligned strongly supports High and hinders Low/Medium; confidences higher where direction is uncontested (3.1, 3.3)."
"Decarbonisation_Outcome","Renewables_Deployment","Net-zero aligned","Medium","-1","3","Outcome-to-deployment feedback: high emissions hinder Low and support Medium/High; medium outcome supports Medium and somewhat High and hinders Low; net-zero aligned strongly supports High and hinders Low/Medium; confidences higher where direction is uncontested (3.1, 3.3)."
"Decarbonisation_Outcome","Renewables_Deployment","Net-zero aligned","High","3","5","Outcome-to-deployment feedback: high emissions hinder Low and support Medium/High; medium outcome supports Medium and somewhat High and hinders Low; net-zero aligned strongly supports High and hinders Low/Medium; confidences higher where direction is uncontested (3.1, 3.3)."
"Decarbonisation_Outcome","Technology_Costs","High emissions","High","2","4","Decarbonisation outcome proxies deployment; deployment drives learning and scale so high emissions support high technology costs and net-zero aligned supports low costs; diagonal and opposite corners scored with confidence 4, off-diagonal with 3."
"Decarbonisation_Outcome","Technology_Costs","High emissions","Medium","1","3","Decarbonisation outcome proxies deployment; deployment drives learning and scale so high emissions support high technology costs and net-zero aligned supports low costs; diagonal and opposite corners scored with confidence 4, off-diagonal with 3."
"Decarbonisation_Outcome","Technology_Costs","High emissions","Low","-2","4","Decarbonisation outcome proxies deployment; deployment drives learning and scale so high emissions support high technology costs and net-zero aligned supports low costs; diagonal and opposite corners scored with confidence 4, off-diagonal with 3."
"Decarbonisation_Outcome","Technology_Costs","Medium","High","0","3","Decarbonisation outcome proxies deployment; deployment drives learning and scale so high emissions support high technology costs and net-zero aligned supports low costs; diagonal and opposite corners scored with confidence 4, off-diagonal with 3."
"Decarbonisation_Outcome","Technology_Costs","Medium","Medium","0","3","Decarbonisation outcome proxies deployment; deployment drives learning and scale so high emissions support high technology costs and net-zero aligned supports low costs; diagonal and opposite corners scored with confidence 4, off-diagonal with 3."
"Decarbonisation_Outcome","Technology_Costs","Medium","Low","1","3","Decarbonisation outcome proxies deployment; deployment drives learning and scale so high emissions support high technology costs and net-zero aligned supports low costs; diagonal and opposite corners scored with confidence 4, off-diagonal with 3."
"Decarbonisation_Outcome","Technology_Costs","Net-zero aligned","High","-2","4","Decarbonisation outcome proxies deployment; deployment drives learning and scale so high emissions support high technology costs and net-zero aligned supports low costs; diagonal and opposite corners scored with confidence 4, off-diagonal with 3."
"Decarbonisation_Outcome","Technology_Costs","Net-zero aligned","Medium","-1","3","Decarbonisation outcome proxies deployment; deployment drives learning and scale so high emissions support high technology costs and net-zero aligned supports low costs; diagonal and opposite corners scored with confidence 4, off-diagonal with 3."
"Decarbonisation_Outcome","Technology_Costs","Net-zero aligned","Low","2","4","Decarbonisation outcome proxies deployment; deployment drives learning and scale so high emissions support high technology costs and net-zero aligned supports low costs; diagonal and opposite corners scored with confidence 4, off-diagonal with 3."
"Decarbonisation_Outcome","Hydrogen_Role","High emissions","Limited","2","4","Outcome–role consistency: high emissions supports limited and hinders moderate/major hydrogen; medium outcome neutral for limited, supports moderate/major; net-zero aligned hinders limited and supports moderate and major hydrogen; confidences 3–4."
"Decarbonisation_Outcome","Hydrogen_Role","High emissions","Moderate","-2","4","Outcome–role consistency: high emissions supports limited and hinders moderate/major hydrogen; medium outcome neutral for limited, supports moderate/major; net-zero aligned hinders limited and supports moderate and major hydrogen; confidences 3–4."
"Decarbonisation_Outcome","Hydrogen_Role","High emissions","Major","-3","4","Outcome–role consistency: high emissions supports limited and hinders moderate/major hydrogen; medium outcome neutral for limited, supports moderate/major; net-zero aligned hinders limited and supports moderate and major hydrogen; confidences 3–4."
"Decarbonisation_Outcome","Hydrogen_Role","Medium","Limited","0","3","Outcome–role consistency: high emissions supports limited and hinders moderate/major hydrogen; medium outcome neutral for limited, supports moderate/major; net-zero aligned hinders limited and supports moderate and major hydrogen; confidences 3–4."
"Decarbonisation_Outcome","Hydrogen_Role","Medium","Moderate","1","3","Outcome–role consistency: high emissions supports limited and hinders moderate/major hydrogen; medium outcome neutral for limited, supports moderate/major; net-zero aligned hinders limited and supports moderate and major hydrogen; confidences 3–4."
"Decarbonisation_Outcome","Hydrogen_Role","Medium","Major","1","3","Outcome–role consistency: high emissions supports limited and hinders moderate/major hydrogen; medium outcome neutral for limited, supports moderate/major; net-zero aligned hinders limited and supports moderate and major hydrogen; confidences 3–4."
"Decarbonisation_Outcome","Hydrogen_Role","Net-zero aligned","Limited","-2","4","Outcome–role consistency: high emissions supports limited and hinders moderate/major hydrogen; medium outcome neutral for limited, supports moderate/major; net-zero aligned hinders limited and supports moderate and major hydrogen; confidences 3–4."
"Decarbonisation_Outcome","Hydrogen_Role","Net-zero aligned","Moderate","2","4","Outcome–role consistency: high emissions supports limited and hinders moderate/major hydrogen; medium outcome neutral for limited, supports moderate/major; net-zero aligned hinders limited and supports moderate and major hydrogen; confidences 3–4."
"Decarbonisation_Outcome","Hydrogen_Role","Net-zero aligned","Major","2","4","Outcome–role consistency: high emissions supports limited and hinders moderate/major hydrogen; medium outcome neutral for limited, supports moderate/major; net-zero aligned hinders limited and supports moderate and major hydrogen; confidences 3–4."
"Decarbonisation_Outcome","Grid_Development","High emissions","Lagging","2","4","Outcome–grid consistency: high emissions supports lagging grid and hinders strong; net-zero aligned supports strong grid and hinders lagging; medium outcome supports moderate grid and weakly supports strong; confidence 3–4."
"Decarbonisation_Outcome","Grid_Development","High emissions","Moderate","0","3","Outcome–grid consistency: high emissions supports lagging grid and hinders strong; net-zero aligned supports strong grid and hinders lagging; medium outcome supports moderate grid and weakly supports strong; confidence 3–4."
"Decarbonisation_Outcome","Grid_Development","High emissions","Strong","-2","4","Outcome–grid consistency: high emissions supports lagging grid and hinders strong; net-zero aligned supports strong grid and hinders lagging; medium outcome supports moderate grid and weakly supports strong; confidence 3–4."
"Decarbonisation_Outcome","Grid_Development","Medium","Lagging","-1","3","Outcome–grid consistency: high emissions supports lagging grid and hinders strong; net-zero aligned supports strong grid and hinders lagging; medium outcome supports moderate grid and weakly supports strong; confidence 3–4."
"Decarbonisation_Outcome","Grid_Development","Medium","Moderate","2","4","Outcome–grid consistency: high emissions supports lagging grid and hinders strong; net-zero aligned supports strong grid and hinders lagging; medium outcome supports moderate grid and weakly supports strong; confidence 3–4."
"Decarbonisation_Outcome","Grid_Development","Medium","Strong","1","3","Outcome–grid consistency: high emissions supports lagging grid and hinders strong; net-zero aligned supports strong grid and hinders lagging; medium outcome supports moderate grid and weakly supports strong; confidence 3–4."
"Decarbonisation_Outcome","Grid_Development","Net-zero aligned","Lagging","-2","4","Outcome–grid consistency: high emissions supports lagging grid and hinders strong; net-zero aligned supports strong grid and hinders lagging; medium outcome supports moderate grid and weakly supports strong; confidence 3–4."
"Decarbonisation_Outcome","Grid_Development","Net-zero aligned","Moderate","0","3","Outcome–grid consistency: high emissions supports lagging grid and hinders strong; net-zero aligned supports strong grid and hinders lagging; medium outcome supports moderate grid and weakly supports strong; confidence 3–4."
"Decarbonisation_Outcome","Grid_Development","Net-zero aligned","Strong","2","4","Outcome–grid consistency: high emissions supports lagging grid and hinders strong; net-zero aligned supports strong grid and hinders lagging; medium outcome supports moderate grid and weakly supports strong; confidence 3–4."
"Decarbonisation_Outcome","Electrification_Pace","High emissions","Slow","2","4","Outcome-to-electrification feedback and consistency: high emissions supports slow electrification and hinders high (lock-in); medium outcome supports medium pace and weakly high; net-zero aligned strongly hinders slow and supports high electrification; confidences highest where link is definitional (3.1, 3.3) or well evidenced (1.1, 1.3)."
"Decarbonisation_Outcome","Electrification_Pace","High emissions","Medium","0","3","Outcome-to-electrification feedback and consistency: high emissions supports slow electrification and hinders high (lock-in); medium outcome supports medium pace and weakly high; net-zero aligned strongly hinders slow and supports high electrification; confidences highest where link is definitional (3.1, 3.3) or well evidenced (1.1, 1.3)."
"Decarbonisation_Outcome","Electrification_Pace","High emissions","High","-2","4","Outcome-to-electrification feedback and consistency: high emissions supports slow electrification and hinders high (lock-in); medium outcome supports medium pace and weakly high; net-zero aligned strongly hinders slow and supports high electrification; confidences highest where link is definitional (3.1, 3.3) or well evidenced (1.1, 1.3)."
"Decarbonisation_Outcome","Electrification_Pace","Medium","Slow","0","3","Outcome-to-electrification feedback and consistency: high emissions supports slow electrification and hinders high (lock-in); medium outcome supports medium pace and weakly high; net-zero aligned strongly hinders slow and supports high electrification; confidences highest where link is definitional (3.1, 3.3) or well evidenced (1.1, 1.3)."
"Decarbonisation_Outcome","Electrification_Pace","Medium","Medium","2","4","Outcome-to-electrification feedback and consistency: high emissions supports slow electrification and hinders high (lock-in); medium outcome supports medium pace and weakly high; net-zero aligned strongly hinders slow and supports high electrification; confidences highest where link is definitional (3.1, 3.3) or well evidenced (1.1, 1.3)."
"Decarbonisation_Outcome","Electrification_Pace","Medium","High","1","3","Outcome-to-electrification feedback and consistency: high emissions supports slow electrification and hinders high (lock-in); medium outcome supports medium pace and weakly high; net-zero aligned strongly hinders slow and supports high electrification; confidences highest where link is definitional (3.1, 3.3) or well evidenced (1.1, 1.3)."
"Decarbonisation_Outcome","Electrification_Pace","Net-zero aligned","Slow","-3","5","Outcome-to-electrification feedback and consistency: high emissions supports slow electrification and hinders high (lock-in); medium outcome supports medium pace and weakly high; net-zero aligned strongly hinders slow and supports high electrification; confidences highest where link is definitional (3.1, 3.3) or well evidenced (1.1, 1.3)."
"Decarbonisation_Outcome","Electrification_Pace","Net-zero aligned","Medium","-1","4","Outcome-to-electrification feedback and consistency: high emissions supports slow electrification and hinders high (lock-in); medium outcome supports medium pace and weakly high; net-zero aligned strongly hinders slow and supports high electrification; confidences highest where link is definitional (3.1, 3.3) or well evidenced (1.1, 1.3)."
"Decarbonisation_Outcome","Electrification_Pace","Net-zero aligned","High","3","5","Outcome-to-electrification feedback and consistency: high emissions supports slow electrification and hinders high (lock-in); medium outcome supports medium pace and weakly high; net-zero aligned strongly hinders slow and supports high electrification; confidences highest where link is definitional (3.1, 3.3) or well evidenced (1.1, 1.3)."
"Decarbonisation_Outcome","Industrial_Energy_Demand","High emissions","High","2","4","Outcome–demand consistency: high emissions supports High and hinders Low industrial demand; net-zero aligned hinders High and supports Low; Medium outcome aligns with Medium and weakly supports Low; confidences highest on diagonal and strong anti-consistency (3.1, 1.3)."
"Decarbonisation_Outcome","Industrial_Energy_Demand","High emissions","Medium","-1","3","Outcome–demand consistency: high emissions supports High and hinders Low industrial demand; net-zero aligned hinders High and supports Low; Medium outcome aligns with Medium and weakly supports Low; confidences highest on diagonal and strong anti-consistency (3.1, 1.3)."
"Decarbonisation_Outcome","Industrial_Energy_Demand","High emissions","Low","-2","4","Outcome–demand consistency: high emissions supports High and hinders Low industrial demand; net-zero aligned hinders High and supports Low; Medium outcome aligns with Medium and weakly supports Low; confidences highest on diagonal and strong anti-consistency (3.1, 1.3)."
"Decarbonisation_Outcome","Industrial_Energy_Demand","Medium","High","-1","3","Outcome–demand consistency: high emissions supports High and hinders Low industrial demand; net-zero aligned hinders High and supports Low; Medium outcome aligns with Medium and weakly supports Low; confidences highest on diagonal and strong anti-consistency (3.1, 1.3)."
"Decarbonisation_Outcome","Industrial_Energy_Demand","Medium","Medium","2","4","Outcome–demand consistency: high emissions supports High and hinders Low industrial demand; net-zero aligned hinders High and supports Low; Medium outcome aligns with Medium and weakly supports Low; confidences highest on diagonal and strong anti-consistency (3.1, 1.3)."
"Decarbonisation_Outcome","Industrial_Energy_Demand","Medium","Low","1","3","Outcome–demand consistency: high emissions supports High and hinders Low industrial demand; net-zero aligned hinders High and supports Low; Medium outcome aligns with Medium and weakly supports Low; confidences highest on diagonal and strong anti-consistency (3.1, 1.3)."
"Decarbonisation_Outcome","Industrial_Energy_Demand","Net-zero aligned","High","-3","5","Outcome–demand consistency: high emissions supports High and hinders Low industrial demand; net-zero aligned hinders High and supports Low; Medium outcome aligns with Medium and weakly supports Low; confidences highest on diagonal and strong anti-consistency (3.1, 1.3)."
"Decarbonisation_Outcome","Industrial_Energy_Demand","Net-zero aligned","Medium","0","3","Outcome–demand consistency: high emissions supports High and hinders Low industrial demand; net-zero aligned hinders High and supports Low; Medium outcome aligns with Medium and weakly supports Low; confidences highest on diagonal and strong anti-consistency (3.1, 1.3)."
"Decarbonisation_Outcome","Industrial_Energy_Demand","Net-zero aligned","Low","2","4","Outcome–demand consistency: high emissions supports High and hinders Low industrial demand; net-zero aligned hinders High and supports Low; Medium outcome aligns with Medium and weakly supports Low; confidences highest on diagonal and strong anti-consistency (3.1, 1.3)."
"Decarbonisation_Outcome","Fossil_Price_Pressure","High emissions","Low","-2","4","Germany's decarbonisation outcome influences EU/global fossil price pressure via demand: high emissions support high pressure and hinder low (scores ±2, conf 4); net-zero aligned supports low and hinders high (scores ±2, conf 4); medium outcome and off-diagonal cells scored 0 or +1 with conf 3; Germany is one driver among many so no score ±3 or confidence 5."
"Decarbonisation_Outcome","Fossil_Price_Pressure","High emissions","Medium","0","3","Germany's decarbonisation outcome influences EU/global fossil price pressure via demand: high emissions support high pressure and hinder low (scores ±2, conf 4); net-zero aligned supports low and hinders high (scores ±2, conf 4); medium outcome and off-diagonal cells scored 0 or +1 with conf 3; Germany is one driver among many so no score ±3 or confidence 5."
"Decarbonisation_Outcome","Fossil_Price_Pressure","High emissions","High","2","4","Germany's decarbonisation outcome influences EU/global fossil price pressure via demand: high emissions support high pressure and hinder low (scores ±2, conf 4); net-zero aligned supports low and hinders high (scores ±2, conf 4); medium outcome and off-diagonal cells scored 0 or +1 with conf 3; Germany is one driver among many so no score ±3 or confidence 5."
"Decarbonisation_Outcome","Fossil_Price_Pressure","Medium","Low","0","3","Germany's decarbonisation outcome influences EU/global fossil price pressure via demand: high emissions support high pressure and hinder low (scores ±2, conf 4); net-zero aligned supports low and hinders high (scores ±2, conf 4); medium outcome and off-diagonal cells scored 0 or +1 with conf 3; Germany is one driver among many so no score ±3 or confidence 5."
"Decarbonisation_Outcome","Fossil_Price_Pressure","Medium","Medium","1","3","Germany's decarbonisation outcome influences EU/global fossil price pressure via demand: high emissions support high pressure and hinder low (scores ±2, conf 4); net-zero aligned supports low and hinders high (scores ±2, conf 4); medium outcome and off-diagonal cells scored 0 or +1 with conf 3; Germany is one driver among many so no score ±3 or confidence 5."
"Decarbonisation_Outcome","Fossil_Price_Pressure","Medium","High","1","3","Germany's decarbonisation outcome influences EU/global fossil price pressure via demand: high emissions support high pressure and hinder low (scores ±2, conf 4); net-zero aligned supports low and hinders high (scores ±2, conf 4); medium outcome and off-diagonal cells scored 0 or +1 with conf 3; Germany is one driver among many so no score ±3 or confidence 5."
"Decarbonisation_Outcome","Fossil_Price_Pressure","Net-zero aligned","Low","2","4","Germany's decarbonisation outcome influences EU/global fossil price pressure via demand: high emissions support high pressure and hinder low (scores ±2, conf 4); net-zero aligned supports low and hinders high (scores ±2, conf 4); medium outcome and off-diagonal cells scored 0 or +1 with conf 3; Germany is one driver among many so no score ±3 or confidence 5."
"Decarbonisation_Outcome","Fossil_Price_Pressure","Net-zero aligned","Medium","0","3","Germany's decarbonisation outcome influences EU/global fossil price pressure via demand: high emissions support high pressure and hinder low (scores ±2, conf 4); net-zero aligned supports low and hinders high (scores ±2, conf 4); medium outcome and off-diagonal cells scored 0 or +1 with conf 3; Germany is one driver among many so no score ±3 or confidence 5."
"Decarbonisation_Outcome","Fossil_Price_Pressure","Net-zero aligned","High","-2","4","Germany's decarbonisation outcome influences EU/global fossil price pressure via demand: high emissions support high pressure and hinder low (scores ±2, conf 4); net-zero aligned supports low and hinders high (scores ±2, conf 4); medium outcome and off-diagonal cells scored 0 or +1 with conf 3; Germany is one driver among many so no score ±3 or confidence 5."
"Decarbonisation_Outcome","Public_Acceptance","High emissions","Low","2","4","Outcome–acceptance alignment: high emissions promote low and hinder high acceptance; net-zero aligned hinders low and promotes high; medium outcome supports medium acceptance; off-diagonal weak cells set to 0 with confidence 2."
"Decarbonisation_Outcome","Public_Acceptance","High emissions","Medium","0","2","Outcome–acceptance alignment: high emissions promote low and hinder high acceptance; net-zero aligned hinders low and promotes high; medium outcome supports medium acceptance; off-diagonal weak cells set to 0 with confidence 2."
"Decarbonisation_Outcome","Public_Acceptance","High emissions","High","-2","4","Outcome–acceptance alignment: high emissions promote low and hinder high acceptance; net-zero aligned hinders low and promotes high; medium outcome supports medium acceptance; off-diagonal weak cells set to 0 with confidence 2."
"Decarbonisation_Outcome","Public_Acceptance","Medium","Low","0","2","Outcome–acceptance alignment: high emissions promote low and hinder high acceptance; net-zero aligned hinders low and promotes high; medium outcome supports medium acceptance; off-diagonal weak cells set to 0 with confidence 2."
"Decarbonisation_Outcome","Public_Acceptance","Medium","Medium","1","3","Outcome–acceptance alignment: high emissions promote low and hinder high acceptance; net-zero aligned hinders low and promotes high; medium outcome supports medium acceptance; off-diagonal weak cells set to 0 with confidence 2."
"Decarbonisation_Outcome","Public_Acceptance","Medium","High","-1","3","Outcome–acceptance alignment: high emissions promote low and hinder high acceptance; net-zero aligned hinders low and promotes high; medium outcome supports medium acceptance; off-diagonal weak cells set to 0 with confidence 2."
"Decarbonisation_Outcome","Public_Acceptance","Net-zero aligned","Low","-2","4","Outcome–acceptance alignment: high emissions promote low and hinder high acceptance; net-zero aligned hinders low and promotes high; medium outcome supports medium acceptance; off-diagonal weak cells set to 0 with confidence 2."
"Decarbonisation_Outcome","Public_Acceptance","Net-zero aligned","Medium","1","3","Outcome–acceptance alignment: high emissions promote low and hinder high acceptance; net-zero aligned hinders low and promotes high; medium outcome supports medium acceptance; off-diagonal weak cells set to 0 with confidence 2."
"Decarbonisation_Outcome","Public_Acceptance","Net-zero aligned","High","2","4","Outcome–acceptance alignment: high emissions promote low and hinder high acceptance; net-zero aligned hinders low and promotes high; medium outcome supports medium acceptance; off-diagonal weak cells set to 0 with confidence 2."
"Decarbonisation_Outcome","Land_Use_Conflict","High emissions","High","-2","4","Decarbonisation outcome influences land-use conflict via implied deployment: high emissions imply less renewables/infrastructure build-out and lower land pressure (supports Low conflict, hinders High); net-zero aligned implies large deployment and supports High conflict, hinders Low; medium outcome supports Medium conflict; panel agreed on variant-level scores and confidences 3–4."
"Decarbonisation_Outcome","Land_Use_Conflict","High emissions","Medium","0","3","Decarbonisation outcome influences land-use conflict via implied deployment: high emissions imply less renewables/infrastructure build-out and lower land pressure (supports Low conflict, hinders High); net-zero aligned implies large deployment and supports High conflict, hinders Low; medium outcome supports Medium conflict; panel agreed on variant-level scores and confidences 3–4."
"Decarbonisation_Outcome","Land_Use_Conflict","High emissions","Low","2","4","Decarbonisation outcome influences land-use conflict via implied deployment: high emissions imply less renewables/infrastructure build-out and lower land pressure (supports Low conflict, hinders High); net-zero aligned implies large deployment and supports High conflict, hinders Low; medium outcome supports Medium conflict; panel agreed on variant-level scores and confidences 3–4."
"Decarbonisation_Outcome","Land_Use_Conflict","Medium","High","0","3","Decarbonisation outcome influences land-use conflict via implied deployment: high emissions imply less renewables/infrastructure build-out and lower land pressure (supports Low conflict, hinders High); net-zero aligned implies large deployment and supports High conflict, hinders Low; medium outcome supports Medium conflict; panel agreed on variant-level scores and confidences 3–4."
"Decarbonisation_Outcome","Land_Use_Conflict","Medium","Medium","1","4","Decarbonisation outcome influences land-use conflict via implied deployment: high emissions imply less renewables/infrastructure build-out and lower land pressure (supports Low conflict, hinders High); net-zero aligned implies large deployment and supports High conflict, hinders Low; medium outcome supports Medium conflict; panel agreed on variant-level scores and confidences 3–4."
"Decarbonisation_Outcome","Land_Use_Conflict","Medium","Low","0","3","Decarbonisation outcome influences land-use conflict via implied deployment: high emissions imply less renewables/infrastructure build-out and lower land pressure (supports Low conflict, hinders High); net-zero aligned implies large deployment and supports High conflict, hinders Low; medium outcome supports Medium conflict; panel agreed on variant-level scores and confidences 3–4."
"Decarbonisation_Outcome","Land_Use_Conflict","Net-zero aligned","High","2","4","Decarbonisation outcome influences land-use conflict via implied deployment: high emissions imply less renewables/infrastructure build-out and lower land pressure (supports Low conflict, hinders High); net-zero aligned implies large deployment and supports High conflict, hinders Low; medium outcome supports Medium conflict; panel agreed on variant-level scores and confidences 3–4."
"Decarbonisation_Outcome","Land_Use_Conflict","Net-zero aligned","Medium","1","3","Decarbonisation outcome influences land-use conflict via implied deployment: high emissions imply less renewables/infrastructure build-out and lower land pressure (supports Low conflict, hinders High); net-zero aligned implies large deployment and supports High conflict, hinders Low; medium outcome supports Medium conflict; panel agreed on variant-level scores and confidences 3–4."
"Decarbonisation_Outcome","Land_Use_Conflict","Net-zero aligned","Low","-2","4","Decarbonisation outcome influences land-use conflict via implied deployment: high emissions imply less renewables/infrastructure build-out and lower land pressure (supports Low conflict, hinders High); net-zero aligned implies large deployment and supports High conflict, hinders Low; medium outcome supports Medium conflict; panel agreed on variant-level scores and confidences 3–4."
"Decarbonisation_Outcome","EU_Policy_Alignment","High emissions","Low","2","4","Germany's decarbonisation outcome feeds back on EU policy alignment: high emissions support Low and hinder High; medium outcome supports Medium; net-zero aligned hinders Low and supports High; confidence highest on 3→3 and main diagonal/opposite corners."
"Decarbonisation_Outcome","EU_Policy_Alignment","High emissions","Medium","0","3","Germany's decarbonisation outcome feeds back on EU policy alignment: high emissions support Low and hinder High; medium outcome supports Medium; net-zero aligned hinders Low and supports High; confidence highest on 3→3 and main diagonal/opposite corners."
"Decarbonisation_Outcome","EU_Policy_Alignment","High emissions","High","-2","4","Germany's decarbonisation outcome feeds back on EU policy alignment: high emissions support Low and hinder High; medium outcome supports Medium; net-zero aligned hinders Low and supports High; confidence highest on 3→3 and main diagonal/opposite corners."
"Decarbonisation_Outcome","EU_Policy_Alignment","Medium","Low","-1","3","Germany's decarbonisation outcome feeds back on EU policy alignment: high emissions support Low and hinder High; medium outcome supports Medium; net-zero aligned hinders Low and supports High; confidence highest on 3→3 and main diagonal/opposite corners."
"Decarbonisation_Outcome","EU_Policy_Alignment","Medium","Medium","2","4","Germany's decarbonisation outcome feeds back on EU policy alignment: high emissions support Low and hinder High; medium outcome supports Medium; net-zero aligned hinders Low and supports High; confidence highest on 3→3 and main diagonal/opposite corners."
"Decarbonisation_Outcome","EU_Policy_Alignment","Medium","High","1","3","Germany's decarbonisation outcome feeds back on EU policy alignment: high emissions support Low and hinder High; medium outcome supports Medium; net-zero aligned hinders Low and supports High; confidence highest on 3→3 and main diagonal/opposite corners."
"Decarbonisation_Outcome","EU_Policy_Alignment","Net-zero aligned","Low","-2","4","Germany's decarbonisation outcome feeds back on EU policy alignment: high emissions support Low and hinder High; medium outcome supports Medium; net-zero aligned hinders Low and supports High; confidence highest on 3→3 and main diagonal/opposite corners."
"Decarbonisation_Outcome","EU_Policy_Alignment","Net-zero aligned","Medium","0","3","Germany's decarbonisation outcome feeds back on EU policy alignment: high emissions support Low and hinder High; medium outcome supports Medium; net-zero aligned hinders Low and supports High; confidence highest on 3→3 and main diagonal/opposite corners."
"Decarbonisation_Outcome","EU_Policy_Alignment","Net-zero aligned","High","2","5","Germany's decarbonisation outcome feeds back on EU policy alignment: high emissions support Low and hinder High; medium outcome supports Medium; net-zero aligned hinders Low and supports High; confidence highest on 3→3 and main diagonal/opposite corners."
"Decarbonisation_Outcome","Energy_Security_Pressure","High emissions","Low","-2","4","Germany's decarbonisation outcome drives EU/global energy security pressure: high emissions hinder Low and support High; net-zero supports Low and hinders High; medium outcome aligns with Medium pressure; weak/neutral elsewhere with lower confidence."
"Decarbonisation_Outcome","Energy_Security_Pressure","High emissions","Medium","0","3","Germany's decarbonisation outcome drives EU/global energy security pressure: high emissions hinder Low and support High; net-zero supports Low and hinders High; medium outcome aligns with Medium pressure; weak/neutral elsewhere with lower confidence."
"Decarbonisation_Outcome","Energy_Security_Pressure","High emissions","High","2","4","Germany's decarbonisation outcome drives EU/global energy security pressure: high emissions hinder Low and support High; net-zero supports Low and hinders High; medium outcome aligns with Medium pressure; weak/neutral elsewhere with lower confidence."
"Decarbonisation_Outcome","Energy_Security_Pressure","Medium","Low","0","2","Germany's decarbonisation outcome drives EU/global energy security pressure: high emissions hinder Low and support High; net-zero supports Low and hinders High; medium outcome aligns with Medium pressure; weak/neutral elsewhere with lower confidence."
"Decarbonisation_Outcome","Energy_Security_Pressure","Medium","Medium","1","3","Germany's decarbonisation outcome drives EU/global energy security pressure: high emissions hinder Low and support High; net-zero supports Low and hinders High; medium outcome aligns with Medium pressure; weak/neutral elsewhere with lower confidence."
"Decarbonisation_Outcome","Energy_Security_Pressure","Medium","High","0","2","Germany's decarbonisation outcome drives EU/global energy security pressure: high emissions hinder Low and support High; net-zero supports Low and hinders High; medium outcome aligns with Medium pressure; weak/neutral elsewhere with lower confidence."
"Decarbonisation_Outcome","Energy_Security_Pressure","Net-zero aligned","Low","2","4","Germany's decarbonisation outcome drives EU/global energy security pressure: high emissions hinder Low and support High; net-zero supports Low and hinders High; medium outcome aligns with Medium pressure; weak/neutral elsewhere with lower confidence."
"Decarbonisation_Outcome","Energy_Security_Pressure","Net-zero aligned","Medium","1","3","Germany's decarbonisation outcome drives EU/global energy security pressure: high emissions hinder Low and support High; net-zero supports Low and hinders High; medium outcome aligns with Medium pressure; weak/neutral elsewhere with lower confidence."
"Decarbonisation_Outcome","Energy_Security_Pressure","Net-zero aligned","High","-2","4","Germany's decarbonisation outcome drives EU/global energy security pressure: high emissions hinder Low and support High; net-zero supports Low and hinders High; medium outcome aligns with Medium pressure; weak/neutral elsewhere with lower confidence."
"Decarbonisation_Outcome","Investment_Availability","High emissions","Low","2","4","Outcome-to-capital feedback: high emissions support Low and hinder High investment availability; medium outcome supports Medium; net-zero aligned hinders Low and supports High; diagonal and opposite corners scored with confidence 4, off-diagonal 3."
"Decarbonisation_Outcome","Investment_Availability","High emissions","Medium","0","3","Outcome-to-capital feedback: high emissions support Low and hinder High investment availability; medium outcome supports Medium; net-zero aligned hinders Low and supports High; diagonal and opposite corners scored with confidence 4, off-diagonal 3."
"Decarbonisation_Outcome","Investment_Availability","High emissions","High","-2","4","Outcome-to-capital feedback: high emissions support Low and hinder High investment availability; medium outcome supports Medium; net-zero aligned hinders Low and supports High; diagonal and opposite corners scored with confidence 4, off-diagonal 3."
"Decarbonisation_Outcome","Investment_Availability","Medium","Low","-1","3","Outcome-to-capital feedback: high emissions support Low and hinder High investment availability; medium outcome supports Medium; net-zero aligned hinders Low and supports High; diagonal and opposite corners scored with confidence 4, off-diagonal 3."
"Decarbonisation_Outcome","Investment_Availability","Medium","Medium","2","4","Outcome-to-capital feedback: high emissions support Low and hinder High investment availability; medium outcome supports Medium; net-zero aligned hinders Low and supports High; diagonal and opposite corners scored with confidence 4, off-diagonal 3."
"Decarbonisation_Outcome","Investment_Availability","Medium","High","1","3","Outcome-to-capital feedback: high emissions support Low and hinder High investment availability; medium outcome supports Medium; net-zero aligned hinders Low and supports High; diagonal and opposite corners scored with confidence 4, off-diagonal 3."
"Decarbonisation_Outcome","Investment_Availability","Net-zero aligned","Low","-2","4","Outcome-to-capital feedback: high emissions support Low and hinder High investment availability; medium outcome supports Medium; net-zero aligned hinders Low and supports High; diagonal and opposite corners scored with confidence 4, off-diagonal 3."
"Decarbonisation_Outcome","Investment_Availability","Net-zero aligned","Medium","0","3","Outcome-to-capital feedback: high emissions support Low and hinder High investment availability; medium outcome supports Medium; net-zero aligned hinders Low and supports High; diagonal and opposite corners scored with confidence 4, off-diagonal 3."
"Decarbonisation_Outcome","Investment_Availability","Net-zero aligned","High","2","4","Outcome-to-capital feedback: high emissions support Low and hinder High investment availability; medium outcome supports Medium; net-zero aligned hinders Low and supports High; diagonal and opposite corners scored with confidence 4, off-diagonal 3."
"Policy_Stringency","Decarbonisation_Outcome","Low","High emissions","2","5","Policy stringency and decarbonisation outcome aligned on diagonal (Low supports high emissions, High supports net-zero); off-diagonals reflect hindrance or weak support; high confidence on main causal cells, moderate on ambiguous cells (e.g. Medium→Net-zero, Low→Medium)."
"Policy_Stringency","Decarbonisation_Outcome","Low","Medium","0","3","Policy stringency and decarbonisation outcome aligned on diagonal (Low supports high emissions, High supports net-zero); off-diagonals reflect hindrance or weak support; high confidence on main causal cells, moderate on ambiguous cells (e.g. Medium→Net-zero, Low→Medium)."
"Policy_Stringency","Decarbonisation_Outcome","Low","Net-zero aligned","-3","5","Policy stringency and decarbonisation outcome aligned on diagonal (Low supports high emissions, High supports net-zero); off-diagonals reflect hindrance or weak support; high confidence on main causal cells, moderate on ambiguous cells (e.g. Medium→Net-zero, Low→Medium)."
"Policy_Stringency","Decarbonisation_Outcome","Medium","High emissions","-1","4","Policy stringency and decarbonisation outcome aligned on diagonal (Low supports high emissions, High supports net-zero); off-diagonals reflect hindrance or weak support; high confidence on main causal cells, moderate on ambiguous cells (e.g. Medium→Net-zero, Low→Medium)."
"Policy_Stringency","Decarbonisation_Outcome","Medium","Medium","2","4","Policy stringency and decarbonisation outcome aligned on diagonal (Low supports high emissions, High supports net-zero); off-diagonals reflect hindrance or weak support; high confidence on main causal cells, moderate on ambiguous cells (e.g. Medium→Net-zero, Low→Medium)."
"Policy_Stringency","Decarbonisation_Outcome","Medium","Net-zero aligned","1","3","Policy stringency and decarbonisation outcome aligned on diagonal (Low supports high emissions, High supports net-zero); off-diagonals reflect hindrance or weak support; high confidence on main causal cells, moderate on ambiguous cells (e.g. Medium→Net-zero, Low→Medium)."
"Policy_Stringency","Decarbonisation_Outcome","High","High emissions","-3","5","Policy stringency and decarbonisation outcome aligned on diagonal (Low supports high emissions, High supports net-zero); off-diagonals reflect hindrance or weak support; high confidence on main causal cells, moderate on ambiguous cells (e.g. Medium→Net-zero, Low→Medium)."
"Policy_Stringency","Decarbonisation_Outcome","High","Medium","-2","4","Policy stringency and decarbonisation outcome aligned on diagonal (Low supports high emissions, High supports net-zero); off-diagonals reflect hindrance or weak support; high confidence on main causal cells, moderate on ambiguous cells (e.g. Medium→Net-zero, Low→Medium)."
"Policy_Stringency","Decarbonisation_Outcome","High","Net-zero aligned","3","5","Policy stringency and decarbonisation outcome aligned on diagonal (Low supports high emissions, High supports net-zero); off-diagonals reflect hindrance or weak support; high confidence on main causal cells, moderate on ambiguous cells (e.g. Medium→Net-zero, Low→Medium)."
"Policy_Stringency","Permitting_Pace","Low","Slow","2","4","Higher policy stringency supports faster permitting and hinders slow; low stringency supports slow and hinders fast; medium stringency aligns with medium permitting and weakly supports fast; diagonal-like pattern with ±2 on main cells, confidence 4 where evidence is strong (EU/DE acceleration laws and targets), 3 elsewhere."
"Policy_Stringency","Permitting_Pace","Low","Medium","0","3","Higher policy stringency supports faster permitting and hinders slow; low stringency supports slow and hinders fast; medium stringency aligns with medium permitting and weakly supports fast; diagonal-like pattern with ±2 on main cells, confidence 4 where evidence is strong (EU/DE acceleration laws and targets), 3 elsewhere."
"Policy_Stringency","Permitting_Pace","Low","Fast","-2","4","Higher policy stringency supports faster permitting and hinders slow; low stringency supports slow and hinders fast; medium stringency aligns with medium permitting and weakly supports fast; diagonal-like pattern with ±2 on main cells, confidence 4 where evidence is strong (EU/DE acceleration laws and targets), 3 elsewhere."
"Policy_Stringency","Permitting_Pace","Medium","Slow","-1","3","Higher policy stringency supports faster permitting and hinders slow; low stringency supports slow and hinders fast; medium stringency aligns with medium permitting and weakly supports fast; diagonal-like pattern with ±2 on main cells, confidence 4 where evidence is strong (EU/DE acceleration laws and targets), 3 elsewhere."
"Policy_Stringency","Permitting_Pace","Medium","Medium","1","4","Higher policy stringency supports faster permitting and hinders slow; low stringency supports slow and hinders fast; medium stringency aligns with medium permitting and weakly supports fast; diagonal-like pattern with ±2 on main cells, confidence 4 where evidence is strong (EU/DE acceleration laws and targets), 3 elsewhere."
"Policy_Stringency","Permitting_Pace","Medium","Fast","1","3","Higher policy stringency supports faster permitting and hinders slow; low stringency supports slow and hinders fast; medium stringency aligns with medium permitting and weakly supports fast; diagonal-like pattern with ±2 on main cells, confidence 4 where evidence is strong (EU/DE acceleration laws and targets), 3 elsewhere."
"Policy_Stringency","Permitting_Pace","High","Slow","-2","4","Higher policy stringency supports faster permitting and hinders slow; low stringency supports slow and hinders fast; medium stringency aligns with medium permitting and weakly supports fast; diagonal-like pattern with ±2 on main cells, confidence 4 where evidence is strong (EU/DE acceleration laws and targets), 3 elsewhere."
"Policy_Stringency","Permitting_Pace","High","Medium","0","3","Higher policy stringency supports faster permitting and hinders slow; low stringency supports slow and hinders fast; medium stringency aligns with medium permitting and weakly supports fast; diagonal-like pattern with ±2 on main cells, confidence 4 where evidence is strong (EU/DE acceleration laws and targets), 3 elsewhere."
"Policy_Stringency","Permitting_Pace","High","Fast","2","4","Higher policy stringency supports faster permitting and hinders slow; low stringency supports slow and hinders fast; medium stringency aligns with medium permitting and weakly supports fast; diagonal-like pattern with ±2 on main cells, confidence 4 where evidence is strong (EU/DE acceleration laws and targets), 3 elsewhere."
"Policy_Stringency","Renewables_Deployment","Low","Low","2","4","Policy stringency is a primary driver of renewables deployment; diagonal (Low–Low, Medium–Medium, High–High) supported, off-diagonal hindrance or weak support; strongest effects and confidence 5 at Low→High (−3), High→Low (−3), and High→High (+3)."
"Policy_Stringency","Renewables_Deployment","Low","Medium","-1","4","Policy stringency is a primary driver of renewables deployment; diagonal (Low–Low, Medium–Medium, High–High) supported, off-diagonal hindrance or weak support; strongest effects and confidence 5 at Low→High (−3), High→Low (−3), and High→High (+3)."
"Policy_Stringency","Renewables_Deployment","Low","High","-3","5","Policy stringency is a primary driver of renewables deployment; diagonal (Low–Low, Medium–Medium, High–High) supported, off-diagonal hindrance or weak support; strongest effects and confidence 5 at Low→High (−3), High→Low (−3), and High→High (+3)."
"Policy_Stringency","Renewables_Deployment","Medium","Low","-2","4","Policy stringency is a primary driver of renewables deployment; diagonal (Low–Low, Medium–Medium, High–High) supported, off-diagonal hindrance or weak support; strongest effects and confidence 5 at Low→High (−3), High→Low (−3), and High→High (+3)."
"Policy_Stringency","Renewables_Deployment","Medium","Medium","2","4","Policy stringency is a primary driver of renewables deployment; diagonal (Low–Low, Medium–Medium, High–High) supported, off-diagonal hindrance or weak support; strongest effects and confidence 5 at Low→High (−3), High→Low (−3), and High→High (+3)."
"Policy_Stringency","Renewables_Deployment","Medium","High","1","3","Policy stringency is a primary driver of renewables deployment; diagonal (Low–Low, Medium–Medium, High–High) supported, off-diagonal hindrance or weak support; strongest effects and confidence 5 at Low→High (−3), High→Low (−3), and High→High (+3)."
"Policy_Stringency","Renewables_Deployment","High","Low","-3","5","Policy stringency is a primary driver of renewables deployment; diagonal (Low–Low, Medium–Medium, High–High) supported, off-diagonal hindrance or weak support; strongest effects and confidence 5 at Low→High (−3), High→Low (−3), and High→High (+3)."
"Policy_Stringency","Renewables_Deployment","High","Medium","-1","4","Policy stringency is a primary driver of renewables deployment; diagonal (Low–Low, Medium–Medium, High–High) supported, off-diagonal hindrance or weak support; strongest effects and confidence 5 at Low→High (−3), High→Low (−3), and High→High (+3)."
"Policy_Stringency","Renewables_Deployment","High","High","3","5","Policy stringency is a primary driver of renewables deployment; diagonal (Low–Low, Medium–Medium, High–High) supported, off-diagonal hindrance or weak support; strongest effects and confidence 5 at Low→High (−3), High→Low (−3), and High→High (+3)."
"Policy_Stringency","Technology_Costs","Low","High","2","4","Policy stringency drives deployment and R&D; higher stringency supports lower technology costs (diagonal logic). Low policy supports high costs (+2, −2) and hinders low costs; high policy strongly hinders high costs and supports low costs (+2 not +3 because Technology_Costs is GL and depends on global factors). Confidence highest (5) on 3.1 and 3.3; off-diagonal cells 3–4."
"Policy_Stringency","Technology_Costs","Low","Medium","1","3","Policy stringency drives deployment and R&D; higher stringency supports lower technology costs (diagonal logic). Low policy supports high costs (+2, −2) and hinders low costs; high policy strongly hinders high costs and supports low costs (+2 not +3 because Technology_Costs is GL and depends on global factors). Confidence highest (5) on 3.1 and 3.3; off-diagonal cells 3–4."
"Policy_Stringency","Technology_Costs","Low","Low","-2","4","Policy stringency drives deployment and R&D; higher stringency supports lower technology costs (diagonal logic). Low policy supports high costs (+2, −2) and hinders low costs; high policy strongly hinders high costs and supports low costs (+2 not +3 because Technology_Costs is GL and depends on global factors). Confidence highest (5) on 3.1 and 3.3; off-diagonal cells 3–4."
"Policy_Stringency","Technology_Costs","Medium","High","-1","3","Policy stringency drives deployment and R&D; higher stringency supports lower technology costs (diagonal logic). Low policy supports high costs (+2, −2) and hinders low costs; high policy strongly hinders high costs and supports low costs (+2 not +3 because Technology_Costs is GL and depends on global factors). Confidence highest (5) on 3.1 and 3.3; off-diagonal cells 3–4."
"Policy_Stringency","Technology_Costs","Medium","Medium","1","4","Policy stringency drives deployment and R&D; higher stringency supports lower technology costs (diagonal logic). Low policy supports high costs (+2, −2) and hinders low costs; high policy strongly hinders high costs and supports low costs (+2 not +3 because Technology_Costs is GL and depends on global factors). Confidence highest (5) on 3.1 and 3.3; off-diagonal cells 3–4."
"Policy_Stringency","Technology_Costs","Medium","Low","1","3","Policy stringency drives deployment and R&D; higher stringency supports lower technology costs (diagonal logic). Low policy supports high costs (+2, −2) and hinders low costs; high policy strongly hinders high costs and supports low costs (+2 not +3 because Technology_Costs is GL and depends on global factors). Confidence highest (5) on 3.1 and 3.3; off-diagonal cells 3–4."
"Policy_Stringency","Technology_Costs","High","High","-2","5","Policy stringency drives deployment and R&D; higher stringency supports lower technology costs (diagonal logic). Low policy supports high costs (+2, −2) and hinders low costs; high policy strongly hinders high costs and supports low costs (+2 not +3 because Technology_Costs is GL and depends on global factors). Confidence highest (5) on 3.1 and 3.3; off-diagonal cells 3–4."
"Policy_Stringency","Technology_Costs","High","Medium","-1","4","Policy stringency drives deployment and R&D; higher stringency supports lower technology costs (diagonal logic). Low policy supports high costs (+2, −2) and hinders low costs; high policy strongly hinders high costs and supports low costs (+2 not +3 because Technology_Costs is GL and depends on global factors). Confidence highest (5) on 3.1 and 3.3; off-diagonal cells 3–4."
"Policy_Stringency","Technology_Costs","High","Low","2","5","Policy stringency drives deployment and R&D; higher stringency supports lower technology costs (diagonal logic). Low policy supports high costs (+2, −2) and hinders low costs; high policy strongly hinders high costs and supports low costs (+2 not +3 because Technology_Costs is GL and depends on global factors). Confidence highest (5) on 3.1 and 3.3; off-diagonal cells 3–4."
"Policy_Stringency","Hydrogen_Role","Low","Limited","2","4","High policy stringency supports Major hydrogen and hinders Limited; Low policy supports Limited and hinders Major; Medium policy supports Moderate hydrogen; scores and confidence reflect this gradient (confidence 3–5)."
"Policy_Stringency","Hydrogen_Role","Low","Moderate","0","3","High policy stringency supports Major hydrogen and hinders Limited; Low policy supports Limited and hinders Major; Medium policy supports Moderate hydrogen; scores and confidence reflect this gradient (confidence 3–5)."
"Policy_Stringency","Hydrogen_Role","Low","Major","-2","5","High policy stringency supports Major hydrogen and hinders Limited; Low policy supports Limited and hinders Major; Medium policy supports Moderate hydrogen; scores and confidence reflect this gradient (confidence 3–5)."
"Policy_Stringency","Hydrogen_Role","Medium","Limited","-1","3","High policy stringency supports Major hydrogen and hinders Limited; Low policy supports Limited and hinders Major; Medium policy supports Moderate hydrogen; scores and confidence reflect this gradient (confidence 3–5)."
"Policy_Stringency","Hydrogen_Role","Medium","Moderate","2","4","High policy stringency supports Major hydrogen and hinders Limited; Low policy supports Limited and hinders Major; Medium policy supports Moderate hydrogen; scores and confidence reflect this gradient (confidence 3–5)."
"Policy_Stringency","Hydrogen_Role","Medium","Major","1","3","High policy stringency supports Major hydrogen and hinders Limited; Low policy supports Limited and hinders Major; Medium policy supports Moderate hydrogen; scores and confidence reflect this gradient (confidence 3–5)."
"Policy_Stringency","Hydrogen_Role","High","Limited","-2","5","High policy stringency supports Major hydrogen and hinders Limited; Low policy supports Limited and hinders Major; Medium policy supports Moderate hydrogen; scores and confidence reflect this gradient (confidence 3–5)."
"Policy_Stringency","Hydrogen_Role","High","Moderate","1","4","High policy stringency supports Major hydrogen and hinders Limited; Low policy supports Limited and hinders Major; Medium policy supports Moderate hydrogen; scores and confidence reflect this gradient (confidence 3–5)."
"Policy_Stringency","Hydrogen_Role","High","Major","3","5","High policy stringency supports Major hydrogen and hinders Limited; Low policy supports Limited and hinders Major; Medium policy supports Moderate hydrogen; scores and confidence reflect this gradient (confidence 3–5)."
"Policy_Stringency","Grid_Development","Low","Lagging","2","4","Policy stringency drives grid development: low policy supports lagging and hinders strong grid; high policy hinders lagging and supports strong grid; medium policy supports moderate grid; diagonal-consistent with confidences 4–5 where direction is uncontested."
"Policy_Stringency","Grid_Development","Low","Moderate","-1","3","Policy stringency drives grid development: low policy supports lagging and hinders strong grid; high policy hinders lagging and supports strong grid; medium policy supports moderate grid; diagonal-consistent with confidences 4–5 where direction is uncontested."
"Policy_Stringency","Grid_Development","Low","Strong","-2","5","Policy stringency drives grid development: low policy supports lagging and hinders strong grid; high policy hinders lagging and supports strong grid; medium policy supports moderate grid; diagonal-consistent with confidences 4–5 where direction is uncontested."
"Policy_Stringency","Grid_Development","Medium","Lagging","-1","4","Policy stringency drives grid development: low policy supports lagging and hinders strong grid; high policy hinders lagging and supports strong grid; medium policy supports moderate grid; diagonal-consistent with confidences 4–5 where direction is uncontested."
"Policy_Stringency","Grid_Development","Medium","Moderate","2","4","Policy stringency drives grid development: low policy supports lagging and hinders strong grid; high policy hinders lagging and supports strong grid; medium policy supports moderate grid; diagonal-consistent with confidences 4–5 where direction is uncontested."
"Policy_Stringency","Grid_Development","Medium","Strong","1","3","Policy stringency drives grid development: low policy supports lagging and hinders strong grid; high policy hinders lagging and supports strong grid; medium policy supports moderate grid; diagonal-consistent with confidences 4–5 where direction is uncontested."
"Policy_Stringency","Grid_Development","High","Lagging","-2","5","Policy stringency drives grid development: low policy supports lagging and hinders strong grid; high policy hinders lagging and supports strong grid; medium policy supports moderate grid; diagonal-consistent with confidences 4–5 where direction is uncontested."
"Policy_Stringency","Grid_Development","High","Moderate","1","4","Policy stringency drives grid development: low policy supports lagging and hinders strong grid; high policy hinders lagging and supports strong grid; medium policy supports moderate grid; diagonal-consistent with confidences 4–5 where direction is uncontested."
"Policy_Stringency","Grid_Development","High","Strong","2","5","Policy stringency drives grid development: low policy supports lagging and hinders strong grid; high policy hinders lagging and supports strong grid; medium policy supports moderate grid; diagonal-consistent with confidences 4–5 where direction is uncontested."
"Policy_Stringency","Electrification_Pace","Low","Slow","2","4","Policy stringency is a key driver of electrification; low policy supports slow and hinders high electrification, high policy hinders slow and supports high; diagonal-consistent cells positive, opposite corners negative; confidence 3–4 based on policy–electrification evidence and German/EU context."
"Policy_Stringency","Electrification_Pace","Low","Medium","0","3","Policy stringency is a key driver of electrification; low policy supports slow and hinders high electrification, high policy hinders slow and supports high; diagonal-consistent cells positive, opposite corners negative; confidence 3–4 based on policy–electrification evidence and German/EU context."
"Policy_Stringency","Electrification_Pace","Low","High","-2","4","Policy stringency is a key driver of electrification; low policy supports slow and hinders high electrification, high policy hinders slow and supports high; diagonal-consistent cells positive, opposite corners negative; confidence 3–4 based on policy–electrification evidence and German/EU context."
"Policy_Stringency","Electrification_Pace","Medium","Slow","-1","3","Policy stringency is a key driver of electrification; low policy supports slow and hinders high electrification, high policy hinders slow and supports high; diagonal-consistent cells positive, opposite corners negative; confidence 3–4 based on policy–electrification evidence and German/EU context."
"Policy_Stringency","Electrification_Pace","Medium","Medium","1","4","Policy stringency is a key driver of electrification; low policy supports slow and hinders high electrification, high policy hinders slow and supports high; diagonal-consistent cells positive, opposite corners negative; confidence 3–4 based on policy–electrification evidence and German/EU context."
"Policy_Stringency","Electrification_Pace","Medium","High","1","3","Policy stringency is a key driver of electrification; low policy supports slow and hinders high electrification, high policy hinders slow and supports high; diagonal-consistent cells positive, opposite corners negative; confidence 3–4 based on policy–electrification evidence and German/EU context."
"Policy_Stringency","Electrification_Pace","High","Slow","-2","4","Policy stringency is a key driver of electrification; low policy supports slow and hinders high electrification, high policy hinders slow and supports high; diagonal-consistent cells positive, opposite corners negative; confidence 3–4 based on policy–electrification evidence and German/EU context."
"Policy_Stringency","Electrification_Pace","High","Medium","0","3","Policy stringency is a key driver of electrification; low policy supports slow and hinders high electrification, high policy hinders slow and supports high; diagonal-consistent cells positive, opposite corners negative; confidence 3–4 based on policy–electrification evidence and German/EU context."
"Policy_Stringency","Electrification_Pace","High","High","2","4","Policy stringency is a key driver of electrification; low policy supports slow and hinders high electrification, high policy hinders slow and supports high; diagonal-consistent cells positive, opposite corners negative; confidence 3–4 based on policy–electrification evidence and German/EU context."
"Policy_Stringency","Industrial_Energy_Demand","Low","High","2","4","Policy stringency and industrial demand aligned anti-diagonally: Low policy supports High demand and hinders Low demand; High policy hinders High demand and supports Low demand; Medium policy supports Medium and weakly Low; confidence 4 on main impact cells, 3 elsewhere."
"Policy_Stringency","Industrial_Energy_Demand","Low","Medium","1","3","Policy stringency and industrial demand aligned anti-diagonally: Low policy supports High demand and hinders Low demand; High policy hinders High demand and supports Low demand; Medium policy supports Medium and weakly Low; confidence 4 on main impact cells, 3 elsewhere."
"Policy_Stringency","Industrial_Energy_Demand","Low","Low","-2","4","Policy stringency and industrial demand aligned anti-diagonally: Low policy supports High demand and hinders Low demand; High policy hinders High demand and supports Low demand; Medium policy supports Medium and weakly Low; confidence 4 on main impact cells, 3 elsewhere."
"Policy_Stringency","Industrial_Energy_Demand","Medium","High","-1","3","Policy stringency and industrial demand aligned anti-diagonally: Low policy supports High demand and hinders Low demand; High policy hinders High demand and supports Low demand; Medium policy supports Medium and weakly Low; confidence 4 on main impact cells, 3 elsewhere."
"Policy_Stringency","Industrial_Energy_Demand","Medium","Medium","1","4","Policy stringency and industrial demand aligned anti-diagonally: Low policy supports High demand and hinders Low demand; High policy hinders High demand and supports Low demand; Medium policy supports Medium and weakly Low; confidence 4 on main impact cells, 3 elsewhere."
"Policy_Stringency","Industrial_Energy_Demand","Medium","Low","1","3","Policy stringency and industrial demand aligned anti-diagonally: Low policy supports High demand and hinders Low demand; High policy hinders High demand and supports Low demand; Medium policy supports Medium and weakly Low; confidence 4 on main impact cells, 3 elsewhere."
"Policy_Stringency","Industrial_Energy_Demand","High","High","-2","4","Policy stringency and industrial demand aligned anti-diagonally: Low policy supports High demand and hinders Low demand; High policy hinders High demand and supports Low demand; Medium policy supports Medium and weakly Low; confidence 4 on main impact cells, 3 elsewhere."
"Policy_Stringency","Industrial_Energy_Demand","High","Medium","1","3","Policy stringency and industrial demand aligned anti-diagonally: Low policy supports High demand and hinders Low demand; High policy hinders High demand and supports Low demand; Medium policy supports Medium and weakly Low; confidence 4 on main impact cells, 3 elsewhere."
"Policy_Stringency","Industrial_Energy_Demand","High","Low","2","4","Policy stringency and industrial demand aligned anti-diagonally: Low policy supports High demand and hinders Low demand; High policy hinders High demand and supports Low demand; Medium policy supports Medium and weakly Low; confidence 4 on main impact cells, 3 elsewhere."
"Policy_Stringency","Fossil_Price_Pressure","Low","Low","-2","4","Policy stringency affects fossil demand and exposure; Low policy supports High fossil price pressure and hinders Low, High policy supports Low pressure and hinders High; corner cells ±2 with confidence 4, medium/off-diagonal ±1 or 0 with confidence 3; fossil prices partly exogenous so confidence capped at 4."
"Policy_Stringency","Fossil_Price_Pressure","Low","Medium","0","3","Policy stringency affects fossil demand and exposure; Low policy supports High fossil price pressure and hinders Low, High policy supports Low pressure and hinders High; corner cells ±2 with confidence 4, medium/off-diagonal ±1 or 0 with confidence 3; fossil prices partly exogenous so confidence capped at 4."
"Policy_Stringency","Fossil_Price_Pressure","Low","High","2","4","Policy stringency affects fossil demand and exposure; Low policy supports High fossil price pressure and hinders Low, High policy supports Low pressure and hinders High; corner cells ±2 with confidence 4, medium/off-diagonal ±1 or 0 with confidence 3; fossil prices partly exogenous so confidence capped at 4."
"Policy_Stringency","Fossil_Price_Pressure","Medium","Low","-1","3","Policy stringency affects fossil demand and exposure; Low policy supports High fossil price pressure and hinders Low, High policy supports Low pressure and hinders High; corner cells ±2 with confidence 4, medium/off-diagonal ±1 or 0 with confidence 3; fossil prices partly exogenous so confidence capped at 4."
"Policy_Stringency","Fossil_Price_Pressure","Medium","Medium","0","3","Policy stringency affects fossil demand and exposure; Low policy supports High fossil price pressure and hinders Low, High policy supports Low pressure and hinders High; corner cells ±2 with confidence 4, medium/off-diagonal ±1 or 0 with confidence 3; fossil prices partly exogenous so confidence capped at 4."
"Policy_Stringency","Fossil_Price_Pressure","Medium","High","1","3","Policy stringency affects fossil demand and exposure; Low policy supports High fossil price pressure and hinders Low, High policy supports Low pressure and hinders High; corner cells ±2 with confidence 4, medium/off-diagonal ±1 or 0 with confidence 3; fossil prices partly exogenous so confidence capped at 4."
"Policy_Stringency","Fossil_Price_Pressure","High","Low","2","4","Policy stringency affects fossil demand and exposure; Low policy supports High fossil price pressure and hinders Low, High policy supports Low pressure and hinders High; corner cells ±2 with confidence 4, medium/off-diagonal ±1 or 0 with confidence 3; fossil prices partly exogenous so confidence capped at 4."
"Policy_Stringency","Fossil_Price_Pressure","High","Medium","0","3","Policy stringency affects fossil demand and exposure; Low policy supports High fossil price pressure and hinders Low, High policy supports Low pressure and hinders High; corner cells ±2 with confidence 4, medium/off-diagonal ±1 or 0 with confidence 3; fossil prices partly exogenous so confidence capped at 4."
"Policy_Stringency","Fossil_Price_Pressure","High","High","-2","4","Policy stringency affects fossil demand and exposure; Low policy supports High fossil price pressure and hinders Low, High policy supports Low pressure and hinders High; corner cells ±2 with confidence 4, medium/off-diagonal ±1 or 0 with confidence 3; fossil prices partly exogenous so confidence capped at 4."
"Policy_Stringency","Public_Acceptance","Low","Low","2","4","Policy stringency drives acceptance along the ordinal scale—low policy supports low and hinders high acceptance; high policy hinders low and supports medium/high acceptance; diagonal and adjacent cells aligned; confidences 2–4 reflect mixed evidence on backlash and strongest evidence on extreme cells."
"Policy_Stringency","Public_Acceptance","Low","Medium","0","2","Policy stringency drives acceptance along the ordinal scale—low policy supports low and hinders high acceptance; high policy hinders low and supports medium/high acceptance; diagonal and adjacent cells aligned; confidences 2–4 reflect mixed evidence on backlash and strongest evidence on extreme cells."
"Policy_Stringency","Public_Acceptance","Low","High","-2","4","Policy stringency drives acceptance along the ordinal scale—low policy supports low and hinders high acceptance; high policy hinders low and supports medium/high acceptance; diagonal and adjacent cells aligned; confidences 2–4 reflect mixed evidence on backlash and strongest evidence on extreme cells."
"Policy_Stringency","Public_Acceptance","Medium","Low","-1","3","Policy stringency drives acceptance along the ordinal scale—low policy supports low and hinders high acceptance; high policy hinders low and supports medium/high acceptance; diagonal and adjacent cells aligned; confidences 2–4 reflect mixed evidence on backlash and strongest evidence on extreme cells."
"Policy_Stringency","Public_Acceptance","Medium","Medium","2","3","Policy stringency drives acceptance along the ordinal scale—low policy supports low and hinders high acceptance; high policy hinders low and supports medium/high acceptance; diagonal and adjacent cells aligned; confidences 2–4 reflect mixed evidence on backlash and strongest evidence on extreme cells."
"Policy_Stringency","Public_Acceptance","Medium","High","1","3","Policy stringency drives acceptance along the ordinal scale—low policy supports low and hinders high acceptance; high policy hinders low and supports medium/high acceptance; diagonal and adjacent cells aligned; confidences 2–4 reflect mixed evidence on backlash and strongest evidence on extreme cells."
"Policy_Stringency","Public_Acceptance","High","Low","-2","4","Policy stringency drives acceptance along the ordinal scale—low policy supports low and hinders high acceptance; high policy hinders low and supports medium/high acceptance; diagonal and adjacent cells aligned; confidences 2–4 reflect mixed evidence on backlash and strongest evidence on extreme cells."
"Policy_Stringency","Public_Acceptance","High","Medium","2","3","Policy stringency drives acceptance along the ordinal scale—low policy supports low and hinders high acceptance; high policy hinders low and supports medium/high acceptance; diagonal and adjacent cells aligned; confidences 2–4 reflect mixed evidence on backlash and strongest evidence on extreme cells."
"Policy_Stringency","Public_Acceptance","High","High","2","4","Policy stringency drives acceptance along the ordinal scale—low policy supports low and hinders high acceptance; high policy hinders low and supports medium/high acceptance; diagonal and adjacent cells aligned; confidences 2–4 reflect mixed evidence on backlash and strongest evidence on extreme cells."
"Policy_Stringency","Land_Use_Conflict","Low","High","-2","4","Stricter policy increases deployment pressure and land demand, supporting higher land-use conflict and hindering low conflict; low policy does the opposite; medium policy aligns with medium conflict; effect of medium policy on low conflict left ambiguous (0)."
"Policy_Stringency","Land_Use_Conflict","Low","Medium","0","3","Stricter policy increases deployment pressure and land demand, supporting higher land-use conflict and hindering low conflict; low policy does the opposite; medium policy aligns with medium conflict; effect of medium policy on low conflict left ambiguous (0)."
"Policy_Stringency","Land_Use_Conflict","Low","Low","2","4","Stricter policy increases deployment pressure and land demand, supporting higher land-use conflict and hindering low conflict; low policy does the opposite; medium policy aligns with medium conflict; effect of medium policy on low conflict left ambiguous (0)."
"Policy_Stringency","Land_Use_Conflict","Medium","High","-1","3","Stricter policy increases deployment pressure and land demand, supporting higher land-use conflict and hindering low conflict; low policy does the opposite; medium policy aligns with medium conflict; effect of medium policy on low conflict left ambiguous (0)."
"Policy_Stringency","Land_Use_Conflict","Medium","Medium","1","4","Stricter policy increases deployment pressure and land demand, supporting higher land-use conflict and hindering low conflict; low policy does the opposite; medium policy aligns with medium conflict; effect of medium policy on low conflict left ambiguous (0)."
"Policy_Stringency","Land_Use_Conflict","Medium","Low","0","3","Stricter policy increases deployment pressure and land demand, supporting higher land-use conflict and hindering low conflict; low policy does the opposite; medium policy aligns with medium conflict; effect of medium policy on low conflict left ambiguous (0)."
"Policy_Stringency","Land_Use_Conflict","High","High","2","4","Stricter policy increases deployment pressure and land demand, supporting higher land-use conflict and hindering low conflict; low policy does the opposite; medium policy aligns with medium conflict; effect of medium policy on low conflict left ambiguous (0)."
"Policy_Stringency","Land_Use_Conflict","High","Medium","1","3","Stricter policy increases deployment pressure and land demand, supporting higher land-use conflict and hindering low conflict; low policy does the opposite; medium policy aligns with medium conflict; effect of medium policy on low conflict left ambiguous (0)."
"Policy_Stringency","Land_Use_Conflict","High","Low","-2","4","Stricter policy increases deployment pressure and land demand, supporting higher land-use conflict and hindering low conflict; low policy does the opposite; medium policy aligns with medium conflict; effect of medium policy on low conflict left ambiguous (0)."
"Policy_Stringency","EU_Policy_Alignment","Low","Low","2","4","Germany's policy stringency drives EU policy alignment: diagonal supported (Low–Low +2, Medium–Medium +1, High–High +2); opposite corners hinder (Low–High −2, High–Low −2); Medium supports move to High (+1) and hinders Low (−1); High hinders EU staying at Medium (−1); confidence 4 on main diagonal corners and opposite corners, 2 on Low–Medium (ambiguous), 3 elsewhere."
"Policy_Stringency","EU_Policy_Alignment","Low","Medium","0","2","Germany's policy stringency drives EU policy alignment: diagonal supported (Low–Low +2, Medium–Medium +1, High–High +2); opposite corners hinder (Low–High −2, High–Low −2); Medium supports move to High (+1) and hinders Low (−1); High hinders EU staying at Medium (−1); confidence 4 on main diagonal corners and opposite corners, 2 on Low–Medium (ambiguous), 3 elsewhere."
"Policy_Stringency","EU_Policy_Alignment","Low","High","-2","4","Germany's policy stringency drives EU policy alignment: diagonal supported (Low–Low +2, Medium–Medium +1, High–High +2); opposite corners hinder (Low–High −2, High–Low −2); Medium supports move to High (+1) and hinders Low (−1); High hinders EU staying at Medium (−1); confidence 4 on main diagonal corners and opposite corners, 2 on Low–Medium (ambiguous), 3 elsewhere."
"Policy_Stringency","EU_Policy_Alignment","Medium","Low","-1","3","Germany's policy stringency drives EU policy alignment: diagonal supported (Low–Low +2, Medium–Medium +1, High–High +2); opposite corners hinder (Low–High −2, High–Low −2); Medium supports move to High (+1) and hinders Low (−1); High hinders EU staying at Medium (−1); confidence 4 on main diagonal corners and opposite corners, 2 on Low–Medium (ambiguous), 3 elsewhere."
"Policy_Stringency","EU_Policy_Alignment","Medium","Medium","1","3","Germany's policy stringency drives EU policy alignment: diagonal supported (Low–Low +2, Medium–Medium +1, High–High +2); opposite corners hinder (Low–High −2, High–Low −2); Medium supports move to High (+1) and hinders Low (−1); High hinders EU staying at Medium (−1); confidence 4 on main diagonal corners and opposite corners, 2 on Low–Medium (ambiguous), 3 elsewhere."
"Policy_Stringency","EU_Policy_Alignment","Medium","High","1","3","Germany's policy stringency drives EU policy alignment: diagonal supported (Low–Low +2, Medium–Medium +1, High–High +2); opposite corners hinder (Low–High −2, High–Low −2); Medium supports move to High (+1) and hinders Low (−1); High hinders EU staying at Medium (−1); confidence 4 on main diagonal corners and opposite corners, 2 on Low–Medium (ambiguous), 3 elsewhere."
"Policy_Stringency","EU_Policy_Alignment","High","Low","-2","4","Germany's policy stringency drives EU policy alignment: diagonal supported (Low–Low +2, Medium–Medium +1, High–High +2); opposite corners hinder (Low–High −2, High–Low −2); Medium supports move to High (+1) and hinders Low (−1); High hinders EU staying at Medium (−1); confidence 4 on main diagonal corners and opposite corners, 2 on Low–Medium (ambiguous), 3 elsewhere."
"Policy_Stringency","EU_Policy_Alignment","High","Medium","-1","3","Germany's policy stringency drives EU policy alignment: diagonal supported (Low–Low +2, Medium–Medium +1, High–High +2); opposite corners hinder (Low–High −2, High–Low −2); Medium supports move to High (+1) and hinders Low (−1); High hinders EU staying at Medium (−1); confidence 4 on main diagonal corners and opposite corners, 2 on Low–Medium (ambiguous), 3 elsewhere."
"Policy_Stringency","EU_Policy_Alignment","High","High","2","4","Germany's policy stringency drives EU policy alignment: diagonal supported (Low–Low +2, Medium–Medium +1, High–High +2); opposite corners hinder (Low–High −2, High–Low −2); Medium supports move to High (+1) and hinders Low (−1); High hinders EU staying at Medium (−1); confidence 4 on main diagonal corners and opposite corners, 2 on Low–Medium (ambiguous), 3 elsewhere."
"Policy_Stringency","Energy_Security_Pressure","Low","Low","-2","4","Strong policy stringency reduces fossil dependence and supports diversification, lowering effective energy security pressure; weak policy maintains exposure and supports high pressure; panel agrees on directional grid with confidence 3–4."
"Policy_Stringency","Energy_Security_Pressure","Low","Medium","1","3","Strong policy stringency reduces fossil dependence and supports diversification, lowering effective energy security pressure; weak policy maintains exposure and supports high pressure; panel agrees on directional grid with confidence 3–4."
"Policy_Stringency","Energy_Security_Pressure","Low","High","2","4","Strong policy stringency reduces fossil dependence and supports diversification, lowering effective energy security pressure; weak policy maintains exposure and supports high pressure; panel agrees on directional grid with confidence 3–4."
"Policy_Stringency","Energy_Security_Pressure","Medium","Low","1","3","Strong policy stringency reduces fossil dependence and supports diversification, lowering effective energy security pressure; weak policy maintains exposure and supports high pressure; panel agrees on directional grid with confidence 3–4."
"Policy_Stringency","Energy_Security_Pressure","Medium","Medium","1","3","Strong policy stringency reduces fossil dependence and supports diversification, lowering effective energy security pressure; weak policy maintains exposure and supports high pressure; panel agrees on directional grid with confidence 3–4."
"Policy_Stringency","Energy_Security_Pressure","Medium","High","0","3","Strong policy stringency reduces fossil dependence and supports diversification, lowering effective energy security pressure; weak policy maintains exposure and supports high pressure; panel agrees on directional grid with confidence 3–4."
"Policy_Stringency","Energy_Security_Pressure","High","Low","2","4","Strong policy stringency reduces fossil dependence and supports diversification, lowering effective energy security pressure; weak policy maintains exposure and supports high pressure; panel agrees on directional grid with confidence 3–4."
"Policy_Stringency","Energy_Security_Pressure","High","Medium","0","3","Strong policy stringency reduces fossil dependence and supports diversification, lowering effective energy security pressure; weak policy maintains exposure and supports high pressure; panel agrees on directional grid with confidence 3–4."
"Policy_Stringency","Energy_Security_Pressure","High","High","-2","4","Strong policy stringency reduces fossil dependence and supports diversification, lowering effective energy security pressure; weak policy maintains exposure and supports high pressure; panel agrees on directional grid with confidence 3–4."
"Policy_Stringency","Investment_Availability","Low","Low","2","4","Policy stringency signals regulatory certainty and demand for transition capital; strong policy supports high investment and hinders low, weak policy supports low and hinders high; diagonal consistency and strongest effects on High–High and High–Low with high confidence."
"Policy_Stringency","Investment_Availability","Low","Medium","0","3","Policy stringency signals regulatory certainty and demand for transition capital; strong policy supports high investment and hinders low, weak policy supports low and hinders high; diagonal consistency and strongest effects on High–High and High–Low with high confidence."
"Policy_Stringency","Investment_Availability","Low","High","-2","4","Policy stringency signals regulatory certainty and demand for transition capital; strong policy supports high investment and hinders low, weak policy supports low and hinders high; diagonal consistency and strongest effects on High–High and High–Low with high confidence."
"Policy_Stringency","Investment_Availability","Medium","Low","-1","3","Policy stringency signals regulatory certainty and demand for transition capital; strong policy supports high investment and hinders low, weak policy supports low and hinders high; diagonal consistency and strongest effects on High–High and High–Low with high confidence."
"Policy_Stringency","Investment_Availability","Medium","Medium","2","4","Policy stringency signals regulatory certainty and demand for transition capital; strong policy supports high investment and hinders low, weak policy supports low and hinders high; diagonal consistency and strongest effects on High–High and High–Low with high confidence."
"Policy_Stringency","Investment_Availability","Medium","High","1","4","Policy stringency signals regulatory certainty and demand for transition capital; strong policy supports high investment and hinders low, weak policy supports low and hinders high; diagonal consistency and strongest effects on High–High and High–Low with high confidence."
"Policy_Stringency","Investment_Availability","High","Low","-2","5","Policy stringency signals regulatory certainty and demand for transition capital; strong policy supports high investment and hinders low, weak policy supports low and hinders high; diagonal consistency and strongest effects on High–High and High–Low with high confidence."
"Policy_Stringency","Investment_Availability","High","Medium","0","3","Policy stringency signals regulatory certainty and demand for transition capital; strong policy supports high investment and hinders low, weak policy supports low and hinders high; diagonal consistency and strongest effects on High–High and High–Low with high confidence."
"Policy_Stringency","Investment_Availability","High","High","3","5","Policy stringency signals regulatory certainty and demand for transition capital; strong policy supports high investment and hinders low, weak policy supports low and hinders high; diagonal consistency and strongest effects on High–High and High–Low with high confidence."
"Permitting_Pace","Decarbonisation_Outcome","Slow","High emissions","2","5","Slow permitting supports high emissions and hinders net-zero; fast permitting supports net-zero and hinders high emissions; medium permitting aligns with medium outcome; diagonal and strong off-diagonal cells scored with high confidence."
"Permitting_Pace","Decarbonisation_Outcome","Slow","Medium","1","4","Slow permitting supports high emissions and hinders net-zero; fast permitting supports net-zero and hinders high emissions; medium permitting aligns with medium outcome; diagonal and strong off-diagonal cells scored with high confidence."
"Permitting_Pace","Decarbonisation_Outcome","Slow","Net-zero aligned","-2","5","Slow permitting supports high emissions and hinders net-zero; fast permitting supports net-zero and hinders high emissions; medium permitting aligns with medium outcome; diagonal and strong off-diagonal cells scored with high confidence."
"Permitting_Pace","Decarbonisation_Outcome","Medium","High emissions","0","3","Slow permitting supports high emissions and hinders net-zero; fast permitting supports net-zero and hinders high emissions; medium permitting aligns with medium outcome; diagonal and strong off-diagonal cells scored with high confidence."
"Permitting_Pace","Decarbonisation_Outcome","Medium","Medium","2","4","Slow permitting supports high emissions and hinders net-zero; fast permitting supports net-zero and hinders high emissions; medium permitting aligns with medium outcome; diagonal and strong off-diagonal cells scored with high confidence."
"Permitting_Pace","Decarbonisation_Outcome","Medium","Net-zero aligned","1","4","Slow permitting supports high emissions and hinders net-zero; fast permitting supports net-zero and hinders high emissions; medium permitting aligns with medium outcome; diagonal and strong off-diagonal cells scored with high confidence."
"Permitting_Pace","Decarbonisation_Outcome","Fast","High emissions","-2","5","Slow permitting supports high emissions and hinders net-zero; fast permitting supports net-zero and hinders high emissions; medium permitting aligns with medium outcome; diagonal and strong off-diagonal cells scored with high confidence."
"Permitting_Pace","Decarbonisation_Outcome","Fast","Medium","-1","3","Slow permitting supports high emissions and hinders net-zero; fast permitting supports net-zero and hinders high emissions; medium permitting aligns with medium outcome; diagonal and strong off-diagonal cells scored with high confidence."
"Permitting_Pace","Decarbonisation_Outcome","Fast","Net-zero aligned","2","4","Slow permitting supports high emissions and hinders net-zero; fast permitting supports net-zero and hinders high emissions; medium permitting aligns with medium outcome; diagonal and strong off-diagonal cells scored with high confidence."
"Permitting_Pace","Policy_Stringency","Slow","Low","2","4","Permitting pace as implementation signal: Slow supports Low and hinders High; Fast hinders Low and supports High; Medium supports Medium and weakly supports High; diagonal and opposite cells strongest with confidence 4."
"Permitting_Pace","Policy_Stringency","Slow","Medium","0","3","Permitting pace as implementation signal: Slow supports Low and hinders High; Fast hinders Low and supports High; Medium supports Medium and weakly supports High; diagonal and opposite cells strongest with confidence 4."
"Permitting_Pace","Policy_Stringency","Slow","High","-2","4","Permitting pace as implementation signal: Slow supports Low and hinders High; Fast hinders Low and supports High; Medium supports Medium and weakly supports High; diagonal and opposite cells strongest with confidence 4."
"Permitting_Pace","Policy_Stringency","Medium","Low","0","3","Permitting pace as implementation signal: Slow supports Low and hinders High; Fast hinders Low and supports High; Medium supports Medium and weakly supports High; diagonal and opposite cells strongest with confidence 4."
"Permitting_Pace","Policy_Stringency","Medium","Medium","1","4","Permitting pace as implementation signal: Slow supports Low and hinders High; Fast hinders Low and supports High; Medium supports Medium and weakly supports High; diagonal and opposite cells strongest with confidence 4."
"Permitting_Pace","Policy_Stringency","Medium","High","1","3","Permitting pace as implementation signal: Slow supports Low and hinders High; Fast hinders Low and supports High; Medium supports Medium and weakly supports High; diagonal and opposite cells strongest with confidence 4."
"Permitting_Pace","Policy_Stringency","Fast","Low","-2","4","Permitting pace as implementation signal: Slow supports Low and hinders High; Fast hinders Low and supports High; Medium supports Medium and weakly supports High; diagonal and opposite cells strongest with confidence 4."
"Permitting_Pace","Policy_Stringency","Fast","Medium","0","3","Permitting pace as implementation signal: Slow supports Low and hinders High; Fast hinders Low and supports High; Medium supports Medium and weakly supports High; diagonal and opposite cells strongest with confidence 4."
"Permitting_Pace","Policy_Stringency","Fast","High","2","4","Permitting pace as implementation signal: Slow supports Low and hinders High; Fast hinders Low and supports High; Medium supports Medium and weakly supports High; diagonal and opposite cells strongest with confidence 4."
"Permitting_Pace","Renewables_Deployment","Slow","Low","2","5","Permitting pace is a direct enabler for renewables deployment; Slow supports Low and hinders High (scores +2, −2, −3), Fast supports High and hinders Low (−3, +2, +3); Medium supports Medium (+2) with moderate confidence on off-diagonals (−1, +1); high confidence on main diagonal and extremes."
"Permitting_Pace","Renewables_Deployment","Slow","Medium","-2","4","Permitting pace is a direct enabler for renewables deployment; Slow supports Low and hinders High (scores +2, −2, −3), Fast supports High and hinders Low (−3, +2, +3); Medium supports Medium (+2) with moderate confidence on off-diagonals (−1, +1); high confidence on main diagonal and extremes."
"Permitting_Pace","Renewables_Deployment","Slow","High","-3","5","Permitting pace is a direct enabler for renewables deployment; Slow supports Low and hinders High (scores +2, −2, −3), Fast supports High and hinders Low (−3, +2, +3); Medium supports Medium (+2) with moderate confidence on off-diagonals (−1, +1); high confidence on main diagonal and extremes."
"Permitting_Pace","Renewables_Deployment","Medium","Low","-1","3","Permitting pace is a direct enabler for renewables deployment; Slow supports Low and hinders High (scores +2, −2, −3), Fast supports High and hinders Low (−3, +2, +3); Medium supports Medium (+2) with moderate confidence on off-diagonals (−1, +1); high confidence on main diagonal and extremes."
"Permitting_Pace","Renewables_Deployment","Medium","Medium","2","4","Permitting pace is a direct enabler for renewables deployment; Slow supports Low and hinders High (scores +2, −2, −3), Fast supports High and hinders Low (−3, +2, +3); Medium supports Medium (+2) with moderate confidence on off-diagonals (−1, +1); high confidence on main diagonal and extremes."
"Permitting_Pace","Renewables_Deployment","Medium","High","1","3","Permitting pace is a direct enabler for renewables deployment; Slow supports Low and hinders High (scores +2, −2, −3), Fast supports High and hinders Low (−3, +2, +3); Medium supports Medium (+2) with moderate confidence on off-diagonals (−1, +1); high confidence on main diagonal and extremes."
"Permitting_Pace","Renewables_Deployment","Fast","Low","-3","5","Permitting pace is a direct enabler for renewables deployment; Slow supports Low and hinders High (scores +2, −2, −3), Fast supports High and hinders Low (−3, +2, +3); Medium supports Medium (+2) with moderate confidence on off-diagonals (−1, +1); high confidence on main diagonal and extremes."
"Permitting_Pace","Renewables_Deployment","Fast","Medium","2","4","Permitting pace is a direct enabler for renewables deployment; Slow supports Low and hinders High (scores +2, −2, −3), Fast supports High and hinders Low (−3, +2, +3); Medium supports Medium (+2) with moderate confidence on off-diagonals (−1, +1); high confidence on main diagonal and extremes."
"Permitting_Pace","Renewables_Deployment","Fast","High","3","5","Permitting pace is a direct enabler for renewables deployment; Slow supports Low and hinders High (scores +2, −2, −3), Fast supports High and hinders Low (−3, +2, +3); Medium supports Medium (+2) with moderate confidence on off-diagonals (−1, +1); high confidence on main diagonal and extremes."
"Permitting_Pace","Technology_Costs","Slow","High","2","4","Permitting pace affects technology costs via deployment and learning-by-doing; slow permitting supports high costs and hinders low costs, fast permitting the reverse; medium permitting has intermediate effect; confidence 4 on main diagonal cells, 3 elsewhere given Germany is one of several global markets."
"Permitting_Pace","Technology_Costs","Slow","Medium","1","3","Permitting pace affects technology costs via deployment and learning-by-doing; slow permitting supports high costs and hinders low costs, fast permitting the reverse; medium permitting has intermediate effect; confidence 4 on main diagonal cells, 3 elsewhere given Germany is one of several global markets."
"Permitting_Pace","Technology_Costs","Slow","Low","-2","4","Permitting pace affects technology costs via deployment and learning-by-doing; slow permitting supports high costs and hinders low costs, fast permitting the reverse; medium permitting has intermediate effect; confidence 4 on main diagonal cells, 3 elsewhere given Germany is one of several global markets."
"Permitting_Pace","Technology_Costs","Medium","High","1","3","Permitting pace affects technology costs via deployment and learning-by-doing; slow permitting supports high costs and hinders low costs, fast permitting the reverse; medium permitting has intermediate effect; confidence 4 on main diagonal cells, 3 elsewhere given Germany is one of several global markets."
"Permitting_Pace","Technology_Costs","Medium","Medium","0","3","Permitting pace affects technology costs via deployment and learning-by-doing; slow permitting supports high costs and hinders low costs, fast permitting the reverse; medium permitting has intermediate effect; confidence 4 on main diagonal cells, 3 elsewhere given Germany is one of several global markets."
"Permitting_Pace","Technology_Costs","Medium","Low","1","3","Permitting pace affects technology costs via deployment and learning-by-doing; slow permitting supports high costs and hinders low costs, fast permitting the reverse; medium permitting has intermediate effect; confidence 4 on main diagonal cells, 3 elsewhere given Germany is one of several global markets."
"Permitting_Pace","Technology_Costs","Fast","High","-2","4","Permitting pace affects technology costs via deployment and learning-by-doing; slow permitting supports high costs and hinders low costs, fast permitting the reverse; medium permitting has intermediate effect; confidence 4 on main diagonal cells, 3 elsewhere given Germany is one of several global markets."
"Permitting_Pace","Technology_Costs","Fast","Medium","-1","3","Permitting pace affects technology costs via deployment and learning-by-doing; slow permitting supports high costs and hinders low costs, fast permitting the reverse; medium permitting has intermediate effect; confidence 4 on main diagonal cells, 3 elsewhere given Germany is one of several global markets."
"Permitting_Pace","Technology_Costs","Fast","Low","2","4","Permitting pace affects technology costs via deployment and learning-by-doing; slow permitting supports high costs and hinders low costs, fast permitting the reverse; medium permitting has intermediate effect; confidence 4 on main diagonal cells, 3 elsewhere given Germany is one of several global markets."
"Permitting_Pace","Hydrogen_Role","Slow","Limited","2","4","Permitting pace is a key enabler/barrier for hydrogen scale: Slow supports Limited and hinders Moderate/Major; Fast hinders Limited and supports Moderate/Major; Medium supports Moderate and weakly supports Major; only Medium→Limited left neutral with low confidence."
"Permitting_Pace","Hydrogen_Role","Slow","Moderate","-2","4","Permitting pace is a key enabler/barrier for hydrogen scale: Slow supports Limited and hinders Moderate/Major; Fast hinders Limited and supports Moderate/Major; Medium supports Moderate and weakly supports Major; only Medium→Limited left neutral with low confidence."
"Permitting_Pace","Hydrogen_Role","Slow","Major","-3","4","Permitting pace is a key enabler/barrier for hydrogen scale: Slow supports Limited and hinders Moderate/Major; Fast hinders Limited and supports Moderate/Major; Medium supports Moderate and weakly supports Major; only Medium→Limited left neutral with low confidence."
"Permitting_Pace","Hydrogen_Role","Medium","Limited","0","2","Permitting pace is a key enabler/barrier for hydrogen scale: Slow supports Limited and hinders Moderate/Major; Fast hinders Limited and supports Moderate/Major; Medium supports Moderate and weakly supports Major; only Medium→Limited left neutral with low confidence."
"Permitting_Pace","Hydrogen_Role","Medium","Moderate","2","4","Permitting pace is a key enabler/barrier for hydrogen scale: Slow supports Limited and hinders Moderate/Major; Fast hinders Limited and supports Moderate/Major; Medium supports Moderate and weakly supports Major; only Medium→Limited left neutral with low confidence."
"Permitting_Pace","Hydrogen_Role","Medium","Major","1","3","Permitting pace is a key enabler/barrier for hydrogen scale: Slow supports Limited and hinders Moderate/Major; Fast hinders Limited and supports Moderate/Major; Medium supports Moderate and weakly supports Major; only Medium→Limited left neutral with low confidence."
"Permitting_Pace","Hydrogen_Role","Fast","Limited","-2","4","Permitting pace is a key enabler/barrier for hydrogen scale: Slow supports Limited and hinders Moderate/Major; Fast hinders Limited and supports Moderate/Major; Medium supports Moderate and weakly supports Major; only Medium→Limited left neutral with low confidence."
"Permitting_Pace","Hydrogen_Role","Fast","Moderate","2","4","Permitting pace is a key enabler/barrier for hydrogen scale: Slow supports Limited and hinders Moderate/Major; Fast hinders Limited and supports Moderate/Major; Medium supports Moderate and weakly supports Major; only Medium→Limited left neutral with low confidence."
"Permitting_Pace","Hydrogen_Role","Fast","Major","2","4","Permitting pace is a key enabler/barrier for hydrogen scale: Slow supports Limited and hinders Moderate/Major; Fast hinders Limited and supports Moderate/Major; Medium supports Moderate and weakly supports Major; only Medium→Limited left neutral with low confidence."
"Permitting_Pace","Grid_Development","Slow","Lagging","2","5","Permitting pace is a major enabler of grid development: Slow supports Lagging and hinders Strong, Fast supports Strong and hinders Lagging, Medium aligns with Moderate; diagonal and strong off-diagonals confidence 4–5, mixed cells 3."
"Permitting_Pace","Grid_Development","Slow","Moderate","-1","4","Permitting pace is a major enabler of grid development: Slow supports Lagging and hinders Strong, Fast supports Strong and hinders Lagging, Medium aligns with Moderate; diagonal and strong off-diagonals confidence 4–5, mixed cells 3."
"Permitting_Pace","Grid_Development","Slow","Strong","-2","5","Permitting pace is a major enabler of grid development: Slow supports Lagging and hinders Strong, Fast supports Strong and hinders Lagging, Medium aligns with Moderate; diagonal and strong off-diagonals confidence 4–5, mixed cells 3."
"Permitting_Pace","Grid_Development","Medium","Lagging","0","3","Permitting pace is a major enabler of grid development: Slow supports Lagging and hinders Strong, Fast supports Strong and hinders Lagging, Medium aligns with Moderate; diagonal and strong off-diagonals confidence 4–5, mixed cells 3."
"Permitting_Pace","Grid_Development","Medium","Moderate","2","4","Permitting pace is a major enabler of grid development: Slow supports Lagging and hinders Strong, Fast supports Strong and hinders Lagging, Medium aligns with Moderate; diagonal and strong off-diagonals confidence 4–5, mixed cells 3."
"Permitting_Pace","Grid_Development","Medium","Strong","1","3","Permitting pace is a major enabler of grid development: Slow supports Lagging and hinders Strong, Fast supports Strong and hinders Lagging, Medium aligns with Moderate; diagonal and strong off-diagonals confidence 4–5, mixed cells 3."
"Permitting_Pace","Grid_Development","Fast","Lagging","-2","5","Permitting pace is a major enabler of grid development: Slow supports Lagging and hinders Strong, Fast supports Strong and hinders Lagging, Medium aligns with Moderate; diagonal and strong off-diagonals confidence 4–5, mixed cells 3."
"Permitting_Pace","Grid_Development","Fast","Moderate","1","4","Permitting pace is a major enabler of grid development: Slow supports Lagging and hinders Strong, Fast supports Strong and hinders Lagging, Medium aligns with Moderate; diagonal and strong off-diagonals confidence 4–5, mixed cells 3."
"Permitting_Pace","Grid_Development","Fast","Strong","2","5","Permitting pace is a major enabler of grid development: Slow supports Lagging and hinders Strong, Fast supports Strong and hinders Lagging, Medium aligns with Moderate; diagonal and strong off-diagonals confidence 4–5, mixed cells 3."
"Permitting_Pace","Electrification_Pace","Slow","Slow","2","4","Permitting pace enables or constrains grid and generation build-out; congruent pairs (Slow→Slow, Medium→Medium, Fast→High) score positive; incongruent (Slow→High, Fast→Slow) negative; strongest confidence on 1.3 and 3.3."
"Permitting_Pace","Electrification_Pace","Slow","Medium","-1","4","Permitting pace enables or constrains grid and generation build-out; congruent pairs (Slow→Slow, Medium→Medium, Fast→High) score positive; incongruent (Slow→High, Fast→Slow) negative; strongest confidence on 1.3 and 3.3."
"Permitting_Pace","Electrification_Pace","Slow","High","-2","5","Permitting pace enables or constrains grid and generation build-out; congruent pairs (Slow→Slow, Medium→Medium, Fast→High) score positive; incongruent (Slow→High, Fast→Slow) negative; strongest confidence on 1.3 and 3.3."
"Permitting_Pace","Electrification_Pace","Medium","Slow","0","3","Permitting pace enables or constrains grid and generation build-out; congruent pairs (Slow→Slow, Medium→Medium, Fast→High) score positive; incongruent (Slow→High, Fast→Slow) negative; strongest confidence on 1.3 and 3.3."
"Permitting_Pace","Electrification_Pace","Medium","Medium","2","4","Permitting pace enables or constrains grid and generation build-out; congruent pairs (Slow→Slow, Medium→Medium, Fast→High) score positive; incongruent (Slow→High, Fast→Slow) negative; strongest confidence on 1.3 and 3.3."
"Permitting_Pace","Electrification_Pace","Medium","High","1","4","Permitting pace enables or constrains grid and generation build-out; congruent pairs (Slow→Slow, Medium→Medium, Fast→High) score positive; incongruent (Slow→High, Fast→Slow) negative; strongest confidence on 1.3 and 3.3."
"Permitting_Pace","Electrification_Pace","Fast","Slow","-2","4","Permitting pace enables or constrains grid and generation build-out; congruent pairs (Slow→Slow, Medium→Medium, Fast→High) score positive; incongruent (Slow→High, Fast→Slow) negative; strongest confidence on 1.3 and 3.3."
"Permitting_Pace","Electrification_Pace","Fast","Medium","1","3","Permitting pace enables or constrains grid and generation build-out; congruent pairs (Slow→Slow, Medium→Medium, Fast→High) score positive; incongruent (Slow→High, Fast→Slow) negative; strongest confidence on 1.3 and 3.3."
"Permitting_Pace","Electrification_Pace","Fast","High","2","5","Permitting pace enables or constrains grid and generation build-out; congruent pairs (Slow→Slow, Medium→Medium, Fast→High) score positive; incongruent (Slow→High, Fast→Slow) negative; strongest confidence on 1.3 and 3.3."
"Permitting_Pace","Industrial_Energy_Demand","Slow","High","-2","4","Permitting pace affects industrial energy demand via infrastructure supply: Slow hinders High demand (−2) and weakly supports Low (+1); Fast supports High (+2) and hinders Low (−1); Medium is neutral (0). Confidence 4 where direction is strong (1.1, 3.1, 3.3), 3 elsewhere; link is indirect so no 5."
"Permitting_Pace","Industrial_Energy_Demand","Slow","Medium","0","3","Permitting pace affects industrial energy demand via infrastructure supply: Slow hinders High demand (−2) and weakly supports Low (+1); Fast supports High (+2) and hinders Low (−1); Medium is neutral (0). Confidence 4 where direction is strong (1.1, 3.1, 3.3), 3 elsewhere; link is indirect so no 5."
"Permitting_Pace","Industrial_Energy_Demand","Slow","Low","1","3","Permitting pace affects industrial energy demand via infrastructure supply: Slow hinders High demand (−2) and weakly supports Low (+1); Fast supports High (+2) and hinders Low (−1); Medium is neutral (0). Confidence 4 where direction is strong (1.1, 3.1, 3.3), 3 elsewhere; link is indirect so no 5."
"Permitting_Pace","Industrial_Energy_Demand","Medium","High","0","3","Permitting pace affects industrial energy demand via infrastructure supply: Slow hinders High demand (−2) and weakly supports Low (+1); Fast supports High (+2) and hinders Low (−1); Medium is neutral (0). Confidence 4 where direction is strong (1.1, 3.1, 3.3), 3 elsewhere; link is indirect so no 5."
"Permitting_Pace","Industrial_Energy_Demand","Medium","Medium","0","3","Permitting pace affects industrial energy demand via infrastructure supply: Slow hinders High demand (−2) and weakly supports Low (+1); Fast supports High (+2) and hinders Low (−1); Medium is neutral (0). Confidence 4 where direction is strong (1.1, 3.1, 3.3), 3 elsewhere; link is indirect so no 5."
"Permitting_Pace","Industrial_Energy_Demand","Medium","Low","0","3","Permitting pace affects industrial energy demand via infrastructure supply: Slow hinders High demand (−2) and weakly supports Low (+1); Fast supports High (+2) and hinders Low (−1); Medium is neutral (0). Confidence 4 where direction is strong (1.1, 3.1, 3.3), 3 elsewhere; link is indirect so no 5."
"Permitting_Pace","Industrial_Energy_Demand","Fast","High","2","4","Permitting pace affects industrial energy demand via infrastructure supply: Slow hinders High demand (−2) and weakly supports Low (+1); Fast supports High (+2) and hinders Low (−1); Medium is neutral (0). Confidence 4 where direction is strong (1.1, 3.1, 3.3), 3 elsewhere; link is indirect so no 5."
"Permitting_Pace","Industrial_Energy_Demand","Fast","Medium","0","3","Permitting pace affects industrial energy demand via infrastructure supply: Slow hinders High demand (−2) and weakly supports Low (+1); Fast supports High (+2) and hinders Low (−1); Medium is neutral (0). Confidence 4 where direction is strong (1.1, 3.1, 3.3), 3 elsewhere; link is indirect so no 5."
"Permitting_Pace","Industrial_Energy_Demand","Fast","Low","-1","4","Permitting pace affects industrial energy demand via infrastructure supply: Slow hinders High demand (−2) and weakly supports Low (+1); Fast supports High (+2) and hinders Low (−1); Medium is neutral (0). Confidence 4 where direction is strong (1.1, 3.1, 3.3), 3 elsewhere; link is indirect so no 5."
"Permitting_Pace","Fossil_Price_Pressure","Slow","Low","-1","3","Permitting pace in Germany affects deployment and thus German fossil demand; Slow supports High fossil price pressure and hinders Low (scores ±1), Fast the reverse; Medium permitting neutral (all 0); confidence 3 on diagonal cells (demand channel), 2 elsewhere given DE-only impact on EU/global pressure."
"Permitting_Pace","Fossil_Price_Pressure","Slow","Medium","0","2","Permitting pace in Germany affects deployment and thus German fossil demand; Slow supports High fossil price pressure and hinders Low (scores ±1), Fast the reverse; Medium permitting neutral (all 0); confidence 3 on diagonal cells (demand channel), 2 elsewhere given DE-only impact on EU/global pressure."
"Permitting_Pace","Fossil_Price_Pressure","Slow","High","1","3","Permitting pace in Germany affects deployment and thus German fossil demand; Slow supports High fossil price pressure and hinders Low (scores ±1), Fast the reverse; Medium permitting neutral (all 0); confidence 3 on diagonal cells (demand channel), 2 elsewhere given DE-only impact on EU/global pressure."
"Permitting_Pace","Fossil_Price_Pressure","Medium","Low","0","2","Permitting pace in Germany affects deployment and thus German fossil demand; Slow supports High fossil price pressure and hinders Low (scores ±1), Fast the reverse; Medium permitting neutral (all 0); confidence 3 on diagonal cells (demand channel), 2 elsewhere given DE-only impact on EU/global pressure."
"Permitting_Pace","Fossil_Price_Pressure","Medium","Medium","0","2","Permitting pace in Germany affects deployment and thus German fossil demand; Slow supports High fossil price pressure and hinders Low (scores ±1), Fast the reverse; Medium permitting neutral (all 0); confidence 3 on diagonal cells (demand channel), 2 elsewhere given DE-only impact on EU/global pressure."
"Permitting_Pace","Fossil_Price_Pressure","Medium","High","0","2","Permitting pace in Germany affects deployment and thus German fossil demand; Slow supports High fossil price pressure and hinders Low (scores ±1), Fast the reverse; Medium permitting neutral (all 0); confidence 3 on diagonal cells (demand channel), 2 elsewhere given DE-only impact on EU/global pressure."
"Permitting_Pace","Fossil_Price_Pressure","Fast","Low","1","3","Permitting pace in Germany affects deployment and thus German fossil demand; Slow supports High fossil price pressure and hinders Low (scores ±1), Fast the reverse; Medium permitting neutral (all 0); confidence 3 on diagonal cells (demand channel), 2 elsewhere given DE-only impact on EU/global pressure."
"Permitting_Pace","Fossil_Price_Pressure","Fast","Medium","0","2","Permitting pace in Germany affects deployment and thus German fossil demand; Slow supports High fossil price pressure and hinders Low (scores ±1), Fast the reverse; Medium permitting neutral (all 0); confidence 3 on diagonal cells (demand channel), 2 elsewhere given DE-only impact on EU/global pressure."
"Permitting_Pace","Fossil_Price_Pressure","Fast","High","-1","3","Permitting pace in Germany affects deployment and thus German fossil demand; Slow supports High fossil price pressure and hinders Low (scores ±1), Fast the reverse; Medium permitting neutral (all 0); confidence 3 on diagonal cells (demand channel), 2 elsewhere given DE-only impact on EU/global pressure."
"Permitting_Pace","Public_Acceptance","Slow","Low","2","4","Slow permitting reinforces low acceptance and hinders high; fast permitting supports high and hinders low; medium supports medium; corners high confidence, off-diagonal weak or no effect with lower confidence."
"Permitting_Pace","Public_Acceptance","Slow","Medium","1","3","Slow permitting reinforces low acceptance and hinders high; fast permitting supports high and hinders low; medium supports medium; corners high confidence, off-diagonal weak or no effect with lower confidence."
"Permitting_Pace","Public_Acceptance","Slow","High","-2","4","Slow permitting reinforces low acceptance and hinders high; fast permitting supports high and hinders low; medium supports medium; corners high confidence, off-diagonal weak or no effect with lower confidence."
"Permitting_Pace","Public_Acceptance","Medium","Low","0","2","Slow permitting reinforces low acceptance and hinders high; fast permitting supports high and hinders low; medium supports medium; corners high confidence, off-diagonal weak or no effect with lower confidence."
"Permitting_Pace","Public_Acceptance","Medium","Medium","1","3","Slow permitting reinforces low acceptance and hinders high; fast permitting supports high and hinders low; medium supports medium; corners high confidence, off-diagonal weak or no effect with lower confidence."
"Permitting_Pace","Public_Acceptance","Medium","High","0","2","Slow permitting reinforces low acceptance and hinders high; fast permitting supports high and hinders low; medium supports medium; corners high confidence, off-diagonal weak or no effect with lower confidence."
"Permitting_Pace","Public_Acceptance","Fast","Low","-2","4","Slow permitting reinforces low acceptance and hinders high; fast permitting supports high and hinders low; medium supports medium; corners high confidence, off-diagonal weak or no effect with lower confidence."
"Permitting_Pace","Public_Acceptance","Fast","Medium","0","2","Slow permitting reinforces low acceptance and hinders high; fast permitting supports high and hinders low; medium supports medium; corners high confidence, off-diagonal weak or no effect with lower confidence."
"Permitting_Pace","Public_Acceptance","Fast","High","2","4","Slow permitting reinforces low acceptance and hinders high; fast permitting supports high and hinders low; medium supports medium; corners high confidence, off-diagonal weak or no effect with lower confidence."
"Permitting_Pace","Land_Use_Conflict","Slow","High","2","4","Slow permitting supports High land-use conflict and hinders Low (prolonged procedures and mobilisation); Fast permitting supports Low and hinders High; Medium permitting neutral; corner cells ±2 Conf 4, off-diagonal ±1 Conf 3, medium row 0 Conf 3."
"Permitting_Pace","Land_Use_Conflict","Slow","Medium","1","3","Slow permitting supports High land-use conflict and hinders Low (prolonged procedures and mobilisation); Fast permitting supports Low and hinders High; Medium permitting neutral; corner cells ±2 Conf 4, off-diagonal ±1 Conf 3, medium row 0 Conf 3."
"Permitting_Pace","Land_Use_Conflict","Slow","Low","-2","4","Slow permitting supports High land-use conflict and hinders Low (prolonged procedures and mobilisation); Fast permitting supports Low and hinders High; Medium permitting neutral; corner cells ±2 Conf 4, off-diagonal ±1 Conf 3, medium row 0 Conf 3."
"Permitting_Pace","Land_Use_Conflict","Medium","High","0","3","Slow permitting supports High land-use conflict and hinders Low (prolonged procedures and mobilisation); Fast permitting supports Low and hinders High; Medium permitting neutral; corner cells ±2 Conf 4, off-diagonal ±1 Conf 3, medium row 0 Conf 3."
"Permitting_Pace","Land_Use_Conflict","Medium","Medium","0","3","Slow permitting supports High land-use conflict and hinders Low (prolonged procedures and mobilisation); Fast permitting supports Low and hinders High; Medium permitting neutral; corner cells ±2 Conf 4, off-diagonal ±1 Conf 3, medium row 0 Conf 3."
"Permitting_Pace","Land_Use_Conflict","Medium","Low","0","3","Slow permitting supports High land-use conflict and hinders Low (prolonged procedures and mobilisation); Fast permitting supports Low and hinders High; Medium permitting neutral; corner cells ±2 Conf 4, off-diagonal ±1 Conf 3, medium row 0 Conf 3."
"Permitting_Pace","Land_Use_Conflict","Fast","High","-2","4","Slow permitting supports High land-use conflict and hinders Low (prolonged procedures and mobilisation); Fast permitting supports Low and hinders High; Medium permitting neutral; corner cells ±2 Conf 4, off-diagonal ±1 Conf 3, medium row 0 Conf 3."
"Permitting_Pace","Land_Use_Conflict","Fast","Medium","-1","3","Slow permitting supports High land-use conflict and hinders Low (prolonged procedures and mobilisation); Fast permitting supports Low and hinders High; Medium permitting neutral; corner cells ±2 Conf 4, off-diagonal ±1 Conf 3, medium row 0 Conf 3."
"Permitting_Pace","Land_Use_Conflict","Fast","Low","2","4","Slow permitting supports High land-use conflict and hinders Low (prolonged procedures and mobilisation); Fast permitting supports Low and hinders High; Medium permitting neutral; corner cells ±2 Conf 4, off-diagonal ±1 Conf 3, medium row 0 Conf 3."
"Permitting_Pace","EU_Policy_Alignment","Slow","Low","1","3","Slow DE permitting supports Low EU alignment and hinders High; Fast permitting hinders Low and supports High; Medium is mostly neutral; confidence higher on main-effect cells (Slow→Low/High, Fast→Low/High)."
"Permitting_Pace","EU_Policy_Alignment","Slow","Medium","0","2","Slow DE permitting supports Low EU alignment and hinders High; Fast permitting hinders Low and supports High; Medium is mostly neutral; confidence higher on main-effect cells (Slow→Low/High, Fast→Low/High)."
"Permitting_Pace","EU_Policy_Alignment","Slow","High","-2","3","Slow DE permitting supports Low EU alignment and hinders High; Fast permitting hinders Low and supports High; Medium is mostly neutral; confidence higher on main-effect cells (Slow→Low/High, Fast→Low/High)."
"Permitting_Pace","EU_Policy_Alignment","Medium","Low","0","2","Slow DE permitting supports Low EU alignment and hinders High; Fast permitting hinders Low and supports High; Medium is mostly neutral; confidence higher on main-effect cells (Slow→Low/High, Fast→Low/High)."
"Permitting_Pace","EU_Policy_Alignment","Medium","Medium","0","3","Slow DE permitting supports Low EU alignment and hinders High; Fast permitting hinders Low and supports High; Medium is mostly neutral; confidence higher on main-effect cells (Slow→Low/High, Fast→Low/High)."
"Permitting_Pace","EU_Policy_Alignment","Medium","High","1","2","Slow DE permitting supports Low EU alignment and hinders High; Fast permitting hinders Low and supports High; Medium is mostly neutral; confidence higher on main-effect cells (Slow→Low/High, Fast→Low/High)."
"Permitting_Pace","EU_Policy_Alignment","Fast","Low","-2","3","Slow DE permitting supports Low EU alignment and hinders High; Fast permitting hinders Low and supports High; Medium is mostly neutral; confidence higher on main-effect cells (Slow→Low/High, Fast→Low/High)."
"Permitting_Pace","EU_Policy_Alignment","Fast","Medium","0","2","Slow DE permitting supports Low EU alignment and hinders High; Fast permitting hinders Low and supports High; Medium is mostly neutral; confidence higher on main-effect cells (Slow→Low/High, Fast→Low/High)."
"Permitting_Pace","EU_Policy_Alignment","Fast","High","2","4","Slow DE permitting supports Low EU alignment and hinders High; Fast permitting hinders Low and supports High; Medium is mostly neutral; confidence higher on main-effect cells (Slow→Low/High, Fast→Low/High)."
"Permitting_Pace","Energy_Security_Pressure","Slow","Low","-2","4","Fast permitting supports low and hinders high energy security pressure; slow permitting hinders low and supports high pressure; corner cells scored ±2 with confidence 4, off-diagonals 0 or ±1 with confidence 3."
"Permitting_Pace","Energy_Security_Pressure","Slow","Medium","0","3","Fast permitting supports low and hinders high energy security pressure; slow permitting hinders low and supports high pressure; corner cells scored ±2 with confidence 4, off-diagonals 0 or ±1 with confidence 3."
"Permitting_Pace","Energy_Security_Pressure","Slow","High","2","4","Fast permitting supports low and hinders high energy security pressure; slow permitting hinders low and supports high pressure; corner cells scored ±2 with confidence 4, off-diagonals 0 or ±1 with confidence 3."
"Permitting_Pace","Energy_Security_Pressure","Medium","Low","-1","3","Fast permitting supports low and hinders high energy security pressure; slow permitting hinders low and supports high pressure; corner cells scored ±2 with confidence 4, off-diagonals 0 or ±1 with confidence 3."
"Permitting_Pace","Energy_Security_Pressure","Medium","Medium","0","3","Fast permitting supports low and hinders high energy security pressure; slow permitting hinders low and supports high pressure; corner cells scored ±2 with confidence 4, off-diagonals 0 or ±1 with confidence 3."
"Permitting_Pace","Energy_Security_Pressure","Medium","High","1","3","Fast permitting supports low and hinders high energy security pressure; slow permitting hinders low and supports high pressure; corner cells scored ±2 with confidence 4, off-diagonals 0 or ±1 with confidence 3."
"Permitting_Pace","Energy_Security_Pressure","Fast","Low","2","4","Fast permitting supports low and hinders high energy security pressure; slow permitting hinders low and supports high pressure; corner cells scored ±2 with confidence 4, off-diagonals 0 or ±1 with confidence 3."
"Permitting_Pace","Energy_Security_Pressure","Fast","Medium","0","3","Fast permitting supports low and hinders high energy security pressure; slow permitting hinders low and supports high pressure; corner cells scored ±2 with confidence 4, off-diagonals 0 or ±1 with confidence 3."
"Permitting_Pace","Energy_Security_Pressure","Fast","High","-2","4","Fast permitting supports low and hinders high energy security pressure; slow permitting hinders low and supports high pressure; corner cells scored ±2 with confidence 4, off-diagonals 0 or ±1 with confidence 3."
"Permitting_Pace","Investment_Availability","Slow","Low","2","4","Permitting pace influences investment via project risk and deployability: slow permitting supports Low and hinders High investment availability; fast permitting hinders Low and supports High; medium aligns with Medium; diagonal and opposite corners ±2 conf 4, off-diagonal ±1 or 0 conf 3."
"Permitting_Pace","Investment_Availability","Slow","Medium","1","3","Permitting pace influences investment via project risk and deployability: slow permitting supports Low and hinders High investment availability; fast permitting hinders Low and supports High; medium aligns with Medium; diagonal and opposite corners ±2 conf 4, off-diagonal ±1 or 0 conf 3."
"Permitting_Pace","Investment_Availability","Slow","High","-2","4","Permitting pace influences investment via project risk and deployability: slow permitting supports Low and hinders High investment availability; fast permitting hinders Low and supports High; medium aligns with Medium; diagonal and opposite corners ±2 conf 4, off-diagonal ±1 or 0 conf 3."
"Permitting_Pace","Investment_Availability","Medium","Low","-1","3","Permitting pace influences investment via project risk and deployability: slow permitting supports Low and hinders High investment availability; fast permitting hinders Low and supports High; medium aligns with Medium; diagonal and opposite corners ±2 conf 4, off-diagonal ±1 or 0 conf 3."
"Permitting_Pace","Investment_Availability","Medium","Medium","2","4","Permitting pace influences investment via project risk and deployability: slow permitting supports Low and hinders High investment availability; fast permitting hinders Low and supports High; medium aligns with Medium; diagonal and opposite corners ±2 conf 4, off-diagonal ±1 or 0 conf 3."
"Permitting_Pace","Investment_Availability","Medium","High","1","3","Permitting pace influences investment via project risk and deployability: slow permitting supports Low and hinders High investment availability; fast permitting hinders Low and supports High; medium aligns with Medium; diagonal and opposite corners ±2 conf 4, off-diagonal ±1 or 0 conf 3."
"Permitting_Pace","Investment_Availability","Fast","Low","-2","4","Permitting pace influences investment via project risk and deployability: slow permitting supports Low and hinders High investment availability; fast permitting hinders Low and supports High; medium aligns with Medium; diagonal and opposite corners ±2 conf 4, off-diagonal ±1 or 0 conf 3."
"Permitting_Pace","Investment_Availability","Fast","Medium","0","3","Permitting pace influences investment via project risk and deployability: slow permitting supports Low and hinders High investment availability; fast permitting hinders Low and supports High; medium aligns with Medium; diagonal and opposite corners ±2 conf 4, off-diagonal ±1 or 0 conf 3."
"Permitting_Pace","Investment_Availability","Fast","High","2","4","Permitting pace influences investment via project risk and deployability: slow permitting supports Low and hinders High investment availability; fast permitting hinders Low and supports High; medium aligns with Medium; diagonal and opposite corners ±2 conf 4, off-diagonal ±1 or 0 conf 3."
"Renewables_Deployment","Decarbonisation_Outcome","Low","High emissions","2","5","Renewables deployment directly drives German decarbonisation: low supports high/medium emissions and hinders net-zero; high strongly hinders high emissions and strongly supports net-zero; medium intermediate; highest confidence on extreme cells."
"Renewables_Deployment","Decarbonisation_Outcome","Low","Medium","1","4","Renewables deployment directly drives German decarbonisation: low supports high/medium emissions and hinders net-zero; high strongly hinders high emissions and strongly supports net-zero; medium intermediate; highest confidence on extreme cells."
"Renewables_Deployment","Decarbonisation_Outcome","Low","Net-zero aligned","-2","5","Renewables deployment directly drives German decarbonisation: low supports high/medium emissions and hinders net-zero; high strongly hinders high emissions and strongly supports net-zero; medium intermediate; highest confidence on extreme cells."
"Renewables_Deployment","Decarbonisation_Outcome","Medium","High emissions","-1","4","Renewables deployment directly drives German decarbonisation: low supports high/medium emissions and hinders net-zero; high strongly hinders high emissions and strongly supports net-zero; medium intermediate; highest confidence on extreme cells."
"Renewables_Deployment","Decarbonisation_Outcome","Medium","Medium","2","4","Renewables deployment directly drives German decarbonisation: low supports high/medium emissions and hinders net-zero; high strongly hinders high emissions and strongly supports net-zero; medium intermediate; highest confidence on extreme cells."
"Renewables_Deployment","Decarbonisation_Outcome","Medium","Net-zero aligned","1","4","Renewables deployment directly drives German decarbonisation: low supports high/medium emissions and hinders net-zero; high strongly hinders high emissions and strongly supports net-zero; medium intermediate; highest confidence on extreme cells."
"Renewables_Deployment","Decarbonisation_Outcome","High","High emissions","-3","5","Renewables deployment directly drives German decarbonisation: low supports high/medium emissions and hinders net-zero; high strongly hinders high emissions and strongly supports net-zero; medium intermediate; highest confidence on extreme cells."
"Renewables_Deployment","Decarbonisation_Outcome","High","Medium","-2","4","Renewables deployment directly drives German decarbonisation: low supports high/medium emissions and hinders net-zero; high strongly hinders high emissions and strongly supports net-zero; medium intermediate; highest confidence on extreme cells."
"Renewables_Deployment","Decarbonisation_Outcome","High","Net-zero aligned","3","5","Renewables deployment directly drives German decarbonisation: low supports high/medium emissions and hinders net-zero; high strongly hinders high emissions and strongly supports net-zero; medium intermediate; highest confidence on extreme cells."
"Renewables_Deployment","Policy_Stringency","Low","Low","2","4","Renewables deployment level influences policy stringency via lock-in and political economy: low deployment supports low policy and hinders high; medium supports medium and hinders reversion to low; high deployment strongly supports high policy and strongly hinders low, with moderate hinder to medium (lock-in). Low→High left 0/Conf 2 due to ambiguous pressure vs. blocked politics."
"Renewables_Deployment","Policy_Stringency","Low","Medium","1","3","Renewables deployment level influences policy stringency via lock-in and political economy: low deployment supports low policy and hinders high; medium supports medium and hinders reversion to low; high deployment strongly supports high policy and strongly hinders low, with moderate hinder to medium (lock-in). Low→High left 0/Conf 2 due to ambiguous pressure vs. blocked politics."
"Renewables_Deployment","Policy_Stringency","Low","High","0","2","Renewables deployment level influences policy stringency via lock-in and political economy: low deployment supports low policy and hinders high; medium supports medium and hinders reversion to low; high deployment strongly supports high policy and strongly hinders low, with moderate hinder to medium (lock-in). Low→High left 0/Conf 2 due to ambiguous pressure vs. blocked politics."
"Renewables_Deployment","Policy_Stringency","Medium","Low","-2","3","Renewables deployment level influences policy stringency via lock-in and political economy: low deployment supports low policy and hinders high; medium supports medium and hinders reversion to low; high deployment strongly supports high policy and strongly hinders low, with moderate hinder to medium (lock-in). Low→High left 0/Conf 2 due to ambiguous pressure vs. blocked politics."
"Renewables_Deployment","Policy_Stringency","Medium","Medium","2","4","Renewables deployment level influences policy stringency via lock-in and political economy: low deployment supports low policy and hinders high; medium supports medium and hinders reversion to low; high deployment strongly supports high policy and strongly hinders low, with moderate hinder to medium (lock-in). Low→High left 0/Conf 2 due to ambiguous pressure vs. blocked politics."
"Renewables_Deployment","Policy_Stringency","Medium","High","1","3","Renewables deployment level influences policy stringency via lock-in and political economy: low deployment supports low policy and hinders high; medium supports medium and hinders reversion to low; high deployment strongly supports high policy and strongly hinders low, with moderate hinder to medium (lock-in). Low→High left 0/Conf 2 due to ambiguous pressure vs. blocked politics."
"Renewables_Deployment","Policy_Stringency","High","Low","-3","5","Renewables deployment level influences policy stringency via lock-in and political economy: low deployment supports low policy and hinders high; medium supports medium and hinders reversion to low; high deployment strongly supports high policy and strongly hinders low, with moderate hinder to medium (lock-in). Low→High left 0/Conf 2 due to ambiguous pressure vs. blocked politics."
"Renewables_Deployment","Policy_Stringency","High","Medium","-1","3","Renewables deployment level influences policy stringency via lock-in and political economy: low deployment supports low policy and hinders high; medium supports medium and hinders reversion to low; high deployment strongly supports high policy and strongly hinders low, with moderate hinder to medium (lock-in). Low→High left 0/Conf 2 due to ambiguous pressure vs. blocked politics."
"Renewables_Deployment","Policy_Stringency","High","High","3","5","Renewables deployment level influences policy stringency via lock-in and political economy: low deployment supports low policy and hinders high; medium supports medium and hinders reversion to low; high deployment strongly supports high policy and strongly hinders low, with moderate hinder to medium (lock-in). Low→High left 0/Conf 2 due to ambiguous pressure vs. blocked politics."
"Renewables_Deployment","Permitting_Pace","Low","Slow","2","4","Deployment level acts as pressure on permitting—low deployment supports slow and hinders fast permitting; high deployment hinders slow and supports fast; medium deployment aligns with medium permitting; confidences higher for clear directional links (diagonal and corners)."
"Renewables_Deployment","Permitting_Pace","Low","Medium","0","2","Deployment level acts as pressure on permitting—low deployment supports slow and hinders fast permitting; high deployment hinders slow and supports fast; medium deployment aligns with medium permitting; confidences higher for clear directional links (diagonal and corners)."
"Renewables_Deployment","Permitting_Pace","Low","Fast","-2","4","Deployment level acts as pressure on permitting—low deployment supports slow and hinders fast permitting; high deployment hinders slow and supports fast; medium deployment aligns with medium permitting; confidences higher for clear directional links (diagonal and corners)."
"Renewables_Deployment","Permitting_Pace","Medium","Slow","-1","3","Deployment level acts as pressure on permitting—low deployment supports slow and hinders fast permitting; high deployment hinders slow and supports fast; medium deployment aligns with medium permitting; confidences higher for clear directional links (diagonal and corners)."
"Renewables_Deployment","Permitting_Pace","Medium","Medium","2","4","Deployment level acts as pressure on permitting—low deployment supports slow and hinders fast permitting; high deployment hinders slow and supports fast; medium deployment aligns with medium permitting; confidences higher for clear directional links (diagonal and corners)."
"Renewables_Deployment","Permitting_Pace","Medium","Fast","1","3","Deployment level acts as pressure on permitting—low deployment supports slow and hinders fast permitting; high deployment hinders slow and supports fast; medium deployment aligns with medium permitting; confidences higher for clear directional links (diagonal and corners)."
"Renewables_Deployment","Permitting_Pace","High","Slow","-2","4","Deployment level acts as pressure on permitting—low deployment supports slow and hinders fast permitting; high deployment hinders slow and supports fast; medium deployment aligns with medium permitting; confidences higher for clear directional links (diagonal and corners)."
"Renewables_Deployment","Permitting_Pace","High","Medium","-1","3","Deployment level acts as pressure on permitting—low deployment supports slow and hinders fast permitting; high deployment hinders slow and supports fast; medium deployment aligns with medium permitting; confidences higher for clear directional links (diagonal and corners)."
"Renewables_Deployment","Permitting_Pace","High","Fast","2","4","Deployment level acts as pressure on permitting—low deployment supports slow and hinders fast permitting; high deployment hinders slow and supports fast; medium deployment aligns with medium permitting; confidences higher for clear directional links (diagonal and corners)."
"Renewables_Deployment","Technology_Costs","Low","High","2","4","Learning and scale link from German renewables deployment to global technology costs; Low deployment supports High costs and hinders Low costs, High deployment does the opposite; Germany is a major but not sole driver so scores capped at ±2 and confidence 4 on strong links, 3 on moderate/neutral cells."
"Renewables_Deployment","Technology_Costs","Low","Medium","1","3","Learning and scale link from German renewables deployment to global technology costs; Low deployment supports High costs and hinders Low costs, High deployment does the opposite; Germany is a major but not sole driver so scores capped at ±2 and confidence 4 on strong links, 3 on moderate/neutral cells."
"Renewables_Deployment","Technology_Costs","Low","Low","-2","4","Learning and scale link from German renewables deployment to global technology costs; Low deployment supports High costs and hinders Low costs, High deployment does the opposite; Germany is a major but not sole driver so scores capped at ±2 and confidence 4 on strong links, 3 on moderate/neutral cells."
"Renewables_Deployment","Technology_Costs","Medium","High","-1","3","Learning and scale link from German renewables deployment to global technology costs; Low deployment supports High costs and hinders Low costs, High deployment does the opposite; Germany is a major but not sole driver so scores capped at ±2 and confidence 4 on strong links, 3 on moderate/neutral cells."
"Renewables_Deployment","Technology_Costs","Medium","Medium","0","3","Learning and scale link from German renewables deployment to global technology costs; Low deployment supports High costs and hinders Low costs, High deployment does the opposite; Germany is a major but not sole driver so scores capped at ±2 and confidence 4 on strong links, 3 on moderate/neutral cells."
"Renewables_Deployment","Technology_Costs","Medium","Low","1","4","Learning and scale link from German renewables deployment to global technology costs; Low deployment supports High costs and hinders Low costs, High deployment does the opposite; Germany is a major but not sole driver so scores capped at ±2 and confidence 4 on strong links, 3 on moderate/neutral cells."
"Renewables_Deployment","Technology_Costs","High","High","-2","4","Learning and scale link from German renewables deployment to global technology costs; Low deployment supports High costs and hinders Low costs, High deployment does the opposite; Germany is a major but not sole driver so scores capped at ±2 and confidence 4 on strong links, 3 on moderate/neutral cells."
"Renewables_Deployment","Technology_Costs","High","Medium","-1","3","Learning and scale link from German renewables deployment to global technology costs; Low deployment supports High costs and hinders Low costs, High deployment does the opposite; Germany is a major but not sole driver so scores capped at ±2 and confidence 4 on strong links, 3 on moderate/neutral cells."
"Renewables_Deployment","Technology_Costs","High","Low","2","4","Learning and scale link from German renewables deployment to global technology costs; Low deployment supports High costs and hinders Low costs, High deployment does the opposite; Germany is a major but not sole driver so scores capped at ±2 and confidence 4 on strong links, 3 on moderate/neutral cells."
"Renewables_Deployment","Hydrogen_Role","Low","Limited","2","4","Green hydrogen depends on renewable electricity; low renewables support Limited and hinder Major hydrogen role; high renewables support Major and hinder Limited; medium supports Moderate and slightly Major; confidences 3–5, highest for High→Major."
"Renewables_Deployment","Hydrogen_Role","Low","Moderate","0","3","Green hydrogen depends on renewable electricity; low renewables support Limited and hinder Major hydrogen role; high renewables support Major and hinder Limited; medium supports Moderate and slightly Major; confidences 3–5, highest for High→Major."
"Renewables_Deployment","Hydrogen_Role","Low","Major","-2","4","Green hydrogen depends on renewable electricity; low renewables support Limited and hinder Major hydrogen role; high renewables support Major and hinder Limited; medium supports Moderate and slightly Major; confidences 3–5, highest for High→Major."
"Renewables_Deployment","Hydrogen_Role","Medium","Limited","0","3","Green hydrogen depends on renewable electricity; low renewables support Limited and hinder Major hydrogen role; high renewables support Major and hinder Limited; medium supports Moderate and slightly Major; confidences 3–5, highest for High→Major."
"Renewables_Deployment","Hydrogen_Role","Medium","Moderate","2","4","Green hydrogen depends on renewable electricity; low renewables support Limited and hinder Major hydrogen role; high renewables support Major and hinder Limited; medium supports Moderate and slightly Major; confidences 3–5, highest for High→Major."
"Renewables_Deployment","Hydrogen_Role","Medium","Major","1","3","Green hydrogen depends on renewable electricity; low renewables support Limited and hinder Major hydrogen role; high renewables support Major and hinder Limited; medium supports Moderate and slightly Major; confidences 3–5, highest for High→Major."
"Renewables_Deployment","Hydrogen_Role","High","Limited","-2","4","Green hydrogen depends on renewable electricity; low renewables support Limited and hinder Major hydrogen role; high renewables support Major and hinder Limited; medium supports Moderate and slightly Major; confidences 3–5, highest for High→Major."
"Renewables_Deployment","Hydrogen_Role","High","Moderate","1","3","Green hydrogen depends on renewable electricity; low renewables support Limited and hinder Major hydrogen role; high renewables support Major and hinder Limited; medium supports Moderate and slightly Major; confidences 3–5, highest for High→Major."
"Renewables_Deployment","Hydrogen_Role","High","Major","3","5","Green hydrogen depends on renewable electricity; low renewables support Limited and hinder Major hydrogen role; high renewables support Major and hinder Limited; medium supports Moderate and slightly Major; confidences 3–5, highest for High→Major."
"Renewables_Deployment","Grid_Development","Low","Lagging","2","4","Renewables deployment is a major driver of grid need; panel agreed Low supports Lagging and hinders Strong, High hinders Lagging and supports Strong, with strong confidence on extreme cells and moderate on middle cells; magnitudes ±2/±3 on extremes, ±1 on mid row."
"Renewables_Deployment","Grid_Development","Low","Moderate","0","3","Renewables deployment is a major driver of grid need; panel agreed Low supports Lagging and hinders Strong, High hinders Lagging and supports Strong, with strong confidence on extreme cells and moderate on middle cells; magnitudes ±2/±3 on extremes, ±1 on mid row."
"Renewables_Deployment","Grid_Development","Low","Strong","-2","4","Renewables deployment is a major driver of grid need; panel agreed Low supports Lagging and hinders Strong, High hinders Lagging and supports Strong, with strong confidence on extreme cells and moderate on middle cells; magnitudes ±2/±3 on extremes, ±1 on mid row."
"Renewables_Deployment","Grid_Development","Medium","Lagging","-1","3","Renewables deployment is a major driver of grid need; panel agreed Low supports Lagging and hinders Strong, High hinders Lagging and supports Strong, with strong confidence on extreme cells and moderate on middle cells; magnitudes ±2/±3 on extremes, ±1 on mid row."
"Renewables_Deployment","Grid_Development","Medium","Moderate","1","4","Renewables deployment is a major driver of grid need; panel agreed Low supports Lagging and hinders Strong, High hinders Lagging and supports Strong, with strong confidence on extreme cells and moderate on middle cells; magnitudes ±2/±3 on extremes, ±1 on mid row."
"Renewables_Deployment","Grid_Development","Medium","Strong","1","4","Renewables deployment is a major driver of grid need; panel agreed Low supports Lagging and hinders Strong, High hinders Lagging and supports Strong, with strong confidence on extreme cells and moderate on middle cells; magnitudes ±2/±3 on extremes, ±1 on mid row."
"Renewables_Deployment","Grid_Development","High","Lagging","-3","4","Renewables deployment is a major driver of grid need; panel agreed Low supports Lagging and hinders Strong, High hinders Lagging and supports Strong, with strong confidence on extreme cells and moderate on middle cells; magnitudes ±2/±3 on extremes, ±1 on mid row."
"Renewables_Deployment","Grid_Development","High","Moderate","-1","3","Renewables deployment is a major driver of grid need; panel agreed Low supports Lagging and hinders Strong, High hinders Lagging and supports Strong, with strong confidence on extreme cells and moderate on middle cells; magnitudes ±2/±3 on extremes, ±1 on mid row."
"Renewables_Deployment","Grid_Development","High","Strong","3","4","Renewables deployment is a major driver of grid need; panel agreed Low supports Lagging and hinders Strong, High hinders Lagging and supports Strong, with strong confidence on extreme cells and moderate on middle cells; magnitudes ±2/±3 on extremes, ±1 on mid row."
"Renewables_Deployment","Electrification_Pace","Low","Slow","2","4","Renewables deployment (clean electricity supply) enables electrification; low deployment supports slow and hinders high electrification, high deployment supports high and hinders slow; diagonal and aligned cells positive, opposite corners negative; confidences 3–4."
"Renewables_Deployment","Electrification_Pace","Low","Medium","-1","3","Renewables deployment (clean electricity supply) enables electrification; low deployment supports slow and hinders high electrification, high deployment supports high and hinders slow; diagonal and aligned cells positive, opposite corners negative; confidences 3–4."
"Renewables_Deployment","Electrification_Pace","Low","High","-2","4","Renewables deployment (clean electricity supply) enables electrification; low deployment supports slow and hinders high electrification, high deployment supports high and hinders slow; diagonal and aligned cells positive, opposite corners negative; confidences 3–4."
"Renewables_Deployment","Electrification_Pace","Medium","Slow","-1","3","Renewables deployment (clean electricity supply) enables electrification; low deployment supports slow and hinders high electrification, high deployment supports high and hinders slow; diagonal and aligned cells positive, opposite corners negative; confidences 3–4."
"Renewables_Deployment","Electrification_Pace","Medium","Medium","2","4","Renewables deployment (clean electricity supply) enables electrification; low deployment supports slow and hinders high electrification, high deployment supports high and hinders slow; diagonal and aligned cells positive, opposite corners negative; confidences 3–4."
"Renewables_Deployment","Electrification_Pace","Medium","High","1","3","Renewables deployment (clean electricity supply) enables electrification; low deployment supports slow and hinders high electrification, high deployment supports high and hinders slow; diagonal and aligned cells positive, opposite corners negative; confidences 3–4."
"Renewables_Deployment","Electrification_Pace","High","Slow","-2","3","Renewables deployment (clean electricity supply) enables electrification; low deployment supports slow and hinders high electrification, high deployment supports high and hinders slow; diagonal and aligned cells positive, opposite corners negative; confidences 3–4."
"Renewables_Deployment","Electrification_Pace","High","Medium","2","4","Renewables deployment (clean electricity supply) enables electrification; low deployment supports slow and hinders high electrification, high deployment supports high and hinders slow; diagonal and aligned cells positive, opposite corners negative; confidences 3–4."
"Renewables_Deployment","Electrification_Pace","High","High","2","4","Renewables deployment (clean electricity supply) enables electrification; low deployment supports slow and hinders high electrification, high deployment supports high and hinders slow; diagonal and aligned cells positive, opposite corners negative; confidences 3–4."
"Renewables_Deployment","Industrial_Energy_Demand","Low","High","-1","3","Low renewables slightly hinders high industrial demand (clean supply scarcity); medium renewables supports all demand levels; high renewables strongly supports high and medium demand and supports low demand via efficiency and electrification; confidences 3–4."
"Renewables_Deployment","Industrial_Energy_Demand","Low","Medium","0","3","Low renewables slightly hinders high industrial demand (clean supply scarcity); medium renewables supports all demand levels; high renewables strongly supports high and medium demand and supports low demand via efficiency and electrification; confidences 3–4."
"Renewables_Deployment","Industrial_Energy_Demand","Low","Low","0","3","Low renewables slightly hinders high industrial demand (clean supply scarcity); medium renewables supports all demand levels; high renewables strongly supports high and medium demand and supports low demand via efficiency and electrification; confidences 3–4."
"Renewables_Deployment","Industrial_Energy_Demand","Medium","High","1","4","Low renewables slightly hinders high industrial demand (clean supply scarcity); medium renewables supports all demand levels; high renewables strongly supports high and medium demand and supports low demand via efficiency and electrification; confidences 3–4."
"Renewables_Deployment","Industrial_Energy_Demand","Medium","Medium","1","4","Low renewables slightly hinders high industrial demand (clean supply scarcity); medium renewables supports all demand levels; high renewables strongly supports high and medium demand and supports low demand via efficiency and electrification; confidences 3–4."
"Renewables_Deployment","Industrial_Energy_Demand","Medium","Low","1","3","Low renewables slightly hinders high industrial demand (clean supply scarcity); medium renewables supports all demand levels; high renewables strongly supports high and medium demand and supports low demand via efficiency and electrification; confidences 3–4."
"Renewables_Deployment","Industrial_Energy_Demand","High","High","2","4","Low renewables slightly hinders high industrial demand (clean supply scarcity); medium renewables supports all demand levels; high renewables strongly supports high and medium demand and supports low demand via efficiency and electrification; confidences 3–4."
"Renewables_Deployment","Industrial_Energy_Demand","High","Medium","2","4","Low renewables slightly hinders high industrial demand (clean supply scarcity); medium renewables supports all demand levels; high renewables strongly supports high and medium demand and supports low demand via efficiency and electrification; confidences 3–4."
"Renewables_Deployment","Industrial_Energy_Demand","High","Low","1","3","Low renewables slightly hinders high industrial demand (clean supply scarcity); medium renewables supports all demand levels; high renewables strongly supports high and medium demand and supports low demand via efficiency and electrification; confidences 3–4."
"Renewables_Deployment","Fossil_Price_Pressure","Low","Low","-1","3","Demand channel: higher German renewables deployment reduces German fossil demand and weakly dampens EU/global fossil price pressure (supports Low, hinders High); lower deployment supports higher pressure; diagonal-opposite logic with moderate scores; Germany significant but marginal for global prices; confidence 4 for strongest directions (1.3, 3.1, 3.3), 2 for neutral 2.2."
"Renewables_Deployment","Fossil_Price_Pressure","Low","Medium","1","3","Demand channel: higher German renewables deployment reduces German fossil demand and weakly dampens EU/global fossil price pressure (supports Low, hinders High); lower deployment supports higher pressure; diagonal-opposite logic with moderate scores; Germany significant but marginal for global prices; confidence 4 for strongest directions (1.3, 3.1, 3.3), 2 for neutral 2.2."
"Renewables_Deployment","Fossil_Price_Pressure","Low","High","2","4","Demand channel: higher German renewables deployment reduces German fossil demand and weakly dampens EU/global fossil price pressure (supports Low, hinders High); lower deployment supports higher pressure; diagonal-opposite logic with moderate scores; Germany significant but marginal for global prices; confidence 4 for strongest directions (1.3, 3.1, 3.3), 2 for neutral 2.2."
"Renewables_Deployment","Fossil_Price_Pressure","Medium","Low","1","3","Demand channel: higher German renewables deployment reduces German fossil demand and weakly dampens EU/global fossil price pressure (supports Low, hinders High); lower deployment supports higher pressure; diagonal-opposite logic with moderate scores; Germany significant but marginal for global prices; confidence 4 for strongest directions (1.3, 3.1, 3.3), 2 for neutral 2.2."
"Renewables_Deployment","Fossil_Price_Pressure","Medium","Medium","0","2","Demand channel: higher German renewables deployment reduces German fossil demand and weakly dampens EU/global fossil price pressure (supports Low, hinders High); lower deployment supports higher pressure; diagonal-opposite logic with moderate scores; Germany significant but marginal for global prices; confidence 4 for strongest directions (1.3, 3.1, 3.3), 2 for neutral 2.2."
"Renewables_Deployment","Fossil_Price_Pressure","Medium","High","-1","3","Demand channel: higher German renewables deployment reduces German fossil demand and weakly dampens EU/global fossil price pressure (supports Low, hinders High); lower deployment supports higher pressure; diagonal-opposite logic with moderate scores; Germany significant but marginal for global prices; confidence 4 for strongest directions (1.3, 3.1, 3.3), 2 for neutral 2.2."
"Renewables_Deployment","Fossil_Price_Pressure","High","Low","2","4","Demand channel: higher German renewables deployment reduces German fossil demand and weakly dampens EU/global fossil price pressure (supports Low, hinders High); lower deployment supports higher pressure; diagonal-opposite logic with moderate scores; Germany significant but marginal for global prices; confidence 4 for strongest directions (1.3, 3.1, 3.3), 2 for neutral 2.2."
"Renewables_Deployment","Fossil_Price_Pressure","High","Medium","-1","3","Demand channel: higher German renewables deployment reduces German fossil demand and weakly dampens EU/global fossil price pressure (supports Low, hinders High); lower deployment supports higher pressure; diagonal-opposite logic with moderate scores; Germany significant but marginal for global prices; confidence 4 for strongest directions (1.3, 3.1, 3.3), 2 for neutral 2.2."
"Renewables_Deployment","Fossil_Price_Pressure","High","High","-2","4","Demand channel: higher German renewables deployment reduces German fossil demand and weakly dampens EU/global fossil price pressure (supports Low, hinders High); lower deployment supports higher pressure; diagonal-opposite logic with moderate scores; Germany significant but marginal for global prices; confidence 4 for strongest directions (1.3, 3.1, 3.3), 2 for neutral 2.2."
"Renewables_Deployment","Public_Acceptance","Low","Low","2","4","Low deployment supports low acceptance and hinders high; high deployment supports high acceptance and hinders low; medium deployment has modest mixed effects; diagonal and opposite-end cells have higher confidence (4), others 3."
"Renewables_Deployment","Public_Acceptance","Low","Medium","0","3","Low deployment supports low acceptance and hinders high; high deployment supports high acceptance and hinders low; medium deployment has modest mixed effects; diagonal and opposite-end cells have higher confidence (4), others 3."
"Renewables_Deployment","Public_Acceptance","Low","High","-2","4","Low deployment supports low acceptance and hinders high; high deployment supports high acceptance and hinders low; medium deployment has modest mixed effects; diagonal and opposite-end cells have higher confidence (4), others 3."
"Renewables_Deployment","Public_Acceptance","Medium","Low","-1","3","Low deployment supports low acceptance and hinders high; high deployment supports high acceptance and hinders low; medium deployment has modest mixed effects; diagonal and opposite-end cells have higher confidence (4), others 3."
"Renewables_Deployment","Public_Acceptance","Medium","Medium","1","3","Low deployment supports low acceptance and hinders high; high deployment supports high acceptance and hinders low; medium deployment has modest mixed effects; diagonal and opposite-end cells have higher confidence (4), others 3."
"Renewables_Deployment","Public_Acceptance","Medium","High","1","3","Low deployment supports low acceptance and hinders high; high deployment supports high acceptance and hinders low; medium deployment has modest mixed effects; diagonal and opposite-end cells have higher confidence (4), others 3."
"Renewables_Deployment","Public_Acceptance","High","Low","-2","4","Low deployment supports low acceptance and hinders high; high deployment supports high acceptance and hinders low; medium deployment has modest mixed effects; diagonal and opposite-end cells have higher confidence (4), others 3."
"Renewables_Deployment","Public_Acceptance","High","Medium","0","3","Low deployment supports low acceptance and hinders high; high deployment supports high acceptance and hinders low; medium deployment has modest mixed effects; diagonal and opposite-end cells have higher confidence (4), others 3."
"Renewables_Deployment","Public_Acceptance","High","High","2","4","Low deployment supports low acceptance and hinders high; high deployment supports high acceptance and hinders low; medium deployment has modest mixed effects; diagonal and opposite-end cells have higher confidence (4), others 3."
"Renewables_Deployment","Land_Use_Conflict","Low","High","-2","4","Higher renewables deployment increases land demand and siting pressure, supporting higher land-use conflict and hindering low conflict; lower deployment does the opposite; diagonal and extremes scored with confidence 4, medium row neutral with confidence 3."
"Renewables_Deployment","Land_Use_Conflict","Low","Medium","-1","4","Higher renewables deployment increases land demand and siting pressure, supporting higher land-use conflict and hindering low conflict; lower deployment does the opposite; diagonal and extremes scored with confidence 4, medium row neutral with confidence 3."
"Renewables_Deployment","Land_Use_Conflict","Low","Low","2","4","Higher renewables deployment increases land demand and siting pressure, supporting higher land-use conflict and hindering low conflict; lower deployment does the opposite; diagonal and extremes scored with confidence 4, medium row neutral with confidence 3."
"Renewables_Deployment","Land_Use_Conflict","Medium","High","0","3","Higher renewables deployment increases land demand and siting pressure, supporting higher land-use conflict and hindering low conflict; lower deployment does the opposite; diagonal and extremes scored with confidence 4, medium row neutral with confidence 3."
"Renewables_Deployment","Land_Use_Conflict","Medium","Medium","0","3","Higher renewables deployment increases land demand and siting pressure, supporting higher land-use conflict and hindering low conflict; lower deployment does the opposite; diagonal and extremes scored with confidence 4, medium row neutral with confidence 3."
"Renewables_Deployment","Land_Use_Conflict","Medium","Low","-1","3","Higher renewables deployment increases land demand and siting pressure, supporting higher land-use conflict and hindering low conflict; lower deployment does the opposite; diagonal and extremes scored with confidence 4, medium row neutral with confidence 3."
"Renewables_Deployment","Land_Use_Conflict","High","High","2","4","Higher renewables deployment increases land demand and siting pressure, supporting higher land-use conflict and hindering low conflict; lower deployment does the opposite; diagonal and extremes scored with confidence 4, medium row neutral with confidence 3."
"Renewables_Deployment","Land_Use_Conflict","High","Medium","1","4","Higher renewables deployment increases land demand and siting pressure, supporting higher land-use conflict and hindering low conflict; lower deployment does the opposite; diagonal and extremes scored with confidence 4, medium row neutral with confidence 3."
"Renewables_Deployment","Land_Use_Conflict","High","Low","-2","4","Higher renewables deployment increases land demand and siting pressure, supporting higher land-use conflict and hindering low conflict; lower deployment does the opposite; diagonal and extremes scored with confidence 4, medium row neutral with confidence 3."
"Renewables_Deployment","EU_Policy_Alignment","Low","Low","1","4","Germany's renewables deployment influences EU policy alignment via demonstration and coalition effects: Low deployment supports Low alignment and hinders High; High deployment hinders Low and supports High alignment; diagonal reinforced; 3.3 capped at +2 because EU alignment depends on multiple member states; confidences 4 on main links, 3 on weaker or off-diagonal cells."
"Renewables_Deployment","EU_Policy_Alignment","Low","Medium","0","3","Germany's renewables deployment influences EU policy alignment via demonstration and coalition effects: Low deployment supports Low alignment and hinders High; High deployment hinders Low and supports High alignment; diagonal reinforced; 3.3 capped at +2 because EU alignment depends on multiple member states; confidences 4 on main links, 3 on weaker or off-diagonal cells."
"Renewables_Deployment","EU_Policy_Alignment","Low","High","-2","4","Germany's renewables deployment influences EU policy alignment via demonstration and coalition effects: Low deployment supports Low alignment and hinders High; High deployment hinders Low and supports High alignment; diagonal reinforced; 3.3 capped at +2 because EU alignment depends on multiple member states; confidences 4 on main links, 3 on weaker or off-diagonal cells."
"Renewables_Deployment","EU_Policy_Alignment","Medium","Low","-1","3","Germany's renewables deployment influences EU policy alignment via demonstration and coalition effects: Low deployment supports Low alignment and hinders High; High deployment hinders Low and supports High alignment; diagonal reinforced; 3.3 capped at +2 because EU alignment depends on multiple member states; confidences 4 on main links, 3 on weaker or off-diagonal cells."
"Renewables_Deployment","EU_Policy_Alignment","Medium","Medium","2","4","Germany's renewables deployment influences EU policy alignment via demonstration and coalition effects: Low deployment supports Low alignment and hinders High; High deployment hinders Low and supports High alignment; diagonal reinforced; 3.3 capped at +2 because EU alignment depends on multiple member states; confidences 4 on main links, 3 on weaker or off-diagonal cells."
"Renewables_Deployment","EU_Policy_Alignment","Medium","High","1","3","Germany's renewables deployment influences EU policy alignment via demonstration and coalition effects: Low deployment supports Low alignment and hinders High; High deployment hinders Low and supports High alignment; diagonal reinforced; 3.3 capped at +2 because EU alignment depends on multiple member states; confidences 4 on main links, 3 on weaker or off-diagonal cells."
"Renewables_Deployment","EU_Policy_Alignment","High","Low","-2","4","Germany's renewables deployment influences EU policy alignment via demonstration and coalition effects: Low deployment supports Low alignment and hinders High; High deployment hinders Low and supports High alignment; diagonal reinforced; 3.3 capped at +2 because EU alignment depends on multiple member states; confidences 4 on main links, 3 on weaker or off-diagonal cells."
"Renewables_Deployment","EU_Policy_Alignment","High","Medium","1","3","Germany's renewables deployment influences EU policy alignment via demonstration and coalition effects: Low deployment supports Low alignment and hinders High; High deployment hinders Low and supports High alignment; diagonal reinforced; 3.3 capped at +2 because EU alignment depends on multiple member states; confidences 4 on main links, 3 on weaker or off-diagonal cells."
"Renewables_Deployment","EU_Policy_Alignment","High","High","2","4","Germany's renewables deployment influences EU policy alignment via demonstration and coalition effects: Low deployment supports Low alignment and hinders High; High deployment hinders Low and supports High alignment; diagonal reinforced; 3.3 capped at +2 because EU alignment depends on multiple member states; confidences 4 on main links, 3 on weaker or off-diagonal cells."
"Renewables_Deployment","Energy_Security_Pressure","Low","Low","-1","4","Higher German renewables deployment reduces fossil import dependence and supports lower EU/global energy security pressure; lower deployment supports higher pressure; magnitudes kept moderate (max ±2) because Germany is one actor; strongest confidence on Low→High, High→Low, High→High and Low→Low."
"Renewables_Deployment","Energy_Security_Pressure","Low","Medium","1","3","Higher German renewables deployment reduces fossil import dependence and supports lower EU/global energy security pressure; lower deployment supports higher pressure; magnitudes kept moderate (max ±2) because Germany is one actor; strongest confidence on Low→High, High→Low, High→High and Low→Low."
"Renewables_Deployment","Energy_Security_Pressure","Low","High","2","4","Higher German renewables deployment reduces fossil import dependence and supports lower EU/global energy security pressure; lower deployment supports higher pressure; magnitudes kept moderate (max ±2) because Germany is one actor; strongest confidence on Low→High, High→Low, High→High and Low→Low."
"Renewables_Deployment","Energy_Security_Pressure","Medium","Low","1","3","Higher German renewables deployment reduces fossil import dependence and supports lower EU/global energy security pressure; lower deployment supports higher pressure; magnitudes kept moderate (max ±2) because Germany is one actor; strongest confidence on Low→High, High→Low, High→High and Low→Low."
"Renewables_Deployment","Energy_Security_Pressure","Medium","Medium","0","3","Higher German renewables deployment reduces fossil import dependence and supports lower EU/global energy security pressure; lower deployment supports higher pressure; magnitudes kept moderate (max ±2) because Germany is one actor; strongest confidence on Low→High, High→Low, High→High and Low→Low."
"Renewables_Deployment","Energy_Security_Pressure","Medium","High","-1","3","Higher German renewables deployment reduces fossil import dependence and supports lower EU/global energy security pressure; lower deployment supports higher pressure; magnitudes kept moderate (max ±2) because Germany is one actor; strongest confidence on Low→High, High→Low, High→High and Low→Low."
"Renewables_Deployment","Energy_Security_Pressure","High","Low","2","4","Higher German renewables deployment reduces fossil import dependence and supports lower EU/global energy security pressure; lower deployment supports higher pressure; magnitudes kept moderate (max ±2) because Germany is one actor; strongest confidence on Low→High, High→Low, High→High and Low→Low."
"Renewables_Deployment","Energy_Security_Pressure","High","Medium","-1","3","Higher German renewables deployment reduces fossil import dependence and supports lower EU/global energy security pressure; lower deployment supports higher pressure; magnitudes kept moderate (max ±2) because Germany is one actor; strongest confidence on Low→High, High→Low, High→High and Low→Low."
"Renewables_Deployment","Energy_Security_Pressure","High","High","-2","4","Higher German renewables deployment reduces fossil import dependence and supports lower EU/global energy security pressure; lower deployment supports higher pressure; magnitudes kept moderate (max ±2) because Germany is one actor; strongest confidence on Low→High, High→Low, High→High and Low→Low."
"Renewables_Deployment","Investment_Availability","Low","Low","1","3","Renewables_Deployment level signals viability and risk to capital; diagonal alignment reinforced (Low–Low +1, Medium–Medium +2, High–High +3); Low deployment hinders High investment (−2), High deployment hinders Low investment (−2); High→High +3 conf 5 reflects strong crowding-in evidence; one expert noted social/acceptance limits but accepted +3 for consensus."
"Renewables_Deployment","Investment_Availability","Low","Medium","0","3","Renewables_Deployment level signals viability and risk to capital; diagonal alignment reinforced (Low–Low +1, Medium–Medium +2, High–High +3); Low deployment hinders High investment (−2), High deployment hinders Low investment (−2); High→High +3 conf 5 reflects strong crowding-in evidence; one expert noted social/acceptance limits but accepted +3 for consensus."
"Renewables_Deployment","Investment_Availability","Low","High","-2","4","Renewables_Deployment level signals viability and risk to capital; diagonal alignment reinforced (Low–Low +1, Medium–Medium +2, High–High +3); Low deployment hinders High investment (−2), High deployment hinders Low investment (−2); High→High +3 conf 5 reflects strong crowding-in evidence; one expert noted social/acceptance limits but accepted +3 for consensus."
"Renewables_Deployment","Investment_Availability","Medium","Low","-1","3","Renewables_Deployment level signals viability and risk to capital; diagonal alignment reinforced (Low–Low +1, Medium–Medium +2, High–High +3); Low deployment hinders High investment (−2), High deployment hinders Low investment (−2); High→High +3 conf 5 reflects strong crowding-in evidence; one expert noted social/acceptance limits but accepted +3 for consensus."
"Renewables_Deployment","Investment_Availability","Medium","Medium","2","4","Renewables_Deployment level signals viability and risk to capital; diagonal alignment reinforced (Low–Low +1, Medium–Medium +2, High–High +3); Low deployment hinders High investment (−2), High deployment hinders Low investment (−2); High→High +3 conf 5 reflects strong crowding-in evidence; one expert noted social/acceptance limits but accepted +3 for consensus."
"Renewables_Deployment","Investment_Availability","Medium","High","1","4","Renewables_Deployment level signals viability and risk to capital; diagonal alignment reinforced (Low–Low +1, Medium–Medium +2, High–High +3); Low deployment hinders High investment (−2), High deployment hinders Low investment (−2); High→High +3 conf 5 reflects strong crowding-in evidence; one expert noted social/acceptance limits but accepted +3 for consensus."
"Renewables_Deployment","Investment_Availability","High","Low","-2","4","Renewables_Deployment level signals viability and risk to capital; diagonal alignment reinforced (Low–Low +1, Medium–Medium +2, High–High +3); Low deployment hinders High investment (−2), High deployment hinders Low investment (−2); High→High +3 conf 5 reflects strong crowding-in evidence; one expert noted social/acceptance limits but accepted +3 for consensus."
"Renewables_Deployment","Investment_Availability","High","Medium","-1","3","Renewables_Deployment level signals viability and risk to capital; diagonal alignment reinforced (Low–Low +1, Medium–Medium +2, High–High +3); Low deployment hinders High investment (−2), High deployment hinders Low investment (−2); High→High +3 conf 5 reflects strong crowding-in evidence; one expert noted social/acceptance limits but accepted +3 for consensus."
"Renewables_Deployment","Investment_Availability","High","High","3","5","Renewables_Deployment level signals viability and risk to capital; diagonal alignment reinforced (Low–Low +1, Medium–Medium +2, High–High +3); Low deployment hinders High investment (−2), High deployment hinders Low investment (−2); High→High +3 conf 5 reflects strong crowding-in evidence; one expert noted social/acceptance limits but accepted +3 for consensus."
"Technology_Costs","Decarbonisation_Outcome","High","High emissions","2","4","Technology_Costs inverse-scale applied: High costs support high emissions and hinder net-zero; Low costs hinder high emissions and support net-zero; diagonal cells ±2 conf 4, cross cells ±1 or 0 with conf 2–3; consensus on full 3×3 grid."
"Technology_Costs","Decarbonisation_Outcome","High","Medium","1","3","Technology_Costs inverse-scale applied: High costs support high emissions and hinder net-zero; Low costs hinder high emissions and support net-zero; diagonal cells ±2 conf 4, cross cells ±1 or 0 with conf 2–3; consensus on full 3×3 grid."
"Technology_Costs","Decarbonisation_Outcome","High","Net-zero aligned","-2","4","Technology_Costs inverse-scale applied: High costs support high emissions and hinder net-zero; Low costs hinder high emissions and support net-zero; diagonal cells ±2 conf 4, cross cells ±1 or 0 with conf 2–3; consensus on full 3×3 grid."
"Technology_Costs","Decarbonisation_Outcome","Medium","High emissions","0","2","Technology_Costs inverse-scale applied: High costs support high emissions and hinder net-zero; Low costs hinder high emissions and support net-zero; diagonal cells ±2 conf 4, cross cells ±1 or 0 with conf 2–3; consensus on full 3×3 grid."
"Technology_Costs","Decarbonisation_Outcome","Medium","Medium","0","2","Technology_Costs inverse-scale applied: High costs support high emissions and hinder net-zero; Low costs hinder high emissions and support net-zero; diagonal cells ±2 conf 4, cross cells ±1 or 0 with conf 2–3; consensus on full 3×3 grid."
"Technology_Costs","Decarbonisation_Outcome","Medium","Net-zero aligned","1","3","Technology_Costs inverse-scale applied: High costs support high emissions and hinder net-zero; Low costs hinder high emissions and support net-zero; diagonal cells ±2 conf 4, cross cells ±1 or 0 with conf 2–3; consensus on full 3×3 grid."
"Technology_Costs","Decarbonisation_Outcome","Low","High emissions","-2","4","Technology_Costs inverse-scale applied: High costs support high emissions and hinder net-zero; Low costs hinder high emissions and support net-zero; diagonal cells ±2 conf 4, cross cells ±1 or 0 with conf 2–3; consensus on full 3×3 grid."
"Technology_Costs","Decarbonisation_Outcome","Low","Medium","-1","3","Technology_Costs inverse-scale applied: High costs support high emissions and hinder net-zero; Low costs hinder high emissions and support net-zero; diagonal cells ±2 conf 4, cross cells ±1 or 0 with conf 2–3; consensus on full 3×3 grid."
"Technology_Costs","Decarbonisation_Outcome","Low","Net-zero aligned","2","4","Technology_Costs inverse-scale applied: High costs support high emissions and hinder net-zero; Low costs hinder high emissions and support net-zero; diagonal cells ±2 conf 4, cross cells ±1 or 0 with conf 2–3; consensus on full 3×3 grid."
"Technology_Costs","Policy_Stringency","High","Low","2","4","Technology_Costs (inverse) influences Policy_Stringency via political and economic feasibility: high costs support low stringency and hinder high stringency; low costs support high stringency and hinder low stringency; corner cells Conf 4, intermediate cells Conf 3; medium-cost row reflects modest support for low, neutrality for medium, slight hindrance for high."
"Technology_Costs","Policy_Stringency","High","Medium","1","3","Technology_Costs (inverse) influences Policy_Stringency via political and economic feasibility: high costs support low stringency and hinder high stringency; low costs support high stringency and hinder low stringency; corner cells Conf 4, intermediate cells Conf 3; medium-cost row reflects modest support for low, neutrality for medium, slight hindrance for high."
"Technology_Costs","Policy_Stringency","High","High","-2","4","Technology_Costs (inverse) influences Policy_Stringency via political and economic feasibility: high costs support low stringency and hinder high stringency; low costs support high stringency and hinder low stringency; corner cells Conf 4, intermediate cells Conf 3; medium-cost row reflects modest support for low, neutrality for medium, slight hindrance for high."
"Technology_Costs","Policy_Stringency","Medium","Low","1","3","Technology_Costs (inverse) influences Policy_Stringency via political and economic feasibility: high costs support low stringency and hinder high stringency; low costs support high stringency and hinder low stringency; corner cells Conf 4, intermediate cells Conf 3; medium-cost row reflects modest support for low, neutrality for medium, slight hindrance for high."
"Technology_Costs","Policy_Stringency","Medium","Medium","0","3","Technology_Costs (inverse) influences Policy_Stringency via political and economic feasibility: high costs support low stringency and hinder high stringency; low costs support high stringency and hinder low stringency; corner cells Conf 4, intermediate cells Conf 3; medium-cost row reflects modest support for low, neutrality for medium, slight hindrance for high."
"Technology_Costs","Policy_Stringency","Medium","High","-1","3","Technology_Costs (inverse) influences Policy_Stringency via political and economic feasibility: high costs support low stringency and hinder high stringency; low costs support high stringency and hinder low stringency; corner cells Conf 4, intermediate cells Conf 3; medium-cost row reflects modest support for low, neutrality for medium, slight hindrance for high."
"Technology_Costs","Policy_Stringency","Low","Low","-2","4","Technology_Costs (inverse) influences Policy_Stringency via political and economic feasibility: high costs support low stringency and hinder high stringency; low costs support high stringency and hinder low stringency; corner cells Conf 4, intermediate cells Conf 3; medium-cost row reflects modest support for low, neutrality for medium, slight hindrance for high."
"Technology_Costs","Policy_Stringency","Low","Medium","-1","3","Technology_Costs (inverse) influences Policy_Stringency via political and economic feasibility: high costs support low stringency and hinder high stringency; low costs support high stringency and hinder low stringency; corner cells Conf 4, intermediate cells Conf 3; medium-cost row reflects modest support for low, neutrality for medium, slight hindrance for high."
"Technology_Costs","Policy_Stringency","Low","High","2","4","Technology_Costs (inverse) influences Policy_Stringency via political and economic feasibility: high costs support low stringency and hinder high stringency; low costs support high stringency and hinder low stringency; corner cells Conf 4, intermediate cells Conf 3; medium-cost row reflects modest support for low, neutrality for medium, slight hindrance for high."
"Technology_Costs","Permitting_Pace","High","Slow","2","4","Inverse-scale logic: high technology costs support slow permitting and hinder fast (controversy, weak urgency); low costs support fast permitting and hinder slow; medium cost gives weak/neutral impacts; confidence 4 on main diagonal-like cells, 3 elsewhere."
"Technology_Costs","Permitting_Pace","High","Medium","0","3","Inverse-scale logic: high technology costs support slow permitting and hinder fast (controversy, weak urgency); low costs support fast permitting and hinder slow; medium cost gives weak/neutral impacts; confidence 4 on main diagonal-like cells, 3 elsewhere."
"Technology_Costs","Permitting_Pace","High","Fast","-2","4","Inverse-scale logic: high technology costs support slow permitting and hinder fast (controversy, weak urgency); low costs support fast permitting and hinder slow; medium cost gives weak/neutral impacts; confidence 4 on main diagonal-like cells, 3 elsewhere."
"Technology_Costs","Permitting_Pace","Medium","Slow","0","3","Inverse-scale logic: high technology costs support slow permitting and hinder fast (controversy, weak urgency); low costs support fast permitting and hinder slow; medium cost gives weak/neutral impacts; confidence 4 on main diagonal-like cells, 3 elsewhere."
"Technology_Costs","Permitting_Pace","Medium","Medium","0","3","Inverse-scale logic: high technology costs support slow permitting and hinder fast (controversy, weak urgency); low costs support fast permitting and hinder slow; medium cost gives weak/neutral impacts; confidence 4 on main diagonal-like cells, 3 elsewhere."
"Technology_Costs","Permitting_Pace","Medium","Fast","1","3","Inverse-scale logic: high technology costs support slow permitting and hinder fast (controversy, weak urgency); low costs support fast permitting and hinder slow; medium cost gives weak/neutral impacts; confidence 4 on main diagonal-like cells, 3 elsewhere."
"Technology_Costs","Permitting_Pace","Low","Slow","-2","4","Inverse-scale logic: high technology costs support slow permitting and hinder fast (controversy, weak urgency); low costs support fast permitting and hinder slow; medium cost gives weak/neutral impacts; confidence 4 on main diagonal-like cells, 3 elsewhere."
"Technology_Costs","Permitting_Pace","Low","Medium","0","3","Inverse-scale logic: high technology costs support slow permitting and hinder fast (controversy, weak urgency); low costs support fast permitting and hinder slow; medium cost gives weak/neutral impacts; confidence 4 on main diagonal-like cells, 3 elsewhere."
"Technology_Costs","Permitting_Pace","Low","Fast","2","4","Inverse-scale logic: high technology costs support slow permitting and hinder fast (controversy, weak urgency); low costs support fast permitting and hinder slow; medium cost gives weak/neutral impacts; confidence 4 on main diagonal-like cells, 3 elsewhere."
"Technology_Costs","Renewables_Deployment","High","Low","2","4","Inverse-scale respected: high technology costs support low renewables deployment and hinder high; low costs support high deployment and hinder low; diagonal and opposite corners scored with confidence 4–5, off-diagonal 3–4; cost–deployment relationship well established in literature and practice."
"Technology_Costs","Renewables_Deployment","High","Medium","-1","3","Inverse-scale respected: high technology costs support low renewables deployment and hinder high; low costs support high deployment and hinder low; diagonal and opposite corners scored with confidence 4–5, off-diagonal 3–4; cost–deployment relationship well established in literature and practice."
"Technology_Costs","Renewables_Deployment","High","High","-2","5","Inverse-scale respected: high technology costs support low renewables deployment and hinder high; low costs support high deployment and hinder low; diagonal and opposite corners scored with confidence 4–5, off-diagonal 3–4; cost–deployment relationship well established in literature and practice."
"Technology_Costs","Renewables_Deployment","Medium","Low","0","3","Inverse-scale respected: high technology costs support low renewables deployment and hinder high; low costs support high deployment and hinder low; diagonal and opposite corners scored with confidence 4–5, off-diagonal 3–4; cost–deployment relationship well established in literature and practice."
"Technology_Costs","Renewables_Deployment","Medium","Medium","1","4","Inverse-scale respected: high technology costs support low renewables deployment and hinder high; low costs support high deployment and hinder low; diagonal and opposite corners scored with confidence 4–5, off-diagonal 3–4; cost–deployment relationship well established in literature and practice."
"Technology_Costs","Renewables_Deployment","Medium","High","-1","3","Inverse-scale respected: high technology costs support low renewables deployment and hinder high; low costs support high deployment and hinder low; diagonal and opposite corners scored with confidence 4–5, off-diagonal 3–4; cost–deployment relationship well established in literature and practice."
"Technology_Costs","Renewables_Deployment","Low","Low","-2","4","Inverse-scale respected: high technology costs support low renewables deployment and hinder high; low costs support high deployment and hinder low; diagonal and opposite corners scored with confidence 4–5, off-diagonal 3–4; cost–deployment relationship well established in literature and practice."
"Technology_Costs","Renewables_Deployment","Low","Medium","1","4","Inverse-scale respected: high technology costs support low renewables deployment and hinder high; low costs support high deployment and hinder low; diagonal and opposite corners scored with confidence 4–5, off-diagonal 3–4; cost–deployment relationship well established in literature and practice."
"Technology_Costs","Renewables_Deployment","Low","High","3","5","Inverse-scale respected: high technology costs support low renewables deployment and hinder high; low costs support high deployment and hinder low; diagonal and opposite corners scored with confidence 4–5, off-diagonal 3–4; cost–deployment relationship well established in literature and practice."
"Technology_Costs","Hydrogen_Role","High","Limited","2","4","Technology_Costs inverse-scale: High costs support Limited and hinder Major hydrogen role; Low costs support Major and hinder Limited. Ordinal consistency across rows; Medium row moderate. Confidence 4 on main effect cells, 2 on 2.2 (many other drivers), 3 elsewhere."
"Technology_Costs","Hydrogen_Role","High","Moderate","-1","3","Technology_Costs inverse-scale: High costs support Limited and hinder Major hydrogen role; Low costs support Major and hinder Limited. Ordinal consistency across rows; Medium row moderate. Confidence 4 on main effect cells, 2 on 2.2 (many other drivers), 3 elsewhere."
"Technology_Costs","Hydrogen_Role","High","Major","-2","4","Technology_Costs inverse-scale: High costs support Limited and hinder Major hydrogen role; Low costs support Major and hinder Limited. Ordinal consistency across rows; Medium row moderate. Confidence 4 on main effect cells, 2 on 2.2 (many other drivers), 3 elsewhere."
"Technology_Costs","Hydrogen_Role","Medium","Limited","1","3","Technology_Costs inverse-scale: High costs support Limited and hinder Major hydrogen role; Low costs support Major and hinder Limited. Ordinal consistency across rows; Medium row moderate. Confidence 4 on main effect cells, 2 on 2.2 (many other drivers), 3 elsewhere."
"Technology_Costs","Hydrogen_Role","Medium","Moderate","0","2","Technology_Costs inverse-scale: High costs support Limited and hinder Major hydrogen role; Low costs support Major and hinder Limited. Ordinal consistency across rows; Medium row moderate. Confidence 4 on main effect cells, 2 on 2.2 (many other drivers), 3 elsewhere."
"Technology_Costs","Hydrogen_Role","Medium","Major","-1","3","Technology_Costs inverse-scale: High costs support Limited and hinder Major hydrogen role; Low costs support Major and hinder Limited. Ordinal consistency across rows; Medium row moderate. Confidence 4 on main effect cells, 2 on 2.2 (many other drivers), 3 elsewhere."
"Technology_Costs","Hydrogen_Role","Low","Limited","-2","4","Technology_Costs inverse-scale: High costs support Limited and hinder Major hydrogen role; Low costs support Major and hinder Limited. Ordinal consistency across rows; Medium row moderate. Confidence 4 on main effect cells, 2 on 2.2 (many other drivers), 3 elsewhere."
"Technology_Costs","Hydrogen_Role","Low","Moderate","1","3","Technology_Costs inverse-scale: High costs support Limited and hinder Major hydrogen role; Low costs support Major and hinder Limited. Ordinal consistency across rows; Medium row moderate. Confidence 4 on main effect cells, 2 on 2.2 (many other drivers), 3 elsewhere."
"Technology_Costs","Hydrogen_Role","Low","Major","2","4","Technology_Costs inverse-scale: High costs support Limited and hinder Major hydrogen role; Low costs support Major and hinder Limited. Ordinal consistency across rows; Medium row moderate. Confidence 4 on main effect cells, 2 on 2.2 (many other drivers), 3 elsewhere."
"Technology_Costs","Grid_Development","High","Lagging","2","4","High technology costs support Lagging and hinder Strong grid; Low costs hinder Lagging and support Strong grid; Medium costs align with Moderate grid with modest support for Strong; confidence 4 on main diagonal-like cells, 3 on off-diagonal where strength is more uncertain."
"Technology_Costs","Grid_Development","High","Moderate","-1","3","High technology costs support Lagging and hinder Strong grid; Low costs hinder Lagging and support Strong grid; Medium costs align with Moderate grid with modest support for Strong; confidence 4 on main diagonal-like cells, 3 on off-diagonal where strength is more uncertain."
"Technology_Costs","Grid_Development","High","Strong","-2","4","High technology costs support Lagging and hinder Strong grid; Low costs hinder Lagging and support Strong grid; Medium costs align with Moderate grid with modest support for Strong; confidence 4 on main diagonal-like cells, 3 on off-diagonal where strength is more uncertain."
"Technology_Costs","Grid_Development","Medium","Lagging","-1","3","High technology costs support Lagging and hinder Strong grid; Low costs hinder Lagging and support Strong grid; Medium costs align with Moderate grid with modest support for Strong; confidence 4 on main diagonal-like cells, 3 on off-diagonal where strength is more uncertain."
"Technology_Costs","Grid_Development","Medium","Moderate","1","4","High technology costs support Lagging and hinder Strong grid; Low costs hinder Lagging and support Strong grid; Medium costs align with Moderate grid with modest support for Strong; confidence 4 on main diagonal-like cells, 3 on off-diagonal where strength is more uncertain."
"Technology_Costs","Grid_Development","Medium","Strong","1","3","High technology costs support Lagging and hinder Strong grid; Low costs hinder Lagging and support Strong grid; Medium costs align with Moderate grid with modest support for Strong; confidence 4 on main diagonal-like cells, 3 on off-diagonal where strength is more uncertain."
"Technology_Costs","Grid_Development","Low","Lagging","-2","4","High technology costs support Lagging and hinder Strong grid; Low costs hinder Lagging and support Strong grid; Medium costs align with Moderate grid with modest support for Strong; confidence 4 on main diagonal-like cells, 3 on off-diagonal where strength is more uncertain."
"Technology_Costs","Grid_Development","Low","Moderate","1","3","High technology costs support Lagging and hinder Strong grid; Low costs hinder Lagging and support Strong grid; Medium costs align with Moderate grid with modest support for Strong; confidence 4 on main diagonal-like cells, 3 on off-diagonal where strength is more uncertain."
"Technology_Costs","Grid_Development","Low","Strong","2","4","High technology costs support Lagging and hinder Strong grid; Low costs hinder Lagging and support Strong grid; Medium costs align with Moderate grid with modest support for Strong; confidence 4 on main diagonal-like cells, 3 on off-diagonal where strength is more uncertain."
"Technology_Costs","Electrification_Pace","High","Slow","2","4","Technology_Costs (inverse): high costs support slow electrification and hinder high; low costs support high electrification and hinder slow; diagonal (High–Slow, Medium–Medium, Low–High) positive; opposite corners negative; off-diagonals 0 or −1; confidence 4 on main causal cells, 3 on weak/ambiguous cells."
"Technology_Costs","Electrification_Pace","High","Medium","0","3","Technology_Costs (inverse): high costs support slow electrification and hinder high; low costs support high electrification and hinder slow; diagonal (High–Slow, Medium–Medium, Low–High) positive; opposite corners negative; off-diagonals 0 or −1; confidence 4 on main causal cells, 3 on weak/ambiguous cells."
"Technology_Costs","Electrification_Pace","High","High","-2","4","Technology_Costs (inverse): high costs support slow electrification and hinder high; low costs support high electrification and hinder slow; diagonal (High–Slow, Medium–Medium, Low–High) positive; opposite corners negative; off-diagonals 0 or −1; confidence 4 on main causal cells, 3 on weak/ambiguous cells."
"Technology_Costs","Electrification_Pace","Medium","Slow","0","3","Technology_Costs (inverse): high costs support slow electrification and hinder high; low costs support high electrification and hinder slow; diagonal (High–Slow, Medium–Medium, Low–High) positive; opposite corners negative; off-diagonals 0 or −1; confidence 4 on main causal cells, 3 on weak/ambiguous cells."
"Technology_Costs","Electrification_Pace","Medium","Medium","1","4","Technology_Costs (inverse): high costs support slow electrification and hinder high; low costs support high electrification and hinder slow; diagonal (High–Slow, Medium–Medium, Low–High) positive; opposite corners negative; off-diagonals 0 or −1; confidence 4 on main causal cells, 3 on weak/ambiguous cells."
"Technology_Costs","Electrification_Pace","Medium","High","0","3","Technology_Costs (inverse): high costs support slow electrification and hinder high; low costs support high electrification and hinder slow; diagonal (High–Slow, Medium–Medium, Low–High) positive; opposite corners negative; off-diagonals 0 or −1; confidence 4 on main causal cells, 3 on weak/ambiguous cells."
"Technology_Costs","Electrification_Pace","Low","Slow","-2","4","Technology_Costs (inverse): high costs support slow electrification and hinder high; low costs support high electrification and hinder slow; diagonal (High–Slow, Medium–Medium, Low–High) positive; opposite corners negative; off-diagonals 0 or −1; confidence 4 on main causal cells, 3 on weak/ambiguous cells."
"Technology_Costs","Electrification_Pace","Low","Medium","-1","3","Technology_Costs (inverse): high costs support slow electrification and hinder high; low costs support high electrification and hinder slow; diagonal (High–Slow, Medium–Medium, Low–High) positive; opposite corners negative; off-diagonals 0 or −1; confidence 4 on main causal cells, 3 on weak/ambiguous cells."
"Technology_Costs","Electrification_Pace","Low","High","2","4","Technology_Costs (inverse): high costs support slow electrification and hinder high; low costs support high electrification and hinder slow; diagonal (High–Slow, Medium–Medium, Low–High) positive; opposite corners negative; off-diagonals 0 or −1; confidence 4 on main causal cells, 3 on weak/ambiguous cells."
"Technology_Costs","Industrial_Energy_Demand","High","High","2","4","Technology_Costs (inverse): high costs hinder efficiency and electrification investment, supporting high industrial demand and hindering low; low costs enable both, supporting low demand and hindering high; confidences 3–4 reflect moderate to good evidence from industrial decarbonisation and technology cost literature."
"Technology_Costs","Industrial_Energy_Demand","High","Medium","1","3","Technology_Costs (inverse): high costs hinder efficiency and electrification investment, supporting high industrial demand and hindering low; low costs enable both, supporting low demand and hindering high; confidences 3–4 reflect moderate to good evidence from industrial decarbonisation and technology cost literature."
"Technology_Costs","Industrial_Energy_Demand","High","Low","-3","4","Technology_Costs (inverse): high costs hinder efficiency and electrification investment, supporting high industrial demand and hindering low; low costs enable both, supporting low demand and hindering high; confidences 3–4 reflect moderate to good evidence from industrial decarbonisation and technology cost literature."
"Technology_Costs","Industrial_Energy_Demand","Medium","High","0","3","Technology_Costs (inverse): high costs hinder efficiency and electrification investment, supporting high industrial demand and hindering low; low costs enable both, supporting low demand and hindering high; confidences 3–4 reflect moderate to good evidence from industrial decarbonisation and technology cost literature."
"Technology_Costs","Industrial_Energy_Demand","Medium","Medium","0","3","Technology_Costs (inverse): high costs hinder efficiency and electrification investment, supporting high industrial demand and hindering low; low costs enable both, supporting low demand and hindering high; confidences 3–4 reflect moderate to good evidence from industrial decarbonisation and technology cost literature."
"Technology_Costs","Industrial_Energy_Demand","Medium","Low","1","3","Technology_Costs (inverse): high costs hinder efficiency and electrification investment, supporting high industrial demand and hindering low; low costs enable both, supporting low demand and hindering high; confidences 3–4 reflect moderate to good evidence from industrial decarbonisation and technology cost literature."
"Technology_Costs","Industrial_Energy_Demand","Low","High","-2","4","Technology_Costs (inverse): high costs hinder efficiency and electrification investment, supporting high industrial demand and hindering low; low costs enable both, supporting low demand and hindering high; confidences 3–4 reflect moderate to good evidence from industrial decarbonisation and technology cost literature."
"Technology_Costs","Industrial_Energy_Demand","Low","Medium","-1","3","Technology_Costs (inverse): high costs hinder efficiency and electrification investment, supporting high industrial demand and hindering low; low costs enable both, supporting low demand and hindering high; confidences 3–4 reflect moderate to good evidence from industrial decarbonisation and technology cost literature."
"Technology_Costs","Industrial_Energy_Demand","Low","Low","3","4","Technology_Costs (inverse): high costs hinder efficiency and electrification investment, supporting high industrial demand and hindering low; low costs enable both, supporting low demand and hindering high; confidences 3–4 reflect moderate to good evidence from industrial decarbonisation and technology cost literature."
"Technology_Costs","Fossil_Price_Pressure","High","Low","2","4","Technology_Costs (inverse) mediates effective fossil price pressure: high clean-tech costs support low pressure and hinder high pressure; low costs do the opposite; diagonal cells ±2 (conf 4), off-diagonal ±1 or 0 (conf 3)."
"Technology_Costs","Fossil_Price_Pressure","High","Medium","1","3","Technology_Costs (inverse) mediates effective fossil price pressure: high clean-tech costs support low pressure and hinder high pressure; low costs do the opposite; diagonal cells ±2 (conf 4), off-diagonal ±1 or 0 (conf 3)."
"Technology_Costs","Fossil_Price_Pressure","High","High","-2","4","Technology_Costs (inverse) mediates effective fossil price pressure: high clean-tech costs support low pressure and hinder high pressure; low costs do the opposite; diagonal cells ±2 (conf 4), off-diagonal ±1 or 0 (conf 3)."
"Technology_Costs","Fossil_Price_Pressure","Medium","Low","1","3","Technology_Costs (inverse) mediates effective fossil price pressure: high clean-tech costs support low pressure and hinder high pressure; low costs do the opposite; diagonal cells ±2 (conf 4), off-diagonal ±1 or 0 (conf 3)."
"Technology_Costs","Fossil_Price_Pressure","Medium","Medium","0","3","Technology_Costs (inverse) mediates effective fossil price pressure: high clean-tech costs support low pressure and hinder high pressure; low costs do the opposite; diagonal cells ±2 (conf 4), off-diagonal ±1 or 0 (conf 3)."
"Technology_Costs","Fossil_Price_Pressure","Medium","High","-1","3","Technology_Costs (inverse) mediates effective fossil price pressure: high clean-tech costs support low pressure and hinder high pressure; low costs do the opposite; diagonal cells ±2 (conf 4), off-diagonal ±1 or 0 (conf 3)."
"Technology_Costs","Fossil_Price_Pressure","Low","Low","-2","4","Technology_Costs (inverse) mediates effective fossil price pressure: high clean-tech costs support low pressure and hinder high pressure; low costs do the opposite; diagonal cells ±2 (conf 4), off-diagonal ±1 or 0 (conf 3)."
"Technology_Costs","Fossil_Price_Pressure","Low","Medium","-1","3","Technology_Costs (inverse) mediates effective fossil price pressure: high clean-tech costs support low pressure and hinder high pressure; low costs do the opposite; diagonal cells ±2 (conf 4), off-diagonal ±1 or 0 (conf 3)."
"Technology_Costs","Fossil_Price_Pressure","Low","High","2","4","Technology_Costs (inverse) mediates effective fossil price pressure: high clean-tech costs support low pressure and hinder high pressure; low costs do the opposite; diagonal cells ±2 (conf 4), off-diagonal ±1 or 0 (conf 3)."
"Technology_Costs","Public_Acceptance","High","Low","2","4","Technology_Costs (inverse) drives Public_Acceptance via affordability and perceived burden: high costs support low acceptance and hinder high; low costs support high acceptance and hinder low; magnitudes capped at ±2 given other drivers of acceptance; confidence 4 on main-effect cells, 3 elsewhere."
"Technology_Costs","Public_Acceptance","High","Medium","1","3","Technology_Costs (inverse) drives Public_Acceptance via affordability and perceived burden: high costs support low acceptance and hinder high; low costs support high acceptance and hinder low; magnitudes capped at ±2 given other drivers of acceptance; confidence 4 on main-effect cells, 3 elsewhere."
"Technology_Costs","Public_Acceptance","High","High","-2","4","Technology_Costs (inverse) drives Public_Acceptance via affordability and perceived burden: high costs support low acceptance and hinder high; low costs support high acceptance and hinder low; magnitudes capped at ±2 given other drivers of acceptance; confidence 4 on main-effect cells, 3 elsewhere."
"Technology_Costs","Public_Acceptance","Medium","Low","1","3","Technology_Costs (inverse) drives Public_Acceptance via affordability and perceived burden: high costs support low acceptance and hinder high; low costs support high acceptance and hinder low; magnitudes capped at ±2 given other drivers of acceptance; confidence 4 on main-effect cells, 3 elsewhere."
"Technology_Costs","Public_Acceptance","Medium","Medium","0","3","Technology_Costs (inverse) drives Public_Acceptance via affordability and perceived burden: high costs support low acceptance and hinder high; low costs support high acceptance and hinder low; magnitudes capped at ±2 given other drivers of acceptance; confidence 4 on main-effect cells, 3 elsewhere."
"Technology_Costs","Public_Acceptance","Medium","High","-1","3","Technology_Costs (inverse) drives Public_Acceptance via affordability and perceived burden: high costs support low acceptance and hinder high; low costs support high acceptance and hinder low; magnitudes capped at ±2 given other drivers of acceptance; confidence 4 on main-effect cells, 3 elsewhere."
"Technology_Costs","Public_Acceptance","Low","Low","-2","4","Technology_Costs (inverse) drives Public_Acceptance via affordability and perceived burden: high costs support low acceptance and hinder high; low costs support high acceptance and hinder low; magnitudes capped at ±2 given other drivers of acceptance; confidence 4 on main-effect cells, 3 elsewhere."
"Technology_Costs","Public_Acceptance","Low","Medium","-1","3","Technology_Costs (inverse) drives Public_Acceptance via affordability and perceived burden: high costs support low acceptance and hinder high; low costs support high acceptance and hinder low; magnitudes capped at ±2 given other drivers of acceptance; confidence 4 on main-effect cells, 3 elsewhere."
"Technology_Costs","Public_Acceptance","Low","High","2","4","Technology_Costs (inverse) drives Public_Acceptance via affordability and perceived burden: high costs support low acceptance and hinder high; low costs support high acceptance and hinder low; magnitudes capped at ±2 given other drivers of acceptance; confidence 4 on main-effect cells, 3 elsewhere."
"Technology_Costs","Land_Use_Conflict","High","High","-2","4","Technology costs (inverse) drive deployment and land demand; high costs reduce land-use conflict (support Low, hinder High), low costs increase it (support High, hinder Low); diagonal and corners consistent; confidence 4 on main links, 2–3 on secondary."
"Technology_Costs","Land_Use_Conflict","High","Medium","0","2","Technology costs (inverse) drive deployment and land demand; high costs reduce land-use conflict (support Low, hinder High), low costs increase it (support High, hinder Low); diagonal and corners consistent; confidence 4 on main links, 2–3 on secondary."
"Technology_Costs","Land_Use_Conflict","High","Low","2","4","Technology costs (inverse) drive deployment and land demand; high costs reduce land-use conflict (support Low, hinder High), low costs increase it (support High, hinder Low); diagonal and corners consistent; confidence 4 on main links, 2–3 on secondary."
"Technology_Costs","Land_Use_Conflict","Medium","High","-1","3","Technology costs (inverse) drive deployment and land demand; high costs reduce land-use conflict (support Low, hinder High), low costs increase it (support High, hinder Low); diagonal and corners consistent; confidence 4 on main links, 2–3 on secondary."
"Technology_Costs","Land_Use_Conflict","Medium","Medium","2","4","Technology costs (inverse) drive deployment and land demand; high costs reduce land-use conflict (support Low, hinder High), low costs increase it (support High, hinder Low); diagonal and corners consistent; confidence 4 on main links, 2–3 on secondary."
"Technology_Costs","Land_Use_Conflict","Medium","Low","-1","3","Technology costs (inverse) drive deployment and land demand; high costs reduce land-use conflict (support Low, hinder High), low costs increase it (support High, hinder Low); diagonal and corners consistent; confidence 4 on main links, 2–3 on secondary."
"Technology_Costs","Land_Use_Conflict","Low","High","2","4","Technology costs (inverse) drive deployment and land demand; high costs reduce land-use conflict (support Low, hinder High), low costs increase it (support High, hinder Low); diagonal and corners consistent; confidence 4 on main links, 2–3 on secondary."
"Technology_Costs","Land_Use_Conflict","Low","Medium","1","3","Technology costs (inverse) drive deployment and land demand; high costs reduce land-use conflict (support Low, hinder High), low costs increase it (support High, hinder Low); diagonal and corners consistent; confidence 4 on main links, 2–3 on secondary."
"Technology_Costs","Land_Use_Conflict","Low","Low","-2","4","Technology costs (inverse) drive deployment and land demand; high costs reduce land-use conflict (support Low, hinder High), low costs increase it (support High, hinder Low); diagonal and corners consistent; confidence 4 on main links, 2–3 on secondary."
"Technology_Costs","EU_Policy_Alignment","High","Low","2","3","Technology costs (inverse scale) influence EU policy alignment via political economy: high costs support low alignment and hinder high alignment; low costs hinder low alignment and support high alignment; medium costs treated as neutral; confidence 4 on clear extremes (1.3, 3.3), 3 elsewhere for non-zero cells, 2 for medium→high."
"Technology_Costs","EU_Policy_Alignment","High","Medium","1","3","Technology costs (inverse scale) influence EU policy alignment via political economy: high costs support low alignment and hinder high alignment; low costs hinder low alignment and support high alignment; medium costs treated as neutral; confidence 4 on clear extremes (1.3, 3.3), 3 elsewhere for non-zero cells, 2 for medium→high."
"Technology_Costs","EU_Policy_Alignment","High","High","-2","4","Technology costs (inverse scale) influence EU policy alignment via political economy: high costs support low alignment and hinder high alignment; low costs hinder low alignment and support high alignment; medium costs treated as neutral; confidence 4 on clear extremes (1.3, 3.3), 3 elsewhere for non-zero cells, 2 for medium→high."
"Technology_Costs","EU_Policy_Alignment","Medium","Low","0","3","Technology costs (inverse scale) influence EU policy alignment via political economy: high costs support low alignment and hinder high alignment; low costs hinder low alignment and support high alignment; medium costs treated as neutral; confidence 4 on clear extremes (1.3, 3.3), 3 elsewhere for non-zero cells, 2 for medium→high."
"Technology_Costs","EU_Policy_Alignment","Medium","Medium","0","3","Technology costs (inverse scale) influence EU policy alignment via political economy: high costs support low alignment and hinder high alignment; low costs hinder low alignment and support high alignment; medium costs treated as neutral; confidence 4 on clear extremes (1.3, 3.3), 3 elsewhere for non-zero cells, 2 for medium→high."
"Technology_Costs","EU_Policy_Alignment","Medium","High","0","2","Technology costs (inverse scale) influence EU policy alignment via political economy: high costs support low alignment and hinder high alignment; low costs hinder low alignment and support high alignment; medium costs treated as neutral; confidence 4 on clear extremes (1.3, 3.3), 3 elsewhere for non-zero cells, 2 for medium→high."
"Technology_Costs","EU_Policy_Alignment","Low","Low","-2","3","Technology costs (inverse scale) influence EU policy alignment via political economy: high costs support low alignment and hinder high alignment; low costs hinder low alignment and support high alignment; medium costs treated as neutral; confidence 4 on clear extremes (1.3, 3.3), 3 elsewhere for non-zero cells, 2 for medium→high."
"Technology_Costs","EU_Policy_Alignment","Low","Medium","0","3","Technology costs (inverse scale) influence EU policy alignment via political economy: high costs support low alignment and hinder high alignment; low costs hinder low alignment and support high alignment; medium costs treated as neutral; confidence 4 on clear extremes (1.3, 3.3), 3 elsewhere for non-zero cells, 2 for medium→high."
"Technology_Costs","EU_Policy_Alignment","Low","High","2","4","Technology costs (inverse scale) influence EU policy alignment via political economy: high costs support low alignment and hinder high alignment; low costs hinder low alignment and support high alignment; medium costs treated as neutral; confidence 4 on clear extremes (1.3, 3.3), 3 elsewhere for non-zero cells, 2 for medium→high."
"Technology_Costs","Energy_Security_Pressure","High","Low","-2","4","High technology costs hinder low and support high energy security pressure via diversification; low costs support low and hinder high pressure; diagonal and opposite corners scored ±2 with confidence 4, intermediates ±1 or 0 with confidence 3; security pressure is EU/global and multi-causal so intermediate cells kept moderate."
"Technology_Costs","Energy_Security_Pressure","High","Medium","0","3","High technology costs hinder low and support high energy security pressure via diversification; low costs support low and hinder high pressure; diagonal and opposite corners scored ±2 with confidence 4, intermediates ±1 or 0 with confidence 3; security pressure is EU/global and multi-causal so intermediate cells kept moderate."
"Technology_Costs","Energy_Security_Pressure","High","High","2","4","High technology costs hinder low and support high energy security pressure via diversification; low costs support low and hinder high pressure; diagonal and opposite corners scored ±2 with confidence 4, intermediates ±1 or 0 with confidence 3; security pressure is EU/global and multi-causal so intermediate cells kept moderate."
"Technology_Costs","Energy_Security_Pressure","Medium","Low","-1","3","High technology costs hinder low and support high energy security pressure via diversification; low costs support low and hinder high pressure; diagonal and opposite corners scored ±2 with confidence 4, intermediates ±1 or 0 with confidence 3; security pressure is EU/global and multi-causal so intermediate cells kept moderate."
"Technology_Costs","Energy_Security_Pressure","Medium","Medium","0","3","High technology costs hinder low and support high energy security pressure via diversification; low costs support low and hinder high pressure; diagonal and opposite corners scored ±2 with confidence 4, intermediates ±1 or 0 with confidence 3; security pressure is EU/global and multi-causal so intermediate cells kept moderate."
"Technology_Costs","Energy_Security_Pressure","Medium","High","1","3","High technology costs hinder low and support high energy security pressure via diversification; low costs support low and hinder high pressure; diagonal and opposite corners scored ±2 with confidence 4, intermediates ±1 or 0 with confidence 3; security pressure is EU/global and multi-causal so intermediate cells kept moderate."
"Technology_Costs","Energy_Security_Pressure","Low","Low","2","4","High technology costs hinder low and support high energy security pressure via diversification; low costs support low and hinder high pressure; diagonal and opposite corners scored ±2 with confidence 4, intermediates ±1 or 0 with confidence 3; security pressure is EU/global and multi-causal so intermediate cells kept moderate."
"Technology_Costs","Energy_Security_Pressure","Low","Medium","0","3","High technology costs hinder low and support high energy security pressure via diversification; low costs support low and hinder high pressure; diagonal and opposite corners scored ±2 with confidence 4, intermediates ±1 or 0 with confidence 3; security pressure is EU/global and multi-causal so intermediate cells kept moderate."
"Technology_Costs","Energy_Security_Pressure","Low","High","-2","4","High technology costs hinder low and support high energy security pressure via diversification; low costs support low and hinder high pressure; diagonal and opposite corners scored ±2 with confidence 4, intermediates ±1 or 0 with confidence 3; security pressure is EU/global and multi-causal so intermediate cells kept moderate."
"Technology_Costs","Investment_Availability","High","Low","2","4","Technology costs (inverse scale) drive investment availability: high costs support low investment and hinder high; low costs support high investment and hinder low; medium costs align with medium and weakly support high; evidence strong for corners and diagonal, moderate for off-diagonal."
"Technology_Costs","Investment_Availability","High","Medium","1","3","Technology costs (inverse scale) drive investment availability: high costs support low investment and hinder high; low costs support high investment and hinder low; medium costs align with medium and weakly support high; evidence strong for corners and diagonal, moderate for off-diagonal."
"Technology_Costs","Investment_Availability","High","High","-2","4","Technology costs (inverse scale) drive investment availability: high costs support low investment and hinder high; low costs support high investment and hinder low; medium costs align with medium and weakly support high; evidence strong for corners and diagonal, moderate for off-diagonal."
"Technology_Costs","Investment_Availability","Medium","Low","0","3","Technology costs (inverse scale) drive investment availability: high costs support low investment and hinder high; low costs support high investment and hinder low; medium costs align with medium and weakly support high; evidence strong for corners and diagonal, moderate for off-diagonal."
"Technology_Costs","Investment_Availability","Medium","Medium","1","4","Technology costs (inverse scale) drive investment availability: high costs support low investment and hinder high; low costs support high investment and hinder low; medium costs align with medium and weakly support high; evidence strong for corners and diagonal, moderate for off-diagonal."
"Technology_Costs","Investment_Availability","Medium","High","1","3","Technology costs (inverse scale) drive investment availability: high costs support low investment and hinder high; low costs support high investment and hinder low; medium costs align with medium and weakly support high; evidence strong for corners and diagonal, moderate for off-diagonal."
"Technology_Costs","Investment_Availability","Low","Low","-2","4","Technology costs (inverse scale) drive investment availability: high costs support low investment and hinder high; low costs support high investment and hinder low; medium costs align with medium and weakly support high; evidence strong for corners and diagonal, moderate for off-diagonal."
"Technology_Costs","Investment_Availability","Low","Medium","-1","3","Technology costs (inverse scale) drive investment availability: high costs support low investment and hinder high; low costs support high investment and hinder low; medium costs align with medium and weakly support high; evidence strong for corners and diagonal, moderate for off-diagonal."
"Technology_Costs","Investment_Availability","Low","High","2","5","Technology costs (inverse scale) drive investment availability: high costs support low investment and hinder high; low costs support high investment and hinder low; medium costs align with medium and weakly support high; evidence strong for corners and diagonal, moderate for off-diagonal."
"Hydrogen_Role","Decarbonisation_Outcome","Limited","High emissions","2","4","Limited hydrogen supports high emissions and hinders net-zero; Moderate supports medium and some net-zero; Major hinders high emissions and supports net-zero; confidences 3–4."
"Hydrogen_Role","Decarbonisation_Outcome","Limited","Medium","1","3","Limited hydrogen supports high emissions and hinders net-zero; Moderate supports medium and some net-zero; Major hinders high emissions and supports net-zero; confidences 3–4."
"Hydrogen_Role","Decarbonisation_Outcome","Limited","Net-zero aligned","-2","4","Limited hydrogen supports high emissions and hinders net-zero; Moderate supports medium and some net-zero; Major hinders high emissions and supports net-zero; confidences 3–4."
"Hydrogen_Role","Decarbonisation_Outcome","Moderate","High emissions","-1","4","Limited hydrogen supports high emissions and hinders net-zero; Moderate supports medium and some net-zero; Major hinders high emissions and supports net-zero; confidences 3–4."
"Hydrogen_Role","Decarbonisation_Outcome","Moderate","Medium","1","3","Limited hydrogen supports high emissions and hinders net-zero; Moderate supports medium and some net-zero; Major hinders high emissions and supports net-zero; confidences 3–4."
"Hydrogen_Role","Decarbonisation_Outcome","Moderate","Net-zero aligned","1","4","Limited hydrogen supports high emissions and hinders net-zero; Moderate supports medium and some net-zero; Major hinders high emissions and supports net-zero; confidences 3–4."
"Hydrogen_Role","Decarbonisation_Outcome","Major","High emissions","-2","4","Limited hydrogen supports high emissions and hinders net-zero; Moderate supports medium and some net-zero; Major hinders high emissions and supports net-zero; confidences 3–4."
"Hydrogen_Role","Decarbonisation_Outcome","Major","Medium","-1","3","Limited hydrogen supports high emissions and hinders net-zero; Moderate supports medium and some net-zero; Major hinders high emissions and supports net-zero; confidences 3–4."
"Hydrogen_Role","Decarbonisation_Outcome","Major","Net-zero aligned","2","4","Limited hydrogen supports high emissions and hinders net-zero; Moderate supports medium and some net-zero; Major hinders high emissions and supports net-zero; confidences 3–4."
"Hydrogen_Role","Policy_Stringency","Limited","Low","1","3","Hydrogen role drives policy stringency: Limited supports Low (1,3), neutral for Medium/High (0,2); Moderate supports Medium (2,4) and High (1,3), hinders Low (-1,3); Major supports High (2,4), hinders Low and Medium (-2,4 and -1,3); confidences 2–4 with highest where direction is clearest."
"Hydrogen_Role","Policy_Stringency","Limited","Medium","0","2","Hydrogen role drives policy stringency: Limited supports Low (1,3), neutral for Medium/High (0,2); Moderate supports Medium (2,4) and High (1,3), hinders Low (-1,3); Major supports High (2,4), hinders Low and Medium (-2,4 and -1,3); confidences 2–4 with highest where direction is clearest."
"Hydrogen_Role","Policy_Stringency","Limited","High","0","2","Hydrogen role drives policy stringency: Limited supports Low (1,3), neutral for Medium/High (0,2); Moderate supports Medium (2,4) and High (1,3), hinders Low (-1,3); Major supports High (2,4), hinders Low and Medium (-2,4 and -1,3); confidences 2–4 with highest where direction is clearest."
"Hydrogen_Role","Policy_Stringency","Moderate","Low","-1","3","Hydrogen role drives policy stringency: Limited supports Low (1,3), neutral for Medium/High (0,2); Moderate supports Medium (2,4) and High (1,3), hinders Low (-1,3); Major supports High (2,4), hinders Low and Medium (-2,4 and -1,3); confidences 2–4 with highest where direction is clearest."
"Hydrogen_Role","Policy_Stringency","Moderate","Medium","2","4","Hydrogen role drives policy stringency: Limited supports Low (1,3), neutral for Medium/High (0,2); Moderate supports Medium (2,4) and High (1,3), hinders Low (-1,3); Major supports High (2,4), hinders Low and Medium (-2,4 and -1,3); confidences 2–4 with highest where direction is clearest."
"Hydrogen_Role","Policy_Stringency","Moderate","High","1","3","Hydrogen role drives policy stringency: Limited supports Low (1,3), neutral for Medium/High (0,2); Moderate supports Medium (2,4) and High (1,3), hinders Low (-1,3); Major supports High (2,4), hinders Low and Medium (-2,4 and -1,3); confidences 2–4 with highest where direction is clearest."
"Hydrogen_Role","Policy_Stringency","Major","Low","-2","4","Hydrogen role drives policy stringency: Limited supports Low (1,3), neutral for Medium/High (0,2); Moderate supports Medium (2,4) and High (1,3), hinders Low (-1,3); Major supports High (2,4), hinders Low and Medium (-2,4 and -1,3); confidences 2–4 with highest where direction is clearest."
"Hydrogen_Role","Policy_Stringency","Major","Medium","-1","3","Hydrogen role drives policy stringency: Limited supports Low (1,3), neutral for Medium/High (0,2); Moderate supports Medium (2,4) and High (1,3), hinders Low (-1,3); Major supports High (2,4), hinders Low and Medium (-2,4 and -1,3); confidences 2–4 with highest where direction is clearest."
"Hydrogen_Role","Policy_Stringency","Major","High","2","4","Hydrogen role drives policy stringency: Limited supports Low (1,3), neutral for Medium/High (0,2); Moderate supports Medium (2,4) and High (1,3), hinders Low (-1,3); Major supports High (2,4), hinders Low and Medium (-2,4 and -1,3); confidences 2–4 with highest where direction is clearest."
"Hydrogen_Role","Permitting_Pace","Limited","Slow","0","2","Limited hydrogen role has no material influence on permitting pace (all 0, conf 2); Moderate role slightly hinders Slow and supports Fast (conf 3); Major role strongly hinders Slow and supports Fast, with moderate support for Medium (conf 3–4 for clearest cells); panel agreed ordinal consistency and political/reform-pressure mechanism."
"Hydrogen_Role","Permitting_Pace","Limited","Medium","0","2","Limited hydrogen role has no material influence on permitting pace (all 0, conf 2); Moderate role slightly hinders Slow and supports Fast (conf 3); Major role strongly hinders Slow and supports Fast, with moderate support for Medium (conf 3–4 for clearest cells); panel agreed ordinal consistency and political/reform-pressure mechanism."
"Hydrogen_Role","Permitting_Pace","Limited","Fast","0","2","Limited hydrogen role has no material influence on permitting pace (all 0, conf 2); Moderate role slightly hinders Slow and supports Fast (conf 3); Major role strongly hinders Slow and supports Fast, with moderate support for Medium (conf 3–4 for clearest cells); panel agreed ordinal consistency and political/reform-pressure mechanism."
"Hydrogen_Role","Permitting_Pace","Moderate","Slow","-1","3","Limited hydrogen role has no material influence on permitting pace (all 0, conf 2); Moderate role slightly hinders Slow and supports Fast (conf 3); Major role strongly hinders Slow and supports Fast, with moderate support for Medium (conf 3–4 for clearest cells); panel agreed ordinal consistency and political/reform-pressure mechanism."
"Hydrogen_Role","Permitting_Pace","Moderate","Medium","0","3","Limited hydrogen role has no material influence on permitting pace (all 0, conf 2); Moderate role slightly hinders Slow and supports Fast (conf 3); Major role strongly hinders Slow and supports Fast, with moderate support for Medium (conf 3–4 for clearest cells); panel agreed ordinal consistency and political/reform-pressure mechanism."
"Hydrogen_Role","Permitting_Pace","Moderate","Fast","1","3","Limited hydrogen role has no material influence on permitting pace (all 0, conf 2); Moderate role slightly hinders Slow and supports Fast (conf 3); Major role strongly hinders Slow and supports Fast, with moderate support for Medium (conf 3–4 for clearest cells); panel agreed ordinal consistency and political/reform-pressure mechanism."
"Hydrogen_Role","Permitting_Pace","Major","Slow","-2","4","Limited hydrogen role has no material influence on permitting pace (all 0, conf 2); Moderate role slightly hinders Slow and supports Fast (conf 3); Major role strongly hinders Slow and supports Fast, with moderate support for Medium (conf 3–4 for clearest cells); panel agreed ordinal consistency and political/reform-pressure mechanism."
"Hydrogen_Role","Permitting_Pace","Major","Medium","1","3","Limited hydrogen role has no material influence on permitting pace (all 0, conf 2); Moderate role slightly hinders Slow and supports Fast (conf 3); Major role strongly hinders Slow and supports Fast, with moderate support for Medium (conf 3–4 for clearest cells); panel agreed ordinal consistency and political/reform-pressure mechanism."
"Hydrogen_Role","Permitting_Pace","Major","Fast","2","4","Limited hydrogen role has no material influence on permitting pace (all 0, conf 2); Moderate role slightly hinders Slow and supports Fast (conf 3); Major role strongly hinders Slow and supports Fast, with moderate support for Medium (conf 3–4 for clearest cells); panel agreed ordinal consistency and political/reform-pressure mechanism."
"Hydrogen_Role","Renewables_Deployment","Limited","Low","1","3","Green hydrogen creates demand for renewables: Limited H2 slightly supports Low RE and allows High RE; Moderate H2 hinders Low and supports Medium/High; Major H2 strongly hinders Low, weakly hinders Medium, strongly supports High; confidence 5 on 3.1 and 3.3, 4 on main driver cells."
"Hydrogen_Role","Renewables_Deployment","Limited","Medium","0","3","Green hydrogen creates demand for renewables: Limited H2 slightly supports Low RE and allows High RE; Moderate H2 hinders Low and supports Medium/High; Major H2 strongly hinders Low, weakly hinders Medium, strongly supports High; confidence 5 on 3.1 and 3.3, 4 on main driver cells."
"Hydrogen_Role","Renewables_Deployment","Limited","High","1","3","Green hydrogen creates demand for renewables: Limited H2 slightly supports Low RE and allows High RE; Moderate H2 hinders Low and supports Medium/High; Major H2 strongly hinders Low, weakly hinders Medium, strongly supports High; confidence 5 on 3.1 and 3.3, 4 on main driver cells."
"Hydrogen_Role","Renewables_Deployment","Moderate","Low","-2","4","Green hydrogen creates demand for renewables: Limited H2 slightly supports Low RE and allows High RE; Moderate H2 hinders Low and supports Medium/High; Major H2 strongly hinders Low, weakly hinders Medium, strongly supports High; confidence 5 on 3.1 and 3.3, 4 on main driver cells."
"Hydrogen_Role","Renewables_Deployment","Moderate","Medium","1","4","Green hydrogen creates demand for renewables: Limited H2 slightly supports Low RE and allows High RE; Moderate H2 hinders Low and supports Medium/High; Major H2 strongly hinders Low, weakly hinders Medium, strongly supports High; confidence 5 on 3.1 and 3.3, 4 on main driver cells."
"Hydrogen_Role","Renewables_Deployment","Moderate","High","2","4","Green hydrogen creates demand for renewables: Limited H2 slightly supports Low RE and allows High RE; Moderate H2 hinders Low and supports Medium/High; Major H2 strongly hinders Low, weakly hinders Medium, strongly supports High; confidence 5 on 3.1 and 3.3, 4 on main driver cells."
"Hydrogen_Role","Renewables_Deployment","Major","Low","-3","5","Green hydrogen creates demand for renewables: Limited H2 slightly supports Low RE and allows High RE; Moderate H2 hinders Low and supports Medium/High; Major H2 strongly hinders Low, weakly hinders Medium, strongly supports High; confidence 5 on 3.1 and 3.3, 4 on main driver cells."
"Hydrogen_Role","Renewables_Deployment","Major","Medium","-1","3","Green hydrogen creates demand for renewables: Limited H2 slightly supports Low RE and allows High RE; Moderate H2 hinders Low and supports Medium/High; Major H2 strongly hinders Low, weakly hinders Medium, strongly supports High; confidence 5 on 3.1 and 3.3, 4 on main driver cells."
"Hydrogen_Role","Renewables_Deployment","Major","High","3","5","Green hydrogen creates demand for renewables: Limited H2 slightly supports Low RE and allows High RE; Moderate H2 hinders Low and supports Medium/High; Major H2 strongly hinders Low, weakly hinders Medium, strongly supports High; confidence 5 on 3.1 and 3.3, 4 on main driver cells."
"Hydrogen_Role","Technology_Costs","Limited","High","2","4","Scale and learning: Limited Hydrogen_Role supports High Technology_Costs and hinders Low; Major supports Low and hinders High; Moderate in between; confidence 3–4 given evidence but other global drivers for tech costs."
"Hydrogen_Role","Technology_Costs","Limited","Medium","0","3","Scale and learning: Limited Hydrogen_Role supports High Technology_Costs and hinders Low; Major supports Low and hinders High; Moderate in between; confidence 3–4 given evidence but other global drivers for tech costs."
"Hydrogen_Role","Technology_Costs","Limited","Low","-2","4","Scale and learning: Limited Hydrogen_Role supports High Technology_Costs and hinders Low; Major supports Low and hinders High; Moderate in between; confidence 3–4 given evidence but other global drivers for tech costs."
"Hydrogen_Role","Technology_Costs","Moderate","High","0","3","Scale and learning: Limited Hydrogen_Role supports High Technology_Costs and hinders Low; Major supports Low and hinders High; Moderate in between; confidence 3–4 given evidence but other global drivers for tech costs."
"Hydrogen_Role","Technology_Costs","Moderate","Medium","1","3","Scale and learning: Limited Hydrogen_Role supports High Technology_Costs and hinders Low; Major supports Low and hinders High; Moderate in between; confidence 3–4 given evidence but other global drivers for tech costs."
"Hydrogen_Role","Technology_Costs","Moderate","Low","1","4","Scale and learning: Limited Hydrogen_Role supports High Technology_Costs and hinders Low; Major supports Low and hinders High; Moderate in between; confidence 3–4 given evidence but other global drivers for tech costs."
"Hydrogen_Role","Technology_Costs","Major","High","-2","4","Scale and learning: Limited Hydrogen_Role supports High Technology_Costs and hinders Low; Major supports Low and hinders High; Moderate in between; confidence 3–4 given evidence but other global drivers for tech costs."
"Hydrogen_Role","Technology_Costs","Major","Medium","-1","3","Scale and learning: Limited Hydrogen_Role supports High Technology_Costs and hinders Low; Major supports Low and hinders High; Moderate in between; confidence 3–4 given evidence but other global drivers for tech costs."
"Hydrogen_Role","Technology_Costs","Major","Low","2","4","Scale and learning: Limited Hydrogen_Role supports High Technology_Costs and hinders Low; Major supports Low and hinders High; Moderate in between; confidence 3–4 given evidence but other global drivers for tech costs."
"Hydrogen_Role","Grid_Development","Limited","Lagging","1","3","Limited hydrogen slightly supports lagging grid (no H2-driven grid need) and hinders strong grid; moderate hydrogen supports moderate grid and slightly supports strong; major hydrogen strongly hinders lagging and supports strong grid, with high confidence on 2→2, 3→1, 3→3."
"Hydrogen_Role","Grid_Development","Limited","Moderate","0","3","Limited hydrogen slightly supports lagging grid (no H2-driven grid need) and hinders strong grid; moderate hydrogen supports moderate grid and slightly supports strong; major hydrogen strongly hinders lagging and supports strong grid, with high confidence on 2→2, 3→1, 3→3."
"Hydrogen_Role","Grid_Development","Limited","Strong","-1","3","Limited hydrogen slightly supports lagging grid (no H2-driven grid need) and hinders strong grid; moderate hydrogen supports moderate grid and slightly supports strong; major hydrogen strongly hinders lagging and supports strong grid, with high confidence on 2→2, 3→1, 3→3."
"Hydrogen_Role","Grid_Development","Moderate","Lagging","-1","3","Limited hydrogen slightly supports lagging grid (no H2-driven grid need) and hinders strong grid; moderate hydrogen supports moderate grid and slightly supports strong; major hydrogen strongly hinders lagging and supports strong grid, with high confidence on 2→2, 3→1, 3→3."
"Hydrogen_Role","Grid_Development","Moderate","Moderate","2","4","Limited hydrogen slightly supports lagging grid (no H2-driven grid need) and hinders strong grid; moderate hydrogen supports moderate grid and slightly supports strong; major hydrogen strongly hinders lagging and supports strong grid, with high confidence on 2→2, 3→1, 3→3."
"Hydrogen_Role","Grid_Development","Moderate","Strong","1","3","Limited hydrogen slightly supports lagging grid (no H2-driven grid need) and hinders strong grid; moderate hydrogen supports moderate grid and slightly supports strong; major hydrogen strongly hinders lagging and supports strong grid, with high confidence on 2→2, 3→1, 3→3."
"Hydrogen_Role","Grid_Development","Major","Lagging","-2","4","Limited hydrogen slightly supports lagging grid (no H2-driven grid need) and hinders strong grid; moderate hydrogen supports moderate grid and slightly supports strong; major hydrogen strongly hinders lagging and supports strong grid, with high confidence on 2→2, 3→1, 3→3."
"Hydrogen_Role","Grid_Development","Major","Moderate","1","3","Limited hydrogen slightly supports lagging grid (no H2-driven grid need) and hinders strong grid; moderate hydrogen supports moderate grid and slightly supports strong; major hydrogen strongly hinders lagging and supports strong grid, with high confidence on 2→2, 3→1, 3→3."
"Hydrogen_Role","Grid_Development","Major","Strong","2","4","Limited hydrogen slightly supports lagging grid (no H2-driven grid need) and hinders strong grid; moderate hydrogen supports moderate grid and slightly supports strong; major hydrogen strongly hinders lagging and supports strong grid, with high confidence on 2→2, 3→1, 3→3."
"Hydrogen_Role","Electrification_Pace","Limited","Slow","-1","4","Hydrogen and electrification are partial substitutes in key sectors; Limited hydrogen promotes High electrification and hinders Slow; Major hydrogen promotes Slow and hinders High; Moderate hydrogen supports Medium electrification; confidences 3–4."
"Hydrogen_Role","Electrification_Pace","Limited","Medium","0","3","Hydrogen and electrification are partial substitutes in key sectors; Limited hydrogen promotes High electrification and hinders Slow; Major hydrogen promotes Slow and hinders High; Moderate hydrogen supports Medium electrification; confidences 3–4."
"Hydrogen_Role","Electrification_Pace","Limited","High","2","4","Hydrogen and electrification are partial substitutes in key sectors; Limited hydrogen promotes High electrification and hinders Slow; Major hydrogen promotes Slow and hinders High; Moderate hydrogen supports Medium electrification; confidences 3–4."
"Hydrogen_Role","Electrification_Pace","Moderate","Slow","-1","3","Hydrogen and electrification are partial substitutes in key sectors; Limited hydrogen promotes High electrification and hinders Slow; Major hydrogen promotes Slow and hinders High; Moderate hydrogen supports Medium electrification; confidences 3–4."
"Hydrogen_Role","Electrification_Pace","Moderate","Medium","1","4","Hydrogen and electrification are partial substitutes in key sectors; Limited hydrogen promotes High electrification and hinders Slow; Major hydrogen promotes Slow and hinders High; Moderate hydrogen supports Medium electrification; confidences 3–4."
"Hydrogen_Role","Electrification_Pace","Moderate","High","0","3","Hydrogen and electrification are partial substitutes in key sectors; Limited hydrogen promotes High electrification and hinders Slow; Major hydrogen promotes Slow and hinders High; Moderate hydrogen supports Medium electrification; confidences 3–4."
"Hydrogen_Role","Electrification_Pace","Major","Slow","1","4","Hydrogen and electrification are partial substitutes in key sectors; Limited hydrogen promotes High electrification and hinders Slow; Major hydrogen promotes Slow and hinders High; Moderate hydrogen supports Medium electrification; confidences 3–4."
"Hydrogen_Role","Electrification_Pace","Major","Medium","0","3","Hydrogen and electrification are partial substitutes in key sectors; Limited hydrogen promotes High electrification and hinders Slow; Major hydrogen promotes Slow and hinders High; Moderate hydrogen supports Medium electrification; confidences 3–4."
"Hydrogen_Role","Electrification_Pace","Major","High","-2","4","Hydrogen and electrification are partial substitutes in key sectors; Limited hydrogen promotes High electrification and hinders Slow; Major hydrogen promotes Slow and hinders High; Moderate hydrogen supports Medium electrification; confidences 3–4."
"Hydrogen_Role","Industrial_Energy_Demand","Limited","High","0","3","Hydrogen role and industrial demand consistency—Limited H2 neutral across demand levels; Moderate H2 supports Medium and weakly High, hinders Low; Major H2 supports High and Medium and hinders Low (major H2 use reflects high-intensity industry); confidences 3–4."
"Hydrogen_Role","Industrial_Energy_Demand","Limited","Medium","0","3","Hydrogen role and industrial demand consistency—Limited H2 neutral across demand levels; Moderate H2 supports Medium and weakly High, hinders Low; Major H2 supports High and Medium and hinders Low (major H2 use reflects high-intensity industry); confidences 3–4."
"Hydrogen_Role","Industrial_Energy_Demand","Limited","Low","0","3","Hydrogen role and industrial demand consistency—Limited H2 neutral across demand levels; Moderate H2 supports Medium and weakly High, hinders Low; Major H2 supports High and Medium and hinders Low (major H2 use reflects high-intensity industry); confidences 3–4."
"Hydrogen_Role","Industrial_Energy_Demand","Moderate","High","1","3","Hydrogen role and industrial demand consistency—Limited H2 neutral across demand levels; Moderate H2 supports Medium and weakly High, hinders Low; Major H2 supports High and Medium and hinders Low (major H2 use reflects high-intensity industry); confidences 3–4."
"Hydrogen_Role","Industrial_Energy_Demand","Moderate","Medium","2","4","Hydrogen role and industrial demand consistency—Limited H2 neutral across demand levels; Moderate H2 supports Medium and weakly High, hinders Low; Major H2 supports High and Medium and hinders Low (major H2 use reflects high-intensity industry); confidences 3–4."
"Hydrogen_Role","Industrial_Energy_Demand","Moderate","Low","-1","3","Hydrogen role and industrial demand consistency—Limited H2 neutral across demand levels; Moderate H2 supports Medium and weakly High, hinders Low; Major H2 supports High and Medium and hinders Low (major H2 use reflects high-intensity industry); confidences 3–4."
"Hydrogen_Role","Industrial_Energy_Demand","Major","High","2","4","Hydrogen role and industrial demand consistency—Limited H2 neutral across demand levels; Moderate H2 supports Medium and weakly High, hinders Low; Major H2 supports High and Medium and hinders Low (major H2 use reflects high-intensity industry); confidences 3–4."
"Hydrogen_Role","Industrial_Energy_Demand","Major","Medium","1","3","Hydrogen role and industrial demand consistency—Limited H2 neutral across demand levels; Moderate H2 supports Medium and weakly High, hinders Low; Major H2 supports High and Medium and hinders Low (major H2 use reflects high-intensity industry); confidences 3–4."
"Hydrogen_Role","Industrial_Energy_Demand","Major","Low","-2","4","Hydrogen role and industrial demand consistency—Limited H2 neutral across demand levels; Moderate H2 supports Medium and weakly High, hinders Low; Major H2 supports High and Medium and hinders Low (major H2 use reflects high-intensity industry); confidences 3–4."
"Hydrogen_Role","Fossil_Price_Pressure","Limited","Low","-2","4","Hydrogen role in Germany affects fossil price pressure on the German system mainly by exposure: limited role supports high pressure and hinders low; major role supports low pressure and hinders high; confidences 3–4 as link is clear but fossil prices partly exogenous at EU/global level."
"Hydrogen_Role","Fossil_Price_Pressure","Limited","Medium","0","3","Hydrogen role in Germany affects fossil price pressure on the German system mainly by exposure: limited role supports high pressure and hinders low; major role supports low pressure and hinders high; confidences 3–4 as link is clear but fossil prices partly exogenous at EU/global level."
"Hydrogen_Role","Fossil_Price_Pressure","Limited","High","2","4","Hydrogen role in Germany affects fossil price pressure on the German system mainly by exposure: limited role supports high pressure and hinders low; major role supports low pressure and hinders high; confidences 3–4 as link is clear but fossil prices partly exogenous at EU/global level."
"Hydrogen_Role","Fossil_Price_Pressure","Moderate","Low","1","4","Hydrogen role in Germany affects fossil price pressure on the German system mainly by exposure: limited role supports high pressure and hinders low; major role supports low pressure and hinders high; confidences 3–4 as link is clear but fossil prices partly exogenous at EU/global level."
"Hydrogen_Role","Fossil_Price_Pressure","Moderate","Medium","0","3","Hydrogen role in Germany affects fossil price pressure on the German system mainly by exposure: limited role supports high pressure and hinders low; major role supports low pressure and hinders high; confidences 3–4 as link is clear but fossil prices partly exogenous at EU/global level."
"Hydrogen_Role","Fossil_Price_Pressure","Moderate","High","-1","4","Hydrogen role in Germany affects fossil price pressure on the German system mainly by exposure: limited role supports high pressure and hinders low; major role supports low pressure and hinders high; confidences 3–4 as link is clear but fossil prices partly exogenous at EU/global level."
"Hydrogen_Role","Fossil_Price_Pressure","Major","Low","2","4","Hydrogen role in Germany affects fossil price pressure on the German system mainly by exposure: limited role supports high pressure and hinders low; major role supports low pressure and hinders high; confidences 3–4 as link is clear but fossil prices partly exogenous at EU/global level."
"Hydrogen_Role","Fossil_Price_Pressure","Major","Medium","-1","3","Hydrogen role in Germany affects fossil price pressure on the German system mainly by exposure: limited role supports high pressure and hinders low; major role supports low pressure and hinders high; confidences 3–4 as link is clear but fossil prices partly exogenous at EU/global level."
"Hydrogen_Role","Fossil_Price_Pressure","Major","High","-2","4","Hydrogen role in Germany affects fossil price pressure on the German system mainly by exposure: limited role supports high pressure and hinders low; major role supports low pressure and hinders high; confidences 3–4 as link is clear but fossil prices partly exogenous at EU/global level."
"Hydrogen_Role","Public_Acceptance","Limited","Low","1","3","Congruent states (Limited–Low, Moderate–Medium) scored positive; Limited H2 hinders High acceptance; Major H2 can promote Low acceptance (NIMBY/infrastructure opposition); Major→High set to 0 with low confidence due to dual effect of visibility (support vs. opposition)."
"Hydrogen_Role","Public_Acceptance","Limited","Medium","0","2","Congruent states (Limited–Low, Moderate–Medium) scored positive; Limited H2 hinders High acceptance; Major H2 can promote Low acceptance (NIMBY/infrastructure opposition); Major→High set to 0 with low confidence due to dual effect of visibility (support vs. opposition)."
"Hydrogen_Role","Public_Acceptance","Limited","High","-2","4","Congruent states (Limited–Low, Moderate–Medium) scored positive; Limited H2 hinders High acceptance; Major H2 can promote Low acceptance (NIMBY/infrastructure opposition); Major→High set to 0 with low confidence due to dual effect of visibility (support vs. opposition)."
"Hydrogen_Role","Public_Acceptance","Moderate","Low","-1","3","Congruent states (Limited–Low, Moderate–Medium) scored positive; Limited H2 hinders High acceptance; Major H2 can promote Low acceptance (NIMBY/infrastructure opposition); Major→High set to 0 with low confidence due to dual effect of visibility (support vs. opposition)."
"Hydrogen_Role","Public_Acceptance","Moderate","Medium","2","4","Congruent states (Limited–Low, Moderate–Medium) scored positive; Limited H2 hinders High acceptance; Major H2 can promote Low acceptance (NIMBY/infrastructure opposition); Major→High set to 0 with low confidence due to dual effect of visibility (support vs. opposition)."
"Hydrogen_Role","Public_Acceptance","Moderate","High","1","3","Congruent states (Limited–Low, Moderate–Medium) scored positive; Limited H2 hinders High acceptance; Major H2 can promote Low acceptance (NIMBY/infrastructure opposition); Major→High set to 0 with low confidence due to dual effect of visibility (support vs. opposition)."
"Hydrogen_Role","Public_Acceptance","Major","Low","1","3","Congruent states (Limited–Low, Moderate–Medium) scored positive; Limited H2 hinders High acceptance; Major H2 can promote Low acceptance (NIMBY/infrastructure opposition); Major→High set to 0 with low confidence due to dual effect of visibility (support vs. opposition)."
"Hydrogen_Role","Public_Acceptance","Major","Medium","0","2","Congruent states (Limited–Low, Moderate–Medium) scored positive; Limited H2 hinders High acceptance; Major H2 can promote Low acceptance (NIMBY/infrastructure opposition); Major→High set to 0 with low confidence due to dual effect of visibility (support vs. opposition)."
"Hydrogen_Role","Public_Acceptance","Major","High","0","2","Congruent states (Limited–Low, Moderate–Medium) scored positive; Limited H2 hinders High acceptance; Major H2 can promote Low acceptance (NIMBY/infrastructure opposition); Major→High set to 0 with low confidence due to dual effect of visibility (support vs. opposition)."
"Hydrogen_Role","Land_Use_Conflict","Limited","High","-2","4","Major hydrogen role increases land demand and siting pressure (electrolysers, renewables for H2, infrastructure), supporting High and hindering Low land-use conflict; Limited H2 does the opposite; Moderate in between; corner cells high confidence, middle cells moderate."
"Hydrogen_Role","Land_Use_Conflict","Limited","Medium","0","3","Major hydrogen role increases land demand and siting pressure (electrolysers, renewables for H2, infrastructure), supporting High and hindering Low land-use conflict; Limited H2 does the opposite; Moderate in between; corner cells high confidence, middle cells moderate."
"Hydrogen_Role","Land_Use_Conflict","Limited","Low","2","4","Major hydrogen role increases land demand and siting pressure (electrolysers, renewables for H2, infrastructure), supporting High and hindering Low land-use conflict; Limited H2 does the opposite; Moderate in between; corner cells high confidence, middle cells moderate."
"Hydrogen_Role","Land_Use_Conflict","Moderate","High","0","2","Major hydrogen role increases land demand and siting pressure (electrolysers, renewables for H2, infrastructure), supporting High and hindering Low land-use conflict; Limited H2 does the opposite; Moderate in between; corner cells high confidence, middle cells moderate."
"Hydrogen_Role","Land_Use_Conflict","Moderate","Medium","1","3","Major hydrogen role increases land demand and siting pressure (electrolysers, renewables for H2, infrastructure), supporting High and hindering Low land-use conflict; Limited H2 does the opposite; Moderate in between; corner cells high confidence, middle cells moderate."
"Hydrogen_Role","Land_Use_Conflict","Moderate","Low","-1","3","Major hydrogen role increases land demand and siting pressure (electrolysers, renewables for H2, infrastructure), supporting High and hindering Low land-use conflict; Limited H2 does the opposite; Moderate in between; corner cells high confidence, middle cells moderate."
"Hydrogen_Role","Land_Use_Conflict","Major","High","2","4","Major hydrogen role increases land demand and siting pressure (electrolysers, renewables for H2, infrastructure), supporting High and hindering Low land-use conflict; Limited H2 does the opposite; Moderate in between; corner cells high confidence, middle cells moderate."
"Hydrogen_Role","Land_Use_Conflict","Major","Medium","1","3","Major hydrogen role increases land demand and siting pressure (electrolysers, renewables for H2, infrastructure), supporting High and hindering Low land-use conflict; Limited H2 does the opposite; Moderate in between; corner cells high confidence, middle cells moderate."
"Hydrogen_Role","Land_Use_Conflict","Major","Low","-2","4","Major hydrogen role increases land demand and siting pressure (electrolysers, renewables for H2, infrastructure), supporting High and hindering Low land-use conflict; Limited H2 does the opposite; Moderate in between; corner cells high confidence, middle cells moderate."
"Hydrogen_Role","EU_Policy_Alignment","Limited","Low","1","3","Germany's hydrogen role drives EU policy alignment via demand for EU rules and member-state leadership: Limited H2 supports Low and hinders High EU alignment; Moderate supports Medium and weakly High; Major hinders Low and supports High; confidences 3–4 except Limited→Medium (2)."
"Hydrogen_Role","EU_Policy_Alignment","Limited","Medium","0","2","Germany's hydrogen role drives EU policy alignment via demand for EU rules and member-state leadership: Limited H2 supports Low and hinders High EU alignment; Moderate supports Medium and weakly High; Major hinders Low and supports High; confidences 3–4 except Limited→Medium (2)."
"Hydrogen_Role","EU_Policy_Alignment","Limited","High","-2","3","Germany's hydrogen role drives EU policy alignment via demand for EU rules and member-state leadership: Limited H2 supports Low and hinders High EU alignment; Moderate supports Medium and weakly High; Major hinders Low and supports High; confidences 3–4 except Limited→Medium (2)."
"Hydrogen_Role","EU_Policy_Alignment","Moderate","Low","-1","3","Germany's hydrogen role drives EU policy alignment via demand for EU rules and member-state leadership: Limited H2 supports Low and hinders High EU alignment; Moderate supports Medium and weakly High; Major hinders Low and supports High; confidences 3–4 except Limited→Medium (2)."
"Hydrogen_Role","EU_Policy_Alignment","Moderate","Medium","1","4","Germany's hydrogen role drives EU policy alignment via demand for EU rules and member-state leadership: Limited H2 supports Low and hinders High EU alignment; Moderate supports Medium and weakly High; Major hinders Low and supports High; confidences 3–4 except Limited→Medium (2)."
"Hydrogen_Role","EU_Policy_Alignment","Moderate","High","1","3","Germany's hydrogen role drives EU policy alignment via demand for EU rules and member-state leadership: Limited H2 supports Low and hinders High EU alignment; Moderate supports Medium and weakly High; Major hinders Low and supports High; confidences 3–4 except Limited→Medium (2)."
"Hydrogen_Role","EU_Policy_Alignment","Major","Low","-2","4","Germany's hydrogen role drives EU policy alignment via demand for EU rules and member-state leadership: Limited H2 supports Low and hinders High EU alignment; Moderate supports Medium and weakly High; Major hinders Low and supports High; confidences 3–4 except Limited→Medium (2)."
"Hydrogen_Role","EU_Policy_Alignment","Major","Medium","0","3","Germany's hydrogen role drives EU policy alignment via demand for EU rules and member-state leadership: Limited H2 supports Low and hinders High EU alignment; Moderate supports Medium and weakly High; Major hinders Low and supports High; confidences 3–4 except Limited→Medium (2)."
"Hydrogen_Role","EU_Policy_Alignment","Major","High","2","4","Germany's hydrogen role drives EU policy alignment via demand for EU rules and member-state leadership: Limited H2 supports Low and hinders High EU alignment; Moderate supports Medium and weakly High; Major hinders Low and supports High; confidences 3–4 except Limited→Medium (2)."
"Hydrogen_Role","Energy_Security_Pressure","Limited","Low","-2","4","Hydrogen role in Germany affects energy security pressure (EU/global): limited hydrogen implies greater gas/import dependence and supports high pressure; major hydrogen diversifies supply and supports low pressure; panel agreed on consistent ordinal pattern with confidence 3–4."
"Hydrogen_Role","Energy_Security_Pressure","Limited","Medium","0","3","Hydrogen role in Germany affects energy security pressure (EU/global): limited hydrogen implies greater gas/import dependence and supports high pressure; major hydrogen diversifies supply and supports low pressure; panel agreed on consistent ordinal pattern with confidence 3–4."
"Hydrogen_Role","Energy_Security_Pressure","Limited","High","2","4","Hydrogen role in Germany affects energy security pressure (EU/global): limited hydrogen implies greater gas/import dependence and supports high pressure; major hydrogen diversifies supply and supports low pressure; panel agreed on consistent ordinal pattern with confidence 3–4."
"Hydrogen_Role","Energy_Security_Pressure","Moderate","Low","1","3","Hydrogen role in Germany affects energy security pressure (EU/global): limited hydrogen implies greater gas/import dependence and supports high pressure; major hydrogen diversifies supply and supports low pressure; panel agreed on consistent ordinal pattern with confidence 3–4."
"Hydrogen_Role","Energy_Security_Pressure","Moderate","Medium","0","3","Hydrogen role in Germany affects energy security pressure (EU/global): limited hydrogen implies greater gas/import dependence and supports high pressure; major hydrogen diversifies supply and supports low pressure; panel agreed on consistent ordinal pattern with confidence 3–4."
"Hydrogen_Role","Energy_Security_Pressure","Moderate","High","-1","3","Hydrogen role in Germany affects energy security pressure (EU/global): limited hydrogen implies greater gas/import dependence and supports high pressure; major hydrogen diversifies supply and supports low pressure; panel agreed on consistent ordinal pattern with confidence 3–4."
"Hydrogen_Role","Energy_Security_Pressure","Major","Low","2","4","Hydrogen role in Germany affects energy security pressure (EU/global): limited hydrogen implies greater gas/import dependence and supports high pressure; major hydrogen diversifies supply and supports low pressure; panel agreed on consistent ordinal pattern with confidence 3–4."
"Hydrogen_Role","Energy_Security_Pressure","Major","Medium","1","3","Hydrogen role in Germany affects energy security pressure (EU/global): limited hydrogen implies greater gas/import dependence and supports high pressure; major hydrogen diversifies supply and supports low pressure; panel agreed on consistent ordinal pattern with confidence 3–4."
"Hydrogen_Role","Energy_Security_Pressure","Major","High","-2","4","Hydrogen role in Germany affects energy security pressure (EU/global): limited hydrogen implies greater gas/import dependence and supports high pressure; major hydrogen diversifies supply and supports low pressure; panel agreed on consistent ordinal pattern with confidence 3–4."
"Hydrogen_Role","Investment_Availability","Limited","Low","0","3","Major hydrogen role strongly supports High and strongly hinders Low investment; Limited role neutral for Low/Medium and weakly hinders High; Moderate role best aligns with Medium investment; confidences 3–4."
"Hydrogen_Role","Investment_Availability","Limited","Medium","0","3","Major hydrogen role strongly supports High and strongly hinders Low investment; Limited role neutral for Low/Medium and weakly hinders High; Moderate role best aligns with Medium investment; confidences 3–4."
"Hydrogen_Role","Investment_Availability","Limited","High","-1","3","Major hydrogen role strongly supports High and strongly hinders Low investment; Limited role neutral for Low/Medium and weakly hinders High; Moderate role best aligns with Medium investment; confidences 3–4."
"Hydrogen_Role","Investment_Availability","Moderate","Low","-1","3","Major hydrogen role strongly supports High and strongly hinders Low investment; Limited role neutral for Low/Medium and weakly hinders High; Moderate role best aligns with Medium investment; confidences 3–4."
"Hydrogen_Role","Investment_Availability","Moderate","Medium","2","4","Major hydrogen role strongly supports High and strongly hinders Low investment; Limited role neutral for Low/Medium and weakly hinders High; Moderate role best aligns with Medium investment; confidences 3–4."
"Hydrogen_Role","Investment_Availability","Moderate","High","1","3","Major hydrogen role strongly supports High and strongly hinders Low investment; Limited role neutral for Low/Medium and weakly hinders High; Moderate role best aligns with Medium investment; confidences 3–4."
"Hydrogen_Role","Investment_Availability","Major","Low","-3","4","Major hydrogen role strongly supports High and strongly hinders Low investment; Limited role neutral for Low/Medium and weakly hinders High; Moderate role best aligns with Medium investment; confidences 3–4."
"Hydrogen_Role","Investment_Availability","Major","Medium","-1","3","Major hydrogen role strongly supports High and strongly hinders Low investment; Limited role neutral for Low/Medium and weakly hinders High; Moderate role best aligns with Medium investment; confidences 3–4."
"Hydrogen_Role","Investment_Availability","Major","High","3","4","Major hydrogen role strongly supports High and strongly hinders Low investment; Limited role neutral for Low/Medium and weakly hinders High; Moderate role best aligns with Medium investment; confidences 3–4."
"Grid_Development","Decarbonisation_Outcome","Lagging","High emissions","2","4","Grid as key enabler: Lagging supports high emissions and strongly hinders net-zero; Moderate supports medium outcome and partially net-zero; Strong hinders high emissions and strongly supports net-zero aligned; confidences 4–5 on main mechanism."
"Grid_Development","Decarbonisation_Outcome","Lagging","Medium","0","3","Grid as key enabler: Lagging supports high emissions and strongly hinders net-zero; Moderate supports medium outcome and partially net-zero; Strong hinders high emissions and strongly supports net-zero aligned; confidences 4–5 on main mechanism."
"Grid_Development","Decarbonisation_Outcome","Lagging","Net-zero aligned","-3","5","Grid as key enabler: Lagging supports high emissions and strongly hinders net-zero; Moderate supports medium outcome and partially net-zero; Strong hinders high emissions and strongly supports net-zero aligned; confidences 4–5 on main mechanism."
"Grid_Development","Decarbonisation_Outcome","Moderate","High emissions","-1","4","Grid as key enabler: Lagging supports high emissions and strongly hinders net-zero; Moderate supports medium outcome and partially net-zero; Strong hinders high emissions and strongly supports net-zero aligned; confidences 4–5 on main mechanism."
"Grid_Development","Decarbonisation_Outcome","Moderate","Medium","2","4","Grid as key enabler: Lagging supports high emissions and strongly hinders net-zero; Moderate supports medium outcome and partially net-zero; Strong hinders high emissions and strongly supports net-zero aligned; confidences 4–5 on main mechanism."
"Grid_Development","Decarbonisation_Outcome","Moderate","Net-zero aligned","1","4","Grid as key enabler: Lagging supports high emissions and strongly hinders net-zero; Moderate supports medium outcome and partially net-zero; Strong hinders high emissions and strongly supports net-zero aligned; confidences 4–5 on main mechanism."
"Grid_Development","Decarbonisation_Outcome","Strong","High emissions","-2","5","Grid as key enabler: Lagging supports high emissions and strongly hinders net-zero; Moderate supports medium outcome and partially net-zero; Strong hinders high emissions and strongly supports net-zero aligned; confidences 4–5 on main mechanism."
"Grid_Development","Decarbonisation_Outcome","Strong","Medium","1","4","Grid as key enabler: Lagging supports high emissions and strongly hinders net-zero; Moderate supports medium outcome and partially net-zero; Strong hinders high emissions and strongly supports net-zero aligned; confidences 4–5 on main mechanism."
"Grid_Development","Decarbonisation_Outcome","Strong","Net-zero aligned","3","5","Grid as key enabler: Lagging supports high emissions and strongly hinders net-zero; Moderate supports medium outcome and partially net-zero; Strong hinders high emissions and strongly supports net-zero aligned; confidences 4–5 on main mechanism."
"Grid_Development","Policy_Stringency","Lagging","Low","2","4","Lagging grid supports Low and hinders High policy (political ""grid excuse""); Strong grid hinders Low and supports High; Moderate grid supports Medium and weakly supports High; neutral cells 0 with Conf 3."
"Grid_Development","Policy_Stringency","Lagging","Medium","0","3","Lagging grid supports Low and hinders High policy (political ""grid excuse""); Strong grid hinders Low and supports High; Moderate grid supports Medium and weakly supports High; neutral cells 0 with Conf 3."
"Grid_Development","Policy_Stringency","Lagging","High","-2","4","Lagging grid supports Low and hinders High policy (political ""grid excuse""); Strong grid hinders Low and supports High; Moderate grid supports Medium and weakly supports High; neutral cells 0 with Conf 3."
"Grid_Development","Policy_Stringency","Moderate","Low","0","3","Lagging grid supports Low and hinders High policy (political ""grid excuse""); Strong grid hinders Low and supports High; Moderate grid supports Medium and weakly supports High; neutral cells 0 with Conf 3."
"Grid_Development","Policy_Stringency","Moderate","Medium","1","4","Lagging grid supports Low and hinders High policy (political ""grid excuse""); Strong grid hinders Low and supports High; Moderate grid supports Medium and weakly supports High; neutral cells 0 with Conf 3."
"Grid_Development","Policy_Stringency","Moderate","High","1","3","Lagging grid supports Low and hinders High policy (political ""grid excuse""); Strong grid hinders Low and supports High; Moderate grid supports Medium and weakly supports High; neutral cells 0 with Conf 3."
"Grid_Development","Policy_Stringency","Strong","Low","-2","4","Lagging grid supports Low and hinders High policy (political ""grid excuse""); Strong grid hinders Low and supports High; Moderate grid supports Medium and weakly supports High; neutral cells 0 with Conf 3."
"Grid_Development","Policy_Stringency","Strong","Medium","0","3","Lagging grid supports Low and hinders High policy (political ""grid excuse""); Strong grid hinders Low and supports High; Moderate grid supports Medium and weakly supports High; neutral cells 0 with Conf 3."
"Grid_Development","Policy_Stringency","Strong","High","2","4","Lagging grid supports Low and hinders High policy (political ""grid excuse""); Strong grid hinders Low and supports High; Moderate grid supports Medium and weakly supports High; neutral cells 0 with Conf 3."
"Grid_Development","Permitting_Pace","Lagging","Slow","2","4","Grid development and permitting pace share the same DE implementation context: lagging grid supports slow and hinders fast permitting; strong grid hinders slow and supports medium and fast; moderate aligns with medium and slightly supports fast; diagonal and off-diagonal impacts agreed with confidence 3–4."
"Grid_Development","Permitting_Pace","Lagging","Medium","0","3","Grid development and permitting pace share the same DE implementation context: lagging grid supports slow and hinders fast permitting; strong grid hinders slow and supports medium and fast; moderate aligns with medium and slightly supports fast; diagonal and off-diagonal impacts agreed with confidence 3–4."
"Grid_Development","Permitting_Pace","Lagging","Fast","-2","4","Grid development and permitting pace share the same DE implementation context: lagging grid supports slow and hinders fast permitting; strong grid hinders slow and supports medium and fast; moderate aligns with medium and slightly supports fast; diagonal and off-diagonal impacts agreed with confidence 3–4."
"Grid_Development","Permitting_Pace","Moderate","Slow","-1","3","Grid development and permitting pace share the same DE implementation context: lagging grid supports slow and hinders fast permitting; strong grid hinders slow and supports medium and fast; moderate aligns with medium and slightly supports fast; diagonal and off-diagonal impacts agreed with confidence 3–4."
"Grid_Development","Permitting_Pace","Moderate","Medium","2","4","Grid development and permitting pace share the same DE implementation context: lagging grid supports slow and hinders fast permitting; strong grid hinders slow and supports medium and fast; moderate aligns with medium and slightly supports fast; diagonal and off-diagonal impacts agreed with confidence 3–4."
"Grid_Development","Permitting_Pace","Moderate","Fast","1","3","Grid development and permitting pace share the same DE implementation context: lagging grid supports slow and hinders fast permitting; strong grid hinders slow and supports medium and fast; moderate aligns with medium and slightly supports fast; diagonal and off-diagonal impacts agreed with confidence 3–4."
"Grid_Development","Permitting_Pace","Strong","Slow","-2","4","Grid development and permitting pace share the same DE implementation context: lagging grid supports slow and hinders fast permitting; strong grid hinders slow and supports medium and fast; moderate aligns with medium and slightly supports fast; diagonal and off-diagonal impacts agreed with confidence 3–4."
"Grid_Development","Permitting_Pace","Strong","Medium","1","3","Grid development and permitting pace share the same DE implementation context: lagging grid supports slow and hinders fast permitting; strong grid hinders slow and supports medium and fast; moderate aligns with medium and slightly supports fast; diagonal and off-diagonal impacts agreed with confidence 3–4."
"Grid_Development","Permitting_Pace","Strong","Fast","2","4","Grid development and permitting pace share the same DE implementation context: lagging grid supports slow and hinders fast permitting; strong grid hinders slow and supports medium and fast; moderate aligns with medium and slightly supports fast; diagonal and off-diagonal impacts agreed with confidence 3–4."
"Grid_Development","Renewables_Deployment","Lagging","Low","2","4","Lagging grid supports low and hinders high renewables deployment; moderate grid supports medium and somewhat high; strong grid hinders low and strongly supports high. Diagonal logic (grid level aligns with deployment level) with confidences 3–4."
"Grid_Development","Renewables_Deployment","Lagging","Medium","0","3","Lagging grid supports low and hinders high renewables deployment; moderate grid supports medium and somewhat high; strong grid hinders low and strongly supports high. Diagonal logic (grid level aligns with deployment level) with confidences 3–4."
"Grid_Development","Renewables_Deployment","Lagging","High","-2","4","Lagging grid supports low and hinders high renewables deployment; moderate grid supports medium and somewhat high; strong grid hinders low and strongly supports high. Diagonal logic (grid level aligns with deployment level) with confidences 3–4."
"Grid_Development","Renewables_Deployment","Moderate","Low","-1","3","Lagging grid supports low and hinders high renewables deployment; moderate grid supports medium and somewhat high; strong grid hinders low and strongly supports high. Diagonal logic (grid level aligns with deployment level) with confidences 3–4."
"Grid_Development","Renewables_Deployment","Moderate","Medium","2","4","Lagging grid supports low and hinders high renewables deployment; moderate grid supports medium and somewhat high; strong grid hinders low and strongly supports high. Diagonal logic (grid level aligns with deployment level) with confidences 3–4."
"Grid_Development","Renewables_Deployment","Moderate","High","1","3","Lagging grid supports low and hinders high renewables deployment; moderate grid supports medium and somewhat high; strong grid hinders low and strongly supports high. Diagonal logic (grid level aligns with deployment level) with confidences 3–4."
"Grid_Development","Renewables_Deployment","Strong","Low","-2","4","Lagging grid supports low and hinders high renewables deployment; moderate grid supports medium and somewhat high; strong grid hinders low and strongly supports high. Diagonal logic (grid level aligns with deployment level) with confidences 3–4."
"Grid_Development","Renewables_Deployment","Strong","Medium","1","3","Lagging grid supports low and hinders high renewables deployment; moderate grid supports medium and somewhat high; strong grid hinders low and strongly supports high. Diagonal logic (grid level aligns with deployment level) with confidences 3–4."
"Grid_Development","Renewables_Deployment","Strong","High","3","4","Lagging grid supports low and hinders high renewables deployment; moderate grid supports medium and somewhat high; strong grid hinders low and strongly supports high. Diagonal logic (grid level aligns with deployment level) with confidences 3–4."
"Grid_Development","Technology_Costs","Lagging","High","2","4","Lagging grid supports high technology costs and hinders low (scale/learning channel); strong grid supports low costs and hinders high; moderate grid supports medium costs; confidences 3–4 given global cost drivers beyond German grid."
"Grid_Development","Technology_Costs","Lagging","Medium","0","3","Lagging grid supports high technology costs and hinders low (scale/learning channel); strong grid supports low costs and hinders high; moderate grid supports medium costs; confidences 3–4 given global cost drivers beyond German grid."
"Grid_Development","Technology_Costs","Lagging","Low","-2","4","Lagging grid supports high technology costs and hinders low (scale/learning channel); strong grid supports low costs and hinders high; moderate grid supports medium costs; confidences 3–4 given global cost drivers beyond German grid."
"Grid_Development","Technology_Costs","Moderate","High","-1","3","Lagging grid supports high technology costs and hinders low (scale/learning channel); strong grid supports low costs and hinders high; moderate grid supports medium costs; confidences 3–4 given global cost drivers beyond German grid."
"Grid_Development","Technology_Costs","Moderate","Medium","1","4","Lagging grid supports high technology costs and hinders low (scale/learning channel); strong grid supports low costs and hinders high; moderate grid supports medium costs; confidences 3–4 given global cost drivers beyond German grid."
"Grid_Development","Technology_Costs","Moderate","Low","0","3","Lagging grid supports high technology costs and hinders low (scale/learning channel); strong grid supports low costs and hinders high; moderate grid supports medium costs; confidences 3–4 given global cost drivers beyond German grid."
"Grid_Development","Technology_Costs","Strong","High","-2","4","Lagging grid supports high technology costs and hinders low (scale/learning channel); strong grid supports low costs and hinders high; moderate grid supports medium costs; confidences 3–4 given global cost drivers beyond German grid."
"Grid_Development","Technology_Costs","Strong","Medium","-1","3","Lagging grid supports high technology costs and hinders low (scale/learning channel); strong grid supports low costs and hinders high; moderate grid supports medium costs; confidences 3–4 given global cost drivers beyond German grid."
"Grid_Development","Technology_Costs","Strong","Low","2","4","Lagging grid supports high technology costs and hinders low (scale/learning channel); strong grid supports low costs and hinders high; moderate grid supports medium costs; confidences 3–4 given global cost drivers beyond German grid."
"Grid_Development","Hydrogen_Role","Lagging","Limited","2","4","Grid enables power for electrolysis and integration with renewables; lagging grid supports Limited and strongly hinders Major hydrogen role; strong grid hinders Limited and strongly supports Major; moderate grid aligns with Moderate role; confidence highest on diagonal and opposite-corner cells."
"Grid_Development","Hydrogen_Role","Lagging","Moderate","-1","4","Grid enables power for electrolysis and integration with renewables; lagging grid supports Limited and strongly hinders Major hydrogen role; strong grid hinders Limited and strongly supports Major; moderate grid aligns with Moderate role; confidence highest on diagonal and opposite-corner cells."
"Grid_Development","Hydrogen_Role","Lagging","Major","-3","5","Grid enables power for electrolysis and integration with renewables; lagging grid supports Limited and strongly hinders Major hydrogen role; strong grid hinders Limited and strongly supports Major; moderate grid aligns with Moderate role; confidence highest on diagonal and opposite-corner cells."
"Grid_Development","Hydrogen_Role","Moderate","Limited","0","3","Grid enables power for electrolysis and integration with renewables; lagging grid supports Limited and strongly hinders Major hydrogen role; strong grid hinders Limited and strongly supports Major; moderate grid aligns with Moderate role; confidence highest on diagonal and opposite-corner cells."
"Grid_Development","Hydrogen_Role","Moderate","Moderate","2","4","Grid enables power for electrolysis and integration with renewables; lagging grid supports Limited and strongly hinders Major hydrogen role; strong grid hinders Limited and strongly supports Major; moderate grid aligns with Moderate role; confidence highest on diagonal and opposite-corner cells."
"Grid_Development","Hydrogen_Role","Moderate","Major","1","3","Grid enables power for electrolysis and integration with renewables; lagging grid supports Limited and strongly hinders Major hydrogen role; strong grid hinders Limited and strongly supports Major; moderate grid aligns with Moderate role; confidence highest on diagonal and opposite-corner cells."
"Grid_Development","Hydrogen_Role","Strong","Limited","-2","4","Grid enables power for electrolysis and integration with renewables; lagging grid supports Limited and strongly hinders Major hydrogen role; strong grid hinders Limited and strongly supports Major; moderate grid aligns with Moderate role; confidence highest on diagonal and opposite-corner cells."
"Grid_Development","Hydrogen_Role","Strong","Moderate","1","4","Grid enables power for electrolysis and integration with renewables; lagging grid supports Limited and strongly hinders Major hydrogen role; strong grid hinders Limited and strongly supports Major; moderate grid aligns with Moderate role; confidence highest on diagonal and opposite-corner cells."
"Grid_Development","Hydrogen_Role","Strong","Major","3","5","Grid enables power for electrolysis and integration with renewables; lagging grid supports Limited and strongly hinders Major hydrogen role; strong grid hinders Limited and strongly supports Major; moderate grid aligns with Moderate role; confidence highest on diagonal and opposite-corner cells."
"Grid_Development","Electrification_Pace","Lagging","Slow","2","4","Grid as enabler of electrification: Lagging supports Slow and hinders High, Strong supports High and hinders Slow; Moderate supports Medium and weakly High; confidences 4–5 on main links, 3 where other factors matter (2.3, 3.2)."
"Grid_Development","Electrification_Pace","Lagging","Medium","-1","4","Grid as enabler of electrification: Lagging supports Slow and hinders High, Strong supports High and hinders Slow; Moderate supports Medium and weakly High; confidences 4–5 on main links, 3 where other factors matter (2.3, 3.2)."
"Grid_Development","Electrification_Pace","Lagging","High","-2","5","Grid as enabler of electrification: Lagging supports Slow and hinders High, Strong supports High and hinders Slow; Moderate supports Medium and weakly High; confidences 4–5 on main links, 3 where other factors matter (2.3, 3.2)."
"Grid_Development","Electrification_Pace","Moderate","Slow","-1","4","Grid as enabler of electrification: Lagging supports Slow and hinders High, Strong supports High and hinders Slow; Moderate supports Medium and weakly High; confidences 4–5 on main links, 3 where other factors matter (2.3, 3.2)."
"Grid_Development","Electrification_Pace","Moderate","Medium","2","4","Grid as enabler of electrification: Lagging supports Slow and hinders High, Strong supports High and hinders Slow; Moderate supports Medium and weakly High; confidences 4–5 on main links, 3 where other factors matter (2.3, 3.2)."
"Grid_Development","Electrification_Pace","Moderate","High","1","3","Grid as enabler of electrification: Lagging supports Slow and hinders High, Strong supports High and hinders Slow; Moderate supports Medium and weakly High; confidences 4–5 on main links, 3 where other factors matter (2.3, 3.2)."
"Grid_Development","Electrification_Pace","Strong","Slow","-2","5","Grid as enabler of electrification: Lagging supports Slow and hinders High, Strong supports High and hinders Slow; Moderate supports Medium and weakly High; confidences 4–5 on main links, 3 where other factors matter (2.3, 3.2)."
"Grid_Development","Electrification_Pace","Strong","Medium","-1","3","Grid as enabler of electrification: Lagging supports Slow and hinders High, Strong supports High and hinders Slow; Moderate supports Medium and weakly High; confidences 4–5 on main links, 3 where other factors matter (2.3, 3.2)."
"Grid_Development","Electrification_Pace","Strong","High","3","5","Grid as enabler of electrification: Lagging supports Slow and hinders High, Strong supports High and hinders Slow; Moderate supports Medium and weakly High; confidences 4–5 on main links, 3 where other factors matter (2.3, 3.2)."
"Grid_Development","Industrial_Energy_Demand","Lagging","High","2","4","Grid as enabler for electrification and efficiency: Lagging supports High and hinders Low industrial demand; Strong hinders High and supports Medium/Low; Moderate supports Medium and weakly Low; confidences 2–4 with no material influence for Lagging→Medium (0,2)."
"Grid_Development","Industrial_Energy_Demand","Lagging","Medium","0","2","Grid as enabler for electrification and efficiency: Lagging supports High and hinders Low industrial demand; Strong hinders High and supports Medium/Low; Moderate supports Medium and weakly Low; confidences 2–4 with no material influence for Lagging→Medium (0,2)."
"Grid_Development","Industrial_Energy_Demand","Lagging","Low","-2","4","Grid as enabler for electrification and efficiency: Lagging supports High and hinders Low industrial demand; Strong hinders High and supports Medium/Low; Moderate supports Medium and weakly Low; confidences 2–4 with no material influence for Lagging→Medium (0,2)."
"Grid_Development","Industrial_Energy_Demand","Moderate","High","-1","3","Grid as enabler for electrification and efficiency: Lagging supports High and hinders Low industrial demand; Strong hinders High and supports Medium/Low; Moderate supports Medium and weakly Low; confidences 2–4 with no material influence for Lagging→Medium (0,2)."
"Grid_Development","Industrial_Energy_Demand","Moderate","Medium","1","4","Grid as enabler for electrification and efficiency: Lagging supports High and hinders Low industrial demand; Strong hinders High and supports Medium/Low; Moderate supports Medium and weakly Low; confidences 2–4 with no material influence for Lagging→Medium (0,2)."
"Grid_Development","Industrial_Energy_Demand","Moderate","Low","1","3","Grid as enabler for electrification and efficiency: Lagging supports High and hinders Low industrial demand; Strong hinders High and supports Medium/Low; Moderate supports Medium and weakly Low; confidences 2–4 with no material influence for Lagging→Medium (0,2)."
"Grid_Development","Industrial_Energy_Demand","Strong","High","-2","4","Grid as enabler for electrification and efficiency: Lagging supports High and hinders Low industrial demand; Strong hinders High and supports Medium/Low; Moderate supports Medium and weakly Low; confidences 2–4 with no material influence for Lagging→Medium (0,2)."
"Grid_Development","Industrial_Energy_Demand","Strong","Medium","2","4","Grid as enabler for electrification and efficiency: Lagging supports High and hinders Low industrial demand; Strong hinders High and supports Medium/Low; Moderate supports Medium and weakly Low; confidences 2–4 with no material influence for Lagging→Medium (0,2)."
"Grid_Development","Industrial_Energy_Demand","Strong","Low","2","4","Grid as enabler for electrification and efficiency: Lagging supports High and hinders Low industrial demand; Strong hinders High and supports Medium/Low; Moderate supports Medium and weakly Low; confidences 2–4 with no material influence for Lagging→Medium (0,2)."
"Grid_Development","Fossil_Price_Pressure","Lagging","Low","-1","3","Grid (DE) affects EU/global fossil price pressure only indirectly via marginal fossil demand; Lagging weakly supports High and hinders Low, Strong weakly supports Low and hinders High, Moderate neutral; confidence 2–3."
"Grid_Development","Fossil_Price_Pressure","Lagging","Medium","0","2","Grid (DE) affects EU/global fossil price pressure only indirectly via marginal fossil demand; Lagging weakly supports High and hinders Low, Strong weakly supports Low and hinders High, Moderate neutral; confidence 2–3."
"Grid_Development","Fossil_Price_Pressure","Lagging","High","1","3","Grid (DE) affects EU/global fossil price pressure only indirectly via marginal fossil demand; Lagging weakly supports High and hinders Low, Strong weakly supports Low and hinders High, Moderate neutral; confidence 2–3."
"Grid_Development","Fossil_Price_Pressure","Moderate","Low","0","2","Grid (DE) affects EU/global fossil price pressure only indirectly via marginal fossil demand; Lagging weakly supports High and hinders Low, Strong weakly supports Low and hinders High, Moderate neutral; confidence 2–3."
"Grid_Development","Fossil_Price_Pressure","Moderate","Medium","0","2","Grid (DE) affects EU/global fossil price pressure only indirectly via marginal fossil demand; Lagging weakly supports High and hinders Low, Strong weakly supports Low and hinders High, Moderate neutral; confidence 2–3."
"Grid_Development","Fossil_Price_Pressure","Moderate","High","0","2","Grid (DE) affects EU/global fossil price pressure only indirectly via marginal fossil demand; Lagging weakly supports High and hinders Low, Strong weakly supports Low and hinders High, Moderate neutral; confidence 2–3."
"Grid_Development","Fossil_Price_Pressure","Strong","Low","1","3","Grid (DE) affects EU/global fossil price pressure only indirectly via marginal fossil demand; Lagging weakly supports High and hinders Low, Strong weakly supports Low and hinders High, Moderate neutral; confidence 2–3."
"Grid_Development","Fossil_Price_Pressure","Strong","Medium","0","2","Grid (DE) affects EU/global fossil price pressure only indirectly via marginal fossil demand; Lagging weakly supports High and hinders Low, Strong weakly supports Low and hinders High, Moderate neutral; confidence 2–3."
"Grid_Development","Fossil_Price_Pressure","Strong","High","-1","3","Grid (DE) affects EU/global fossil price pressure only indirectly via marginal fossil demand; Lagging weakly supports High and hinders Low, Strong weakly supports Low and hinders High, Moderate neutral; confidence 2–3."
"Grid_Development","Public_Acceptance","Lagging","Low","2","4","Lagging grid supports low and hinders high public acceptance; strong grid hinders low and supports high acceptance; moderate grid supports medium acceptance only; off-diagonal cells set to zero with confidence ≤2."
"Grid_Development","Public_Acceptance","Lagging","Medium","0","2","Lagging grid supports low and hinders high public acceptance; strong grid hinders low and supports high acceptance; moderate grid supports medium acceptance only; off-diagonal cells set to zero with confidence ≤2."
"Grid_Development","Public_Acceptance","Lagging","High","-2","4","Lagging grid supports low and hinders high public acceptance; strong grid hinders low and supports high acceptance; moderate grid supports medium acceptance only; off-diagonal cells set to zero with confidence ≤2."
"Grid_Development","Public_Acceptance","Moderate","Low","0","2","Lagging grid supports low and hinders high public acceptance; strong grid hinders low and supports high acceptance; moderate grid supports medium acceptance only; off-diagonal cells set to zero with confidence ≤2."
"Grid_Development","Public_Acceptance","Moderate","Medium","1","3","Lagging grid supports low and hinders high public acceptance; strong grid hinders low and supports high acceptance; moderate grid supports medium acceptance only; off-diagonal cells set to zero with confidence ≤2."
"Grid_Development","Public_Acceptance","Moderate","High","0","2","Lagging grid supports low and hinders high public acceptance; strong grid hinders low and supports high acceptance; moderate grid supports medium acceptance only; off-diagonal cells set to zero with confidence ≤2."
"Grid_Development","Public_Acceptance","Strong","Low","-2","4","Lagging grid supports low and hinders high public acceptance; strong grid hinders low and supports high acceptance; moderate grid supports medium acceptance only; off-diagonal cells set to zero with confidence ≤2."
"Grid_Development","Public_Acceptance","Strong","Medium","0","2","Lagging grid supports low and hinders high public acceptance; strong grid hinders low and supports high acceptance; moderate grid supports medium acceptance only; off-diagonal cells set to zero with confidence ≤2."
"Grid_Development","Public_Acceptance","Strong","High","2","4","Lagging grid supports low and hinders high public acceptance; strong grid hinders low and supports high acceptance; moderate grid supports medium acceptance only; off-diagonal cells set to zero with confidence ≤2."
"Grid_Development","Land_Use_Conflict","Lagging","High","-1","3","More grid development increases land take and siting pressure, supporting High and hindering Low land-use conflict; Lagging does the opposite; Moderate in between; confidences 3–4 where mechanism is clear, 2 for Lagging→Medium."
"Grid_Development","Land_Use_Conflict","Lagging","Medium","0","2","More grid development increases land take and siting pressure, supporting High and hindering Low land-use conflict; Lagging does the opposite; Moderate in between; confidences 3–4 where mechanism is clear, 2 for Lagging→Medium."
"Grid_Development","Land_Use_Conflict","Lagging","Low","2","4","More grid development increases land take and siting pressure, supporting High and hindering Low land-use conflict; Lagging does the opposite; Moderate in between; confidences 3–4 where mechanism is clear, 2 for Lagging→Medium."
"Grid_Development","Land_Use_Conflict","Moderate","High","1","3","More grid development increases land take and siting pressure, supporting High and hindering Low land-use conflict; Lagging does the opposite; Moderate in between; confidences 3–4 where mechanism is clear, 2 for Lagging→Medium."
"Grid_Development","Land_Use_Conflict","Moderate","Medium","0","3","More grid development increases land take and siting pressure, supporting High and hindering Low land-use conflict; Lagging does the opposite; Moderate in between; confidences 3–4 where mechanism is clear, 2 for Lagging→Medium."
"Grid_Development","Land_Use_Conflict","Moderate","Low","1","3","More grid development increases land take and siting pressure, supporting High and hindering Low land-use conflict; Lagging does the opposite; Moderate in between; confidences 3–4 where mechanism is clear, 2 for Lagging→Medium."
"Grid_Development","Land_Use_Conflict","Strong","High","2","4","More grid development increases land take and siting pressure, supporting High and hindering Low land-use conflict; Lagging does the opposite; Moderate in between; confidences 3–4 where mechanism is clear, 2 for Lagging→Medium."
"Grid_Development","Land_Use_Conflict","Strong","Medium","0","3","More grid development increases land take and siting pressure, supporting High and hindering Low land-use conflict; Lagging does the opposite; Moderate in between; confidences 3–4 where mechanism is clear, 2 for Lagging→Medium."
"Grid_Development","Land_Use_Conflict","Strong","Low","-2","4","More grid development increases land take and siting pressure, supporting High and hindering Low land-use conflict; Lagging does the opposite; Moderate in between; confidences 3–4 where mechanism is clear, 2 for Lagging→Medium."
"Grid_Development","EU_Policy_Alignment","Lagging","Low","2","4","Germany's grid development acts as an implementation signal for EU–Germany alignment: Lagging supports Low and hinders High alignment; Strong supports High and hinders Low; Moderate supports Medium; other cells weak or zero; confidence 2–4 reflecting indirect causal path."
"Grid_Development","EU_Policy_Alignment","Lagging","Medium","0","2","Germany's grid development acts as an implementation signal for EU–Germany alignment: Lagging supports Low and hinders High alignment; Strong supports High and hinders Low; Moderate supports Medium; other cells weak or zero; confidence 2–4 reflecting indirect causal path."
"Grid_Development","EU_Policy_Alignment","Lagging","High","-2","4","Germany's grid development acts as an implementation signal for EU–Germany alignment: Lagging supports Low and hinders High alignment; Strong supports High and hinders Low; Moderate supports Medium; other cells weak or zero; confidence 2–4 reflecting indirect causal path."
"Grid_Development","EU_Policy_Alignment","Moderate","Low","-1","2","Germany's grid development acts as an implementation signal for EU–Germany alignment: Lagging supports Low and hinders High alignment; Strong supports High and hinders Low; Moderate supports Medium; other cells weak or zero; confidence 2–4 reflecting indirect causal path."
"Grid_Development","EU_Policy_Alignment","Moderate","Medium","1","3","Germany's grid development acts as an implementation signal for EU–Germany alignment: Lagging supports Low and hinders High alignment; Strong supports High and hinders Low; Moderate supports Medium; other cells weak or zero; confidence 2–4 reflecting indirect causal path."
"Grid_Development","EU_Policy_Alignment","Moderate","High","0","2","Germany's grid development acts as an implementation signal for EU–Germany alignment: Lagging supports Low and hinders High alignment; Strong supports High and hinders Low; Moderate supports Medium; other cells weak or zero; confidence 2–4 reflecting indirect causal path."
"Grid_Development","EU_Policy_Alignment","Strong","Low","-2","4","Germany's grid development acts as an implementation signal for EU–Germany alignment: Lagging supports Low and hinders High alignment; Strong supports High and hinders Low; Moderate supports Medium; other cells weak or zero; confidence 2–4 reflecting indirect causal path."
"Grid_Development","EU_Policy_Alignment","Strong","Medium","0","2","Germany's grid development acts as an implementation signal for EU–Germany alignment: Lagging supports Low and hinders High alignment; Strong supports High and hinders Low; Moderate supports Medium; other cells weak or zero; confidence 2–4 reflecting indirect causal path."
"Grid_Development","EU_Policy_Alignment","Strong","High","2","4","Germany's grid development acts as an implementation signal for EU–Germany alignment: Lagging supports Low and hinders High alignment; Strong supports High and hinders Low; Moderate supports Medium; other cells weak or zero; confidence 2–4 reflecting indirect causal path."
"Grid_Development","Energy_Security_Pressure","Lagging","Low","-2","4","Strong grid supports Low and hinders High energy security pressure; lagging grid does the opposite. Moderate grid supports Medium and slightly hinders Low and High. Confidence 4 on main diagonal/extreme cells, 3 on mixed cells."
"Grid_Development","Energy_Security_Pressure","Lagging","Medium","1","3","Strong grid supports Low and hinders High energy security pressure; lagging grid does the opposite. Moderate grid supports Medium and slightly hinders Low and High. Confidence 4 on main diagonal/extreme cells, 3 on mixed cells."
"Grid_Development","Energy_Security_Pressure","Lagging","High","2","4","Strong grid supports Low and hinders High energy security pressure; lagging grid does the opposite. Moderate grid supports Medium and slightly hinders Low and High. Confidence 4 on main diagonal/extreme cells, 3 on mixed cells."
"Grid_Development","Energy_Security_Pressure","Moderate","Low","-1","3","Strong grid supports Low and hinders High energy security pressure; lagging grid does the opposite. Moderate grid supports Medium and slightly hinders Low and High. Confidence 4 on main diagonal/extreme cells, 3 on mixed cells."
"Grid_Development","Energy_Security_Pressure","Moderate","Medium","1","4","Strong grid supports Low and hinders High energy security pressure; lagging grid does the opposite. Moderate grid supports Medium and slightly hinders Low and High. Confidence 4 on main diagonal/extreme cells, 3 on mixed cells."
"Grid_Development","Energy_Security_Pressure","Moderate","High","-1","3","Strong grid supports Low and hinders High energy security pressure; lagging grid does the opposite. Moderate grid supports Medium and slightly hinders Low and High. Confidence 4 on main diagonal/extreme cells, 3 on mixed cells."
"Grid_Development","Energy_Security_Pressure","Strong","Low","2","4","Strong grid supports Low and hinders High energy security pressure; lagging grid does the opposite. Moderate grid supports Medium and slightly hinders Low and High. Confidence 4 on main diagonal/extreme cells, 3 on mixed cells."
"Grid_Development","Energy_Security_Pressure","Strong","Medium","-1","3","Strong grid supports Low and hinders High energy security pressure; lagging grid does the opposite. Moderate grid supports Medium and slightly hinders Low and High. Confidence 4 on main diagonal/extreme cells, 3 on mixed cells."
"Grid_Development","Energy_Security_Pressure","Strong","High","-2","4","Strong grid supports Low and hinders High energy security pressure; lagging grid does the opposite. Moderate grid supports Medium and slightly hinders Low and High. Confidence 4 on main diagonal/extreme cells, 3 on mixed cells."
"Grid_Development","Investment_Availability","Lagging","Low","2","4","Grid development acts as enabler and signal for DE/EU transition capital: lagging grid supports low and hinders high investment; strong grid hinders low and supports high; moderate aligns with medium; diagonal consistency with confidences 3–4; 3→3 agreed +2 (not +3) as grid is one driver among others."
"Grid_Development","Investment_Availability","Lagging","Medium","-1","3","Grid development acts as enabler and signal for DE/EU transition capital: lagging grid supports low and hinders high investment; strong grid hinders low and supports high; moderate aligns with medium; diagonal consistency with confidences 3–4; 3→3 agreed +2 (not +3) as grid is one driver among others."
"Grid_Development","Investment_Availability","Lagging","High","-2","4","Grid development acts as enabler and signal for DE/EU transition capital: lagging grid supports low and hinders high investment; strong grid hinders low and supports high; moderate aligns with medium; diagonal consistency with confidences 3–4; 3→3 agreed +2 (not +3) as grid is one driver among others."
"Grid_Development","Investment_Availability","Moderate","Low","-1","3","Grid development acts as enabler and signal for DE/EU transition capital: lagging grid supports low and hinders high investment; strong grid hinders low and supports high; moderate aligns with medium; diagonal consistency with confidences 3–4; 3→3 agreed +2 (not +3) as grid is one driver among others."
"Grid_Development","Investment_Availability","Moderate","Medium","2","4","Grid development acts as enabler and signal for DE/EU transition capital: lagging grid supports low and hinders high investment; strong grid hinders low and supports high; moderate aligns with medium; diagonal consistency with confidences 3–4; 3→3 agreed +2 (not +3) as grid is one driver among others."
"Grid_Development","Investment_Availability","Moderate","High","1","3","Grid development acts as enabler and signal for DE/EU transition capital: lagging grid supports low and hinders high investment; strong grid hinders low and supports high; moderate aligns with medium; diagonal consistency with confidences 3–4; 3→3 agreed +2 (not +3) as grid is one driver among others."
"Grid_Development","Investment_Availability","Strong","Low","-2","4","Grid development acts as enabler and signal for DE/EU transition capital: lagging grid supports low and hinders high investment; strong grid hinders low and supports high; moderate aligns with medium; diagonal consistency with confidences 3–4; 3→3 agreed +2 (not +3) as grid is one driver among others."
"Grid_Development","Investment_Availability","Strong","Medium","0","3","Grid development acts as enabler and signal for DE/EU transition capital: lagging grid supports low and hinders high investment; strong grid hinders low and supports high; moderate aligns with medium; diagonal consistency with confidences 3–4; 3→3 agreed +2 (not +3) as grid is one driver among others."
"Grid_Development","Investment_Availability","Strong","High","2","4","Grid development acts as enabler and signal for DE/EU transition capital: lagging grid supports low and hinders high investment; strong grid hinders low and supports high; moderate aligns with medium; diagonal consistency with confidences 3–4; 3→3 agreed +2 (not +3) as grid is one driver among others."
"Electrification_Pace","Decarbonisation_Outcome","Slow","High emissions","2","4","Electrification pace and decarbonisation outcome aligned: slow supports high emissions and hinders net-zero, high hinders high emissions and supports net-zero; medium aligns with medium; confidence 3–4 based on scenario and energy-modelling evidence."
"Electrification_Pace","Decarbonisation_Outcome","Slow","Medium","1","3","Electrification pace and decarbonisation outcome aligned: slow supports high emissions and hinders net-zero, high hinders high emissions and supports net-zero; medium aligns with medium; confidence 3–4 based on scenario and energy-modelling evidence."
"Electrification_Pace","Decarbonisation_Outcome","Slow","Net-zero aligned","-2","4","Electrification pace and decarbonisation outcome aligned: slow supports high emissions and hinders net-zero, high hinders high emissions and supports net-zero; medium aligns with medium; confidence 3–4 based on scenario and energy-modelling evidence."
"Electrification_Pace","Decarbonisation_Outcome","Medium","High emissions","-1","3","Electrification pace and decarbonisation outcome aligned: slow supports high emissions and hinders net-zero, high hinders high emissions and supports net-zero; medium aligns with medium; confidence 3–4 based on scenario and energy-modelling evidence."
"Electrification_Pace","Decarbonisation_Outcome","Medium","Medium","2","4","Electrification pace and decarbonisation outcome aligned: slow supports high emissions and hinders net-zero, high hinders high emissions and supports net-zero; medium aligns with medium; confidence 3–4 based on scenario and energy-modelling evidence."
"Electrification_Pace","Decarbonisation_Outcome","Medium","Net-zero aligned","1","3","Electrification pace and decarbonisation outcome aligned: slow supports high emissions and hinders net-zero, high hinders high emissions and supports net-zero; medium aligns with medium; confidence 3–4 based on scenario and energy-modelling evidence."
"Electrification_Pace","Decarbonisation_Outcome","High","High emissions","-2","4","Electrification pace and decarbonisation outcome aligned: slow supports high emissions and hinders net-zero, high hinders high emissions and supports net-zero; medium aligns with medium; confidence 3–4 based on scenario and energy-modelling evidence."
"Electrification_Pace","Decarbonisation_Outcome","High","Medium","-1","3","Electrification pace and decarbonisation outcome aligned: slow supports high emissions and hinders net-zero, high hinders high emissions and supports net-zero; medium aligns with medium; confidence 3–4 based on scenario and energy-modelling evidence."
"Electrification_Pace","Decarbonisation_Outcome","High","Net-zero aligned","2","4","Electrification pace and decarbonisation outcome aligned: slow supports high emissions and hinders net-zero, high hinders high emissions and supports net-zero; medium aligns with medium; confidence 3–4 based on scenario and energy-modelling evidence."
"Electrification_Pace","Policy_Stringency","Slow","Low","2","4","Electrification pace feeds back on policy stringency: slow pace supports low stringency and hinders high; high pace hinders low and supports high; medium reinforces medium and somewhat supports high; ambiguous cells (1.2, 3.2) scored 0 with confidence 2."
"Electrification_Pace","Policy_Stringency","Slow","Medium","0","2","Electrification pace feeds back on policy stringency: slow pace supports low stringency and hinders high; high pace hinders low and supports high; medium reinforces medium and somewhat supports high; ambiguous cells (1.2, 3.2) scored 0 with confidence 2."
"Electrification_Pace","Policy_Stringency","Slow","High","-2","4","Electrification pace feeds back on policy stringency: slow pace supports low stringency and hinders high; high pace hinders low and supports high; medium reinforces medium and somewhat supports high; ambiguous cells (1.2, 3.2) scored 0 with confidence 2."
"Electrification_Pace","Policy_Stringency","Medium","Low","-1","3","Electrification pace feeds back on policy stringency: slow pace supports low stringency and hinders high; high pace hinders low and supports high; medium reinforces medium and somewhat supports high; ambiguous cells (1.2, 3.2) scored 0 with confidence 2."
"Electrification_Pace","Policy_Stringency","Medium","Medium","2","4","Electrification pace feeds back on policy stringency: slow pace supports low stringency and hinders high; high pace hinders low and supports high; medium reinforces medium and somewhat supports high; ambiguous cells (1.2, 3.2) scored 0 with confidence 2."
"Electrification_Pace","Policy_Stringency","Medium","High","1","3","Electrification pace feeds back on policy stringency: slow pace supports low stringency and hinders high; high pace hinders low and supports high; medium reinforces medium and somewhat supports high; ambiguous cells (1.2, 3.2) scored 0 with confidence 2."
"Electrification_Pace","Policy_Stringency","High","Low","-2","4","Electrification pace feeds back on policy stringency: slow pace supports low stringency and hinders high; high pace hinders low and supports high; medium reinforces medium and somewhat supports high; ambiguous cells (1.2, 3.2) scored 0 with confidence 2."
"Electrification_Pace","Policy_Stringency","High","Medium","0","2","Electrification pace feeds back on policy stringency: slow pace supports low stringency and hinders high; high pace hinders low and supports high; medium reinforces medium and somewhat supports high; ambiguous cells (1.2, 3.2) scored 0 with confidence 2."
"Electrification_Pace","Policy_Stringency","High","High","2","4","Electrification pace feeds back on policy stringency: slow pace supports low stringency and hinders high; high pace hinders low and supports high; medium reinforces medium and somewhat supports high; ambiguous cells (1.2, 3.2) scored 0 with confidence 2."
"Electrification_Pace","Permitting_Pace","Slow","Slow","2","4","Electrification pace acts as demand pull and political pressure on permitting: slow electrification supports slow permitting (1,1 +2) and hinders fast (1,3 −1); high electrification hinders slow permitting (3,1 −2) and supports fast (3,3 +2); diagonal and adjacent cells aligned with moderate-to-good confidence."
"Electrification_Pace","Permitting_Pace","Slow","Medium","0","3","Electrification pace acts as demand pull and political pressure on permitting: slow electrification supports slow permitting (1,1 +2) and hinders fast (1,3 −1); high electrification hinders slow permitting (3,1 −2) and supports fast (3,3 +2); diagonal and adjacent cells aligned with moderate-to-good confidence."
"Electrification_Pace","Permitting_Pace","Slow","Fast","-1","3","Electrification pace acts as demand pull and political pressure on permitting: slow electrification supports slow permitting (1,1 +2) and hinders fast (1,3 −1); high electrification hinders slow permitting (3,1 −2) and supports fast (3,3 +2); diagonal and adjacent cells aligned with moderate-to-good confidence."
"Electrification_Pace","Permitting_Pace","Medium","Slow","-1","3","Electrification pace acts as demand pull and political pressure on permitting: slow electrification supports slow permitting (1,1 +2) and hinders fast (1,3 −1); high electrification hinders slow permitting (3,1 −2) and supports fast (3,3 +2); diagonal and adjacent cells aligned with moderate-to-good confidence."
"Electrification_Pace","Permitting_Pace","Medium","Medium","2","4","Electrification pace acts as demand pull and political pressure on permitting: slow electrification supports slow permitting (1,1 +2) and hinders fast (1,3 −1); high electrification hinders slow permitting (3,1 −2) and supports fast (3,3 +2); diagonal and adjacent cells aligned with moderate-to-good confidence."
"Electrification_Pace","Permitting_Pace","Medium","Fast","1","3","Electrification pace acts as demand pull and political pressure on permitting: slow electrification supports slow permitting (1,1 +2) and hinders fast (1,3 −1); high electrification hinders slow permitting (3,1 −2) and supports fast (3,3 +2); diagonal and adjacent cells aligned with moderate-to-good confidence."
"Electrification_Pace","Permitting_Pace","High","Slow","-2","4","Electrification pace acts as demand pull and political pressure on permitting: slow electrification supports slow permitting (1,1 +2) and hinders fast (1,3 −1); high electrification hinders slow permitting (3,1 −2) and supports fast (3,3 +2); diagonal and adjacent cells aligned with moderate-to-good confidence."
"Electrification_Pace","Permitting_Pace","High","Medium","1","4","Electrification pace acts as demand pull and political pressure on permitting: slow electrification supports slow permitting (1,1 +2) and hinders fast (1,3 −1); high electrification hinders slow permitting (3,1 −2) and supports fast (3,3 +2); diagonal and adjacent cells aligned with moderate-to-good confidence."
"Electrification_Pace","Permitting_Pace","High","Fast","2","4","Electrification pace acts as demand pull and political pressure on permitting: slow electrification supports slow permitting (1,1 +2) and hinders fast (1,3 −1); high electrification hinders slow permitting (3,1 −2) and supports fast (3,3 +2); diagonal and adjacent cells aligned with moderate-to-good confidence."
"Electrification_Pace","Renewables_Deployment","Slow","Low","2","4","Demand-pull logic: electrification pace supports or hinders renewables deployment along same-direction pairs (Slow→Low, Medium→Medium, High→High positive); opposite corners negative; (3,1) = -2 allowing for import/fossil buffers; confidences 3–4."
"Electrification_Pace","Renewables_Deployment","Slow","Medium","0","3","Demand-pull logic: electrification pace supports or hinders renewables deployment along same-direction pairs (Slow→Low, Medium→Medium, High→High positive); opposite corners negative; (3,1) = -2 allowing for import/fossil buffers; confidences 3–4."
"Electrification_Pace","Renewables_Deployment","Slow","High","-2","4","Demand-pull logic: electrification pace supports or hinders renewables deployment along same-direction pairs (Slow→Low, Medium→Medium, High→High positive); opposite corners negative; (3,1) = -2 allowing for import/fossil buffers; confidences 3–4."
"Electrification_Pace","Renewables_Deployment","Medium","Low","-1","4","Demand-pull logic: electrification pace supports or hinders renewables deployment along same-direction pairs (Slow→Low, Medium→Medium, High→High positive); opposite corners negative; (3,1) = -2 allowing for import/fossil buffers; confidences 3–4."
"Electrification_Pace","Renewables_Deployment","Medium","Medium","2","4","Demand-pull logic: electrification pace supports or hinders renewables deployment along same-direction pairs (Slow→Low, Medium→Medium, High→High positive); opposite corners negative; (3,1) = -2 allowing for import/fossil buffers; confidences 3–4."
"Electrification_Pace","Renewables_Deployment","Medium","High","2","4","Demand-pull logic: electrification pace supports or hinders renewables deployment along same-direction pairs (Slow→Low, Medium→Medium, High→High positive); opposite corners negative; (3,1) = -2 allowing for import/fossil buffers; confidences 3–4."
"Electrification_Pace","Renewables_Deployment","High","Low","-2","4","Demand-pull logic: electrification pace supports or hinders renewables deployment along same-direction pairs (Slow→Low, Medium→Medium, High→High positive); opposite corners negative; (3,1) = -2 allowing for import/fossil buffers; confidences 3–4."
"Electrification_Pace","Renewables_Deployment","High","Medium","1","3","Demand-pull logic: electrification pace supports or hinders renewables deployment along same-direction pairs (Slow→Low, Medium→Medium, High→High positive); opposite corners negative; (3,1) = -2 allowing for import/fossil buffers; confidences 3–4."
"Electrification_Pace","Renewables_Deployment","High","High","3","4","Demand-pull logic: electrification pace supports or hinders renewables deployment along same-direction pairs (Slow→Low, Medium→Medium, High→High positive); opposite corners negative; (3,1) = -2 allowing for import/fossil buffers; confidences 3–4."
"Electrification_Pace","Technology_Costs","Slow","High","2","4","Electrification pace in Germany exerts demand-pull and scale/learning on global technology costs: high pace supports low costs (3→3 +2, 3→1 −2), slow supports high costs (1→1 +2, 1→3 −2); ±2 on corners and ±1 on intermediates as DE is one market; confidence 4 on main corners, 3 elsewhere."
"Electrification_Pace","Technology_Costs","Slow","Medium","1","3","Electrification pace in Germany exerts demand-pull and scale/learning on global technology costs: high pace supports low costs (3→3 +2, 3→1 −2), slow supports high costs (1→1 +2, 1→3 −2); ±2 on corners and ±1 on intermediates as DE is one market; confidence 4 on main corners, 3 elsewhere."
"Electrification_Pace","Technology_Costs","Slow","Low","-2","4","Electrification pace in Germany exerts demand-pull and scale/learning on global technology costs: high pace supports low costs (3→3 +2, 3→1 −2), slow supports high costs (1→1 +2, 1→3 −2); ±2 on corners and ±1 on intermediates as DE is one market; confidence 4 on main corners, 3 elsewhere."
"Electrification_Pace","Technology_Costs","Medium","High","-1","3","Electrification pace in Germany exerts demand-pull and scale/learning on global technology costs: high pace supports low costs (3→3 +2, 3→1 −2), slow supports high costs (1→1 +2, 1→3 −2); ±2 on corners and ±1 on intermediates as DE is one market; confidence 4 on main corners, 3 elsewhere."
"Electrification_Pace","Technology_Costs","Medium","Medium","0","3","Electrification pace in Germany exerts demand-pull and scale/learning on global technology costs: high pace supports low costs (3→3 +2, 3→1 −2), slow supports high costs (1→1 +2, 1→3 −2); ±2 on corners and ±1 on intermediates as DE is one market; confidence 4 on main corners, 3 elsewhere."
"Electrification_Pace","Technology_Costs","Medium","Low","1","3","Electrification pace in Germany exerts demand-pull and scale/learning on global technology costs: high pace supports low costs (3→3 +2, 3→1 −2), slow supports high costs (1→1 +2, 1→3 −2); ±2 on corners and ±1 on intermediates as DE is one market; confidence 4 on main corners, 3 elsewhere."
"Electrification_Pace","Technology_Costs","High","High","-2","4","Electrification pace in Germany exerts demand-pull and scale/learning on global technology costs: high pace supports low costs (3→3 +2, 3→1 −2), slow supports high costs (1→1 +2, 1→3 −2); ±2 on corners and ±1 on intermediates as DE is one market; confidence 4 on main corners, 3 elsewhere."
"Electrification_Pace","Technology_Costs","High","Medium","-1","3","Electrification pace in Germany exerts demand-pull and scale/learning on global technology costs: high pace supports low costs (3→3 +2, 3→1 −2), slow supports high costs (1→1 +2, 1→3 −2); ±2 on corners and ±1 on intermediates as DE is one market; confidence 4 on main corners, 3 elsewhere."
"Electrification_Pace","Technology_Costs","High","Low","2","4","Electrification pace in Germany exerts demand-pull and scale/learning on global technology costs: high pace supports low costs (3→3 +2, 3→1 −2), slow supports high costs (1→1 +2, 1→3 −2); ±2 on corners and ±1 on intermediates as DE is one market; confidence 4 on main corners, 3 elsewhere."
"Electrification_Pace","Hydrogen_Role","Slow","Limited","2","4","Slow electrification supports Limited hydrogen (+2) and weakly supports Moderate (+1); Medium supports Moderate/Major (+2, +1); High electrification supports Limited and Moderate (+1 each) and slightly hinders Major (−1) due to substitution in many sectors; confidences 3–4."
"Electrification_Pace","Hydrogen_Role","Slow","Moderate","1","3","Slow electrification supports Limited hydrogen (+2) and weakly supports Moderate (+1); Medium supports Moderate/Major (+2, +1); High electrification supports Limited and Moderate (+1 each) and slightly hinders Major (−1) due to substitution in many sectors; confidences 3–4."
"Electrification_Pace","Hydrogen_Role","Slow","Major","0","3","Slow electrification supports Limited hydrogen (+2) and weakly supports Moderate (+1); Medium supports Moderate/Major (+2, +1); High electrification supports Limited and Moderate (+1 each) and slightly hinders Major (−1) due to substitution in many sectors; confidences 3–4."
"Electrification_Pace","Hydrogen_Role","Medium","Limited","0","4","Slow electrification supports Limited hydrogen (+2) and weakly supports Moderate (+1); Medium supports Moderate/Major (+2, +1); High electrification supports Limited and Moderate (+1 each) and slightly hinders Major (−1) due to substitution in many sectors; confidences 3–4."
"Electrification_Pace","Hydrogen_Role","Medium","Moderate","2","4","Slow electrification supports Limited hydrogen (+2) and weakly supports Moderate (+1); Medium supports Moderate/Major (+2, +1); High electrification supports Limited and Moderate (+1 each) and slightly hinders Major (−1) due to substitution in many sectors; confidences 3–4."
"Electrification_Pace","Hydrogen_Role","Medium","Major","1","4","Slow electrification supports Limited hydrogen (+2) and weakly supports Moderate (+1); Medium supports Moderate/Major (+2, +1); High electrification supports Limited and Moderate (+1 each) and slightly hinders Major (−1) due to substitution in many sectors; confidences 3–4."
"Electrification_Pace","Hydrogen_Role","High","Limited","1","4","Slow electrification supports Limited hydrogen (+2) and weakly supports Moderate (+1); Medium supports Moderate/Major (+2, +1); High electrification supports Limited and Moderate (+1 each) and slightly hinders Major (−1) due to substitution in many sectors; confidences 3–4."
"Electrification_Pace","Hydrogen_Role","High","Moderate","1","3","Slow electrification supports Limited hydrogen (+2) and weakly supports Moderate (+1); Medium supports Moderate/Major (+2, +1); High electrification supports Limited and Moderate (+1 each) and slightly hinders Major (−1) due to substitution in many sectors; confidences 3–4."
"Electrification_Pace","Hydrogen_Role","High","Major","-1","3","Slow electrification supports Limited hydrogen (+2) and weakly supports Moderate (+1); Medium supports Moderate/Major (+2, +1); High electrification supports Limited and Moderate (+1 each) and slightly hinders Major (−1) due to substitution in many sectors; confidences 3–4."
"Electrification_Pace","Grid_Development","Slow","Lagging","2","4","Electrification pace acts as demand pull on grid: slow electrification supports lagging and hinders strong grid; medium aligns with moderate and hinders lagging; high electrification strongly supports strong grid and strongly hinders lagging, with high confidence on diagonal and extreme cells."
"Electrification_Pace","Grid_Development","Slow","Moderate","0","3","Electrification pace acts as demand pull on grid: slow electrification supports lagging and hinders strong grid; medium aligns with moderate and hinders lagging; high electrification strongly supports strong grid and strongly hinders lagging, with high confidence on diagonal and extreme cells."
"Electrification_Pace","Grid_Development","Slow","Strong","-1","3","Electrification pace acts as demand pull on grid: slow electrification supports lagging and hinders strong grid; medium aligns with moderate and hinders lagging; high electrification strongly supports strong grid and strongly hinders lagging, with high confidence on diagonal and extreme cells."
"Electrification_Pace","Grid_Development","Medium","Lagging","-2","4","Electrification pace acts as demand pull on grid: slow electrification supports lagging and hinders strong grid; medium aligns with moderate and hinders lagging; high electrification strongly supports strong grid and strongly hinders lagging, with high confidence on diagonal and extreme cells."
"Electrification_Pace","Grid_Development","Medium","Moderate","2","4","Electrification pace acts as demand pull on grid: slow electrification supports lagging and hinders strong grid; medium aligns with moderate and hinders lagging; high electrification strongly supports strong grid and strongly hinders lagging, with high confidence on diagonal and extreme cells."
"Electrification_Pace","Grid_Development","Medium","Strong","1","3","Electrification pace acts as demand pull on grid: slow electrification supports lagging and hinders strong grid; medium aligns with moderate and hinders lagging; high electrification strongly supports strong grid and strongly hinders lagging, with high confidence on diagonal and extreme cells."
"Electrification_Pace","Grid_Development","High","Lagging","-3","5","Electrification pace acts as demand pull on grid: slow electrification supports lagging and hinders strong grid; medium aligns with moderate and hinders lagging; high electrification strongly supports strong grid and strongly hinders lagging, with high confidence on diagonal and extreme cells."
"Electrification_Pace","Grid_Development","High","Moderate","-1","4","Electrification pace acts as demand pull on grid: slow electrification supports lagging and hinders strong grid; medium aligns with moderate and hinders lagging; high electrification strongly supports strong grid and strongly hinders lagging, with high confidence on diagonal and extreme cells."
"Electrification_Pace","Grid_Development","High","Strong","3","5","Electrification pace acts as demand pull on grid: slow electrification supports lagging and hinders strong grid; medium aligns with moderate and hinders lagging; high electrification strongly supports strong grid and strongly hinders lagging, with high confidence on diagonal and extreme cells."
"Electrification_Pace","Industrial_Energy_Demand","Slow","High","2","4","Slow electrification supports high industrial demand and hinders low; high electrification supports low demand and hinders high; medium electrification transitional; confidence 4 on main causal cells and 3 on weaker/transitional links; magnitudes ±2 to reflect other drivers (structure, prices)."
"Electrification_Pace","Industrial_Energy_Demand","Slow","Medium","0","3","Slow electrification supports high industrial demand and hinders low; high electrification supports low demand and hinders high; medium electrification transitional; confidence 4 on main causal cells and 3 on weaker/transitional links; magnitudes ±2 to reflect other drivers (structure, prices)."
"Electrification_Pace","Industrial_Energy_Demand","Slow","Low","-2","4","Slow electrification supports high industrial demand and hinders low; high electrification supports low demand and hinders high; medium electrification transitional; confidence 4 on main causal cells and 3 on weaker/transitional links; magnitudes ±2 to reflect other drivers (structure, prices)."
"Electrification_Pace","Industrial_Energy_Demand","Medium","High","-1","3","Slow electrification supports high industrial demand and hinders low; high electrification supports low demand and hinders high; medium electrification transitional; confidence 4 on main causal cells and 3 on weaker/transitional links; magnitudes ±2 to reflect other drivers (structure, prices)."
"Electrification_Pace","Industrial_Energy_Demand","Medium","Medium","1","4","Slow electrification supports high industrial demand and hinders low; high electrification supports low demand and hinders high; medium electrification transitional; confidence 4 on main causal cells and 3 on weaker/transitional links; magnitudes ±2 to reflect other drivers (structure, prices)."
"Electrification_Pace","Industrial_Energy_Demand","Medium","Low","1","3","Slow electrification supports high industrial demand and hinders low; high electrification supports low demand and hinders high; medium electrification transitional; confidence 4 on main causal cells and 3 on weaker/transitional links; magnitudes ±2 to reflect other drivers (structure, prices)."
"Electrification_Pace","Industrial_Energy_Demand","High","High","-2","4","Slow electrification supports high industrial demand and hinders low; high electrification supports low demand and hinders high; medium electrification transitional; confidence 4 on main causal cells and 3 on weaker/transitional links; magnitudes ±2 to reflect other drivers (structure, prices)."
"Electrification_Pace","Industrial_Energy_Demand","High","Medium","1","3","Slow electrification supports high industrial demand and hinders low; high electrification supports low demand and hinders high; medium electrification transitional; confidence 4 on main causal cells and 3 on weaker/transitional links; magnitudes ±2 to reflect other drivers (structure, prices)."
"Electrification_Pace","Industrial_Energy_Demand","High","Low","2","4","Slow electrification supports high industrial demand and hinders low; high electrification supports low demand and hinders high; medium electrification transitional; confidence 4 on main causal cells and 3 on weaker/transitional links; magnitudes ±2 to reflect other drivers (structure, prices)."
"Electrification_Pace","Fossil_Price_Pressure","Slow","Low","-2","4","Electrification_Pace (DE) affects Fossil_Price_Pressure (EU/GL) via demand: Slow supports High and hinders Low (±2, conf 4); High supports Low and hinders High (±2, conf 4); Medium supports Low and Medium weakly (+1) and has no material effect on High (0); confidence 4 on corner cells, 3 elsewhere because Germany is one driver among many."
"Electrification_Pace","Fossil_Price_Pressure","Slow","Medium","0","3","Electrification_Pace (DE) affects Fossil_Price_Pressure (EU/GL) via demand: Slow supports High and hinders Low (±2, conf 4); High supports Low and hinders High (±2, conf 4); Medium supports Low and Medium weakly (+1) and has no material effect on High (0); confidence 4 on corner cells, 3 elsewhere because Germany is one driver among many."
"Electrification_Pace","Fossil_Price_Pressure","Slow","High","2","4","Electrification_Pace (DE) affects Fossil_Price_Pressure (EU/GL) via demand: Slow supports High and hinders Low (±2, conf 4); High supports Low and hinders High (±2, conf 4); Medium supports Low and Medium weakly (+1) and has no material effect on High (0); confidence 4 on corner cells, 3 elsewhere because Germany is one driver among many."
"Electrification_Pace","Fossil_Price_Pressure","Medium","Low","1","3","Electrification_Pace (DE) affects Fossil_Price_Pressure (EU/GL) via demand: Slow supports High and hinders Low (±2, conf 4); High supports Low and hinders High (±2, conf 4); Medium supports Low and Medium weakly (+1) and has no material effect on High (0); confidence 4 on corner cells, 3 elsewhere because Germany is one driver among many."
"Electrification_Pace","Fossil_Price_Pressure","Medium","Medium","1","3","Electrification_Pace (DE) affects Fossil_Price_Pressure (EU/GL) via demand: Slow supports High and hinders Low (±2, conf 4); High supports Low and hinders High (±2, conf 4); Medium supports Low and Medium weakly (+1) and has no material effect on High (0); confidence 4 on corner cells, 3 elsewhere because Germany is one driver among many."
"Electrification_Pace","Fossil_Price_Pressure","Medium","High","0","3","Electrification_Pace (DE) affects Fossil_Price_Pressure (EU/GL) via demand: Slow supports High and hinders Low (±2, conf 4); High supports Low and hinders High (±2, conf 4); Medium supports Low and Medium weakly (+1) and has no material effect on High (0); confidence 4 on corner cells, 3 elsewhere because Germany is one driver among many."
"Electrification_Pace","Fossil_Price_Pressure","High","Low","2","4","Electrification_Pace (DE) affects Fossil_Price_Pressure (EU/GL) via demand: Slow supports High and hinders Low (±2, conf 4); High supports Low and hinders High (±2, conf 4); Medium supports Low and Medium weakly (+1) and has no material effect on High (0); confidence 4 on corner cells, 3 elsewhere because Germany is one driver among many."
"Electrification_Pace","Fossil_Price_Pressure","High","Medium","0","3","Electrification_Pace (DE) affects Fossil_Price_Pressure (EU/GL) via demand: Slow supports High and hinders Low (±2, conf 4); High supports Low and hinders High (±2, conf 4); Medium supports Low and Medium weakly (+1) and has no material effect on High (0); confidence 4 on corner cells, 3 elsewhere because Germany is one driver among many."
"Electrification_Pace","Fossil_Price_Pressure","High","High","-2","4","Electrification_Pace (DE) affects Fossil_Price_Pressure (EU/GL) via demand: Slow supports High and hinders Low (±2, conf 4); High supports Low and hinders High (±2, conf 4); Medium supports Low and Medium weakly (+1) and has no material effect on High (0); confidence 4 on corner cells, 3 elsewhere because Germany is one driver among many."
"Electrification_Pace","Public_Acceptance","Slow","Low","2","4","Slow electrification supports Low and hinders High public acceptance; High electrification hinders Low and supports High; Medium is neutral or weakly supportive. Confidence 3–4; High→High scored +2 with Conf 3 to reflect visibility benefits and possible backlash."
"Electrification_Pace","Public_Acceptance","Slow","Medium","0","3","Slow electrification supports Low and hinders High public acceptance; High electrification hinders Low and supports High; Medium is neutral or weakly supportive. Confidence 3–4; High→High scored +2 with Conf 3 to reflect visibility benefits and possible backlash."
"Electrification_Pace","Public_Acceptance","Slow","High","-2","3","Slow electrification supports Low and hinders High public acceptance; High electrification hinders Low and supports High; Medium is neutral or weakly supportive. Confidence 3–4; High→High scored +2 with Conf 3 to reflect visibility benefits and possible backlash."
"Electrification_Pace","Public_Acceptance","Medium","Low","-1","3","Slow electrification supports Low and hinders High public acceptance; High electrification hinders Low and supports High; Medium is neutral or weakly supportive. Confidence 3–4; High→High scored +2 with Conf 3 to reflect visibility benefits and possible backlash."
"Electrification_Pace","Public_Acceptance","Medium","Medium","0","3","Slow electrification supports Low and hinders High public acceptance; High electrification hinders Low and supports High; Medium is neutral or weakly supportive. Confidence 3–4; High→High scored +2 with Conf 3 to reflect visibility benefits and possible backlash."
"Electrification_Pace","Public_Acceptance","Medium","High","1","3","Slow electrification supports Low and hinders High public acceptance; High electrification hinders Low and supports High; Medium is neutral or weakly supportive. Confidence 3–4; High→High scored +2 with Conf 3 to reflect visibility benefits and possible backlash."
"Electrification_Pace","Public_Acceptance","High","Low","-2","4","Slow electrification supports Low and hinders High public acceptance; High electrification hinders Low and supports High; Medium is neutral or weakly supportive. Confidence 3–4; High→High scored +2 with Conf 3 to reflect visibility benefits and possible backlash."
"Electrification_Pace","Public_Acceptance","High","Medium","1","3","Slow electrification supports Low and hinders High public acceptance; High electrification hinders Low and supports High; Medium is neutral or weakly supportive. Confidence 3–4; High→High scored +2 with Conf 3 to reflect visibility benefits and possible backlash."
"Electrification_Pace","Public_Acceptance","High","High","2","3","Slow electrification supports Low and hinders High public acceptance; High electrification hinders Low and supports High; Medium is neutral or weakly supportive. Confidence 3–4; High→High scored +2 with Conf 3 to reflect visibility benefits and possible backlash."
"Electrification_Pace","Land_Use_Conflict","Slow","High","0","3","High electrification raises demand for renewables and grid, increasing land/siting pressure and supporting high land-use conflict; slow electrification reduces pressure and supports low conflict; medium electrification has moderate or neutral impact; confidence higher on diagonal and extreme cells."
"Electrification_Pace","Land_Use_Conflict","Slow","Medium","0","3","High electrification raises demand for renewables and grid, increasing land/siting pressure and supporting high land-use conflict; slow electrification reduces pressure and supports low conflict; medium electrification has moderate or neutral impact; confidence higher on diagonal and extreme cells."
"Electrification_Pace","Land_Use_Conflict","Slow","Low","2","4","High electrification raises demand for renewables and grid, increasing land/siting pressure and supporting high land-use conflict; slow electrification reduces pressure and supports low conflict; medium electrification has moderate or neutral impact; confidence higher on diagonal and extreme cells."
"Electrification_Pace","Land_Use_Conflict","Medium","High","1","3","High electrification raises demand for renewables and grid, increasing land/siting pressure and supporting high land-use conflict; slow electrification reduces pressure and supports low conflict; medium electrification has moderate or neutral impact; confidence higher on diagonal and extreme cells."
"Electrification_Pace","Land_Use_Conflict","Medium","Medium","0","3","High electrification raises demand for renewables and grid, increasing land/siting pressure and supporting high land-use conflict; slow electrification reduces pressure and supports low conflict; medium electrification has moderate or neutral impact; confidence higher on diagonal and extreme cells."
"Electrification_Pace","Land_Use_Conflict","Medium","Low","0","3","High electrification raises demand for renewables and grid, increasing land/siting pressure and supporting high land-use conflict; slow electrification reduces pressure and supports low conflict; medium electrification has moderate or neutral impact; confidence higher on diagonal and extreme cells."
"Electrification_Pace","Land_Use_Conflict","High","High","2","4","High electrification raises demand for renewables and grid, increasing land/siting pressure and supporting high land-use conflict; slow electrification reduces pressure and supports low conflict; medium electrification has moderate or neutral impact; confidence higher on diagonal and extreme cells."
"Electrification_Pace","Land_Use_Conflict","High","Medium","1","3","High electrification raises demand for renewables and grid, increasing land/siting pressure and supporting high land-use conflict; slow electrification reduces pressure and supports low conflict; medium electrification has moderate or neutral impact; confidence higher on diagonal and extreme cells."
"Electrification_Pace","Land_Use_Conflict","High","Low","-2","4","High electrification raises demand for renewables and grid, increasing land/siting pressure and supporting high land-use conflict; slow electrification reduces pressure and supports low conflict; medium electrification has moderate or neutral impact; confidence higher on diagonal and extreme cells."
"Electrification_Pace","EU_Policy_Alignment","Slow","Low","2","4","Germany's electrification pace influences EU policy alignment via member-state signalling and coalition dynamics: Slow supports Low and hinders High; High supports High and hinders Low; Medium supports Medium with modest cross-effects; confidences higher on diagonal and opposite corners."
"Electrification_Pace","EU_Policy_Alignment","Slow","Medium","0","2","Germany's electrification pace influences EU policy alignment via member-state signalling and coalition dynamics: Slow supports Low and hinders High; High supports High and hinders Low; Medium supports Medium with modest cross-effects; confidences higher on diagonal and opposite corners."
"Electrification_Pace","EU_Policy_Alignment","Slow","High","-2","4","Germany's electrification pace influences EU policy alignment via member-state signalling and coalition dynamics: Slow supports Low and hinders High; High supports High and hinders Low; Medium supports Medium with modest cross-effects; confidences higher on diagonal and opposite corners."
"Electrification_Pace","EU_Policy_Alignment","Medium","Low","-1","3","Germany's electrification pace influences EU policy alignment via member-state signalling and coalition dynamics: Slow supports Low and hinders High; High supports High and hinders Low; Medium supports Medium with modest cross-effects; confidences higher on diagonal and opposite corners."
"Electrification_Pace","EU_Policy_Alignment","Medium","Medium","2","4","Germany's electrification pace influences EU policy alignment via member-state signalling and coalition dynamics: Slow supports Low and hinders High; High supports High and hinders Low; Medium supports Medium with modest cross-effects; confidences higher on diagonal and opposite corners."
"Electrification_Pace","EU_Policy_Alignment","Medium","High","1","3","Germany's electrification pace influences EU policy alignment via member-state signalling and coalition dynamics: Slow supports Low and hinders High; High supports High and hinders Low; Medium supports Medium with modest cross-effects; confidences higher on diagonal and opposite corners."
"Electrification_Pace","EU_Policy_Alignment","High","Low","-2","4","Germany's electrification pace influences EU policy alignment via member-state signalling and coalition dynamics: Slow supports Low and hinders High; High supports High and hinders Low; Medium supports Medium with modest cross-effects; confidences higher on diagonal and opposite corners."
"Electrification_Pace","EU_Policy_Alignment","High","Medium","1","3","Germany's electrification pace influences EU policy alignment via member-state signalling and coalition dynamics: Slow supports Low and hinders High; High supports High and hinders Low; Medium supports Medium with modest cross-effects; confidences higher on diagonal and opposite corners."
"Electrification_Pace","EU_Policy_Alignment","High","High","2","4","Germany's electrification pace influences EU policy alignment via member-state signalling and coalition dynamics: Slow supports Low and hinders High; High supports High and hinders Low; Medium supports Medium with modest cross-effects; confidences higher on diagonal and opposite corners."
"Electrification_Pace","Energy_Security_Pressure","Slow","Low","-2","4","Electrification reduces fossil dependence and exposure to supply/geopolitical shocks; Slow promotes High pressure and High promotes Low pressure; Medium supports Medium; confidences 3–4 as German electrification is one driver of EU/global pressure."
"Electrification_Pace","Energy_Security_Pressure","Slow","Medium","-1","3","Electrification reduces fossil dependence and exposure to supply/geopolitical shocks; Slow promotes High pressure and High promotes Low pressure; Medium supports Medium; confidences 3–4 as German electrification is one driver of EU/global pressure."
"Electrification_Pace","Energy_Security_Pressure","Slow","High","2","4","Electrification reduces fossil dependence and exposure to supply/geopolitical shocks; Slow promotes High pressure and High promotes Low pressure; Medium supports Medium; confidences 3–4 as German electrification is one driver of EU/global pressure."
"Electrification_Pace","Energy_Security_Pressure","Medium","Low","0","3","Electrification reduces fossil dependence and exposure to supply/geopolitical shocks; Slow promotes High pressure and High promotes Low pressure; Medium supports Medium; confidences 3–4 as German electrification is one driver of EU/global pressure."
"Electrification_Pace","Energy_Security_Pressure","Medium","Medium","1","4","Electrification reduces fossil dependence and exposure to supply/geopolitical shocks; Slow promotes High pressure and High promotes Low pressure; Medium supports Medium; confidences 3–4 as German electrification is one driver of EU/global pressure."
"Electrification_Pace","Energy_Security_Pressure","Medium","High","0","3","Electrification reduces fossil dependence and exposure to supply/geopolitical shocks; Slow promotes High pressure and High promotes Low pressure; Medium supports Medium; confidences 3–4 as German electrification is one driver of EU/global pressure."
"Electrification_Pace","Energy_Security_Pressure","High","Low","2","4","Electrification reduces fossil dependence and exposure to supply/geopolitical shocks; Slow promotes High pressure and High promotes Low pressure; Medium supports Medium; confidences 3–4 as German electrification is one driver of EU/global pressure."
"Electrification_Pace","Energy_Security_Pressure","High","Medium","1","3","Electrification reduces fossil dependence and exposure to supply/geopolitical shocks; Slow promotes High pressure and High promotes Low pressure; Medium supports Medium; confidences 3–4 as German electrification is one driver of EU/global pressure."
"Electrification_Pace","Energy_Security_Pressure","High","High","-2","4","Electrification reduces fossil dependence and exposure to supply/geopolitical shocks; Slow promotes High pressure and High promotes Low pressure; Medium supports Medium; confidences 3–4 as German electrification is one driver of EU/global pressure."
"Electrification_Pace","Investment_Availability","Slow","Low","1","4","Electrification pace drives demand for transition capital; congruent pairs (Slow–Low, Medium–Medium, High–High) score positive, opposite corners negative; diagonal strongest with confidence 4–5, off-diagonal 3."
"Electrification_Pace","Investment_Availability","Slow","Medium","0","3","Electrification pace drives demand for transition capital; congruent pairs (Slow–Low, Medium–Medium, High–High) score positive, opposite corners negative; diagonal strongest with confidence 4–5, off-diagonal 3."
"Electrification_Pace","Investment_Availability","Slow","High","-2","4","Electrification pace drives demand for transition capital; congruent pairs (Slow–Low, Medium–Medium, High–High) score positive, opposite corners negative; diagonal strongest with confidence 4–5, off-diagonal 3."
"Electrification_Pace","Investment_Availability","Medium","Low","-1","3","Electrification pace drives demand for transition capital; congruent pairs (Slow–Low, Medium–Medium, High–High) score positive, opposite corners negative; diagonal strongest with confidence 4–5, off-diagonal 3."
"Electrification_Pace","Investment_Availability","Medium","Medium","2","4","Electrification pace drives demand for transition capital; congruent pairs (Slow–Low, Medium–Medium, High–High) score positive, opposite corners negative; diagonal strongest with confidence 4–5, off-diagonal 3."
"Electrification_Pace","Investment_Availability","Medium","High","1","3","Electrification pace drives demand for transition capital; congruent pairs (Slow–Low, Medium–Medium, High–High) score positive, opposite corners negative; diagonal strongest with confidence 4–5, off-diagonal 3."
"Electrification_Pace","Investment_Availability","High","Low","-2","4","Electrification pace drives demand for transition capital; congruent pairs (Slow–Low, Medium–Medium, High–High) score positive, opposite corners negative; diagonal strongest with confidence 4–5, off-diagonal 3."
"Electrification_Pace","Investment_Availability","High","Medium","0","3","Electrification pace drives demand for transition capital; congruent pairs (Slow–Low, Medium–Medium, High–High) score positive, opposite corners negative; diagonal strongest with confidence 4–5, off-diagonal 3."
"Electrification_Pace","Investment_Availability","High","High","3","5","Electrification pace drives demand for transition capital; congruent pairs (Slow–Low, Medium–Medium, High–High) score positive, opposite corners negative; diagonal strongest with confidence 4–5, off-diagonal 3."
"Industrial_Energy_Demand","Decarbonisation_Outcome","High","High emissions","2","4","Industrial demand level drives emissions outcome ceteris paribus: High demand supports High emissions and hinders Net-zero; Low demand hinders High emissions and supports Net-zero; Medium demand aligns with Medium outcome; diagonal and opposite corners scored ±2 with confidence 4, off-diagonal ±1 or 0 with confidence 3."
"Industrial_Energy_Demand","Decarbonisation_Outcome","High","Medium","0","3","Industrial demand level drives emissions outcome ceteris paribus: High demand supports High emissions and hinders Net-zero; Low demand hinders High emissions and supports Net-zero; Medium demand aligns with Medium outcome; diagonal and opposite corners scored ±2 with confidence 4, off-diagonal ±1 or 0 with confidence 3."
"Industrial_Energy_Demand","Decarbonisation_Outcome","High","Net-zero aligned","-2","4","Industrial demand level drives emissions outcome ceteris paribus: High demand supports High emissions and hinders Net-zero; Low demand hinders High emissions and supports Net-zero; Medium demand aligns with Medium outcome; diagonal and opposite corners scored ±2 with confidence 4, off-diagonal ±1 or 0 with confidence 3."
"Industrial_Energy_Demand","Decarbonisation_Outcome","Medium","High emissions","1","3","Industrial demand level drives emissions outcome ceteris paribus: High demand supports High emissions and hinders Net-zero; Low demand hinders High emissions and supports Net-zero; Medium demand aligns with Medium outcome; diagonal and opposite corners scored ±2 with confidence 4, off-diagonal ±1 or 0 with confidence 3."
"Industrial_Energy_Demand","Decarbonisation_Outcome","Medium","Medium","2","4","Industrial demand level drives emissions outcome ceteris paribus: High demand supports High emissions and hinders Net-zero; Low demand hinders High emissions and supports Net-zero; Medium demand aligns with Medium outcome; diagonal and opposite corners scored ±2 with confidence 4, off-diagonal ±1 or 0 with confidence 3."
"Industrial_Energy_Demand","Decarbonisation_Outcome","Medium","Net-zero aligned","-1","3","Industrial demand level drives emissions outcome ceteris paribus: High demand supports High emissions and hinders Net-zero; Low demand hinders High emissions and supports Net-zero; Medium demand aligns with Medium outcome; diagonal and opposite corners scored ±2 with confidence 4, off-diagonal ±1 or 0 with confidence 3."
"Industrial_Energy_Demand","Decarbonisation_Outcome","Low","High emissions","-2","4","Industrial demand level drives emissions outcome ceteris paribus: High demand supports High emissions and hinders Net-zero; Low demand hinders High emissions and supports Net-zero; Medium demand aligns with Medium outcome; diagonal and opposite corners scored ±2 with confidence 4, off-diagonal ±1 or 0 with confidence 3."
"Industrial_Energy_Demand","Decarbonisation_Outcome","Low","Medium","-1","3","Industrial demand level drives emissions outcome ceteris paribus: High demand supports High emissions and hinders Net-zero; Low demand hinders High emissions and supports Net-zero; Medium demand aligns with Medium outcome; diagonal and opposite corners scored ±2 with confidence 4, off-diagonal ±1 or 0 with confidence 3."
"Industrial_Energy_Demand","Decarbonisation_Outcome","Low","Net-zero aligned","2","4","Industrial demand level drives emissions outcome ceteris paribus: High demand supports High emissions and hinders Net-zero; Low demand hinders High emissions and supports Net-zero; Medium demand aligns with Medium outcome; diagonal and opposite corners scored ±2 with confidence 4, off-diagonal ±1 or 0 with confidence 3."
"Industrial_Energy_Demand","Policy_Stringency","High","Low","2","4","High industrial demand promotes Low and hinders High policy stringency; medium demand supports Medium and slightly hinders High; low demand supports Medium and High and does not promote Low; confidences 4 on diagonal-like and strong anti-consistency cells, 2–3 on ambiguous/weak cells."
"Industrial_Energy_Demand","Policy_Stringency","High","Medium","0","3","High industrial demand promotes Low and hinders High policy stringency; medium demand supports Medium and slightly hinders High; low demand supports Medium and High and does not promote Low; confidences 4 on diagonal-like and strong anti-consistency cells, 2–3 on ambiguous/weak cells."
"Industrial_Energy_Demand","Policy_Stringency","High","High","-2","4","High industrial demand promotes Low and hinders High policy stringency; medium demand supports Medium and slightly hinders High; low demand supports Medium and High and does not promote Low; confidences 4 on diagonal-like and strong anti-consistency cells, 2–3 on ambiguous/weak cells."
"Industrial_Energy_Demand","Policy_Stringency","Medium","Low","1","3","High industrial demand promotes Low and hinders High policy stringency; medium demand supports Medium and slightly hinders High; low demand supports Medium and High and does not promote Low; confidences 4 on diagonal-like and strong anti-consistency cells, 2–3 on ambiguous/weak cells."
"Industrial_Energy_Demand","Policy_Stringency","Medium","Medium","2","4","High industrial demand promotes Low and hinders High policy stringency; medium demand supports Medium and slightly hinders High; low demand supports Medium and High and does not promote Low; confidences 4 on diagonal-like and strong anti-consistency cells, 2–3 on ambiguous/weak cells."
"Industrial_Energy_Demand","Policy_Stringency","Medium","High","-1","3","High industrial demand promotes Low and hinders High policy stringency; medium demand supports Medium and slightly hinders High; low demand supports Medium and High and does not promote Low; confidences 4 on diagonal-like and strong anti-consistency cells, 2–3 on ambiguous/weak cells."
"Industrial_Energy_Demand","Policy_Stringency","Low","Low","0","2","High industrial demand promotes Low and hinders High policy stringency; medium demand supports Medium and slightly hinders High; low demand supports Medium and High and does not promote Low; confidences 4 on diagonal-like and strong anti-consistency cells, 2–3 on ambiguous/weak cells."
"Industrial_Energy_Demand","Policy_Stringency","Low","Medium","1","3","High industrial demand promotes Low and hinders High policy stringency; medium demand supports Medium and slightly hinders High; low demand supports Medium and High and does not promote Low; confidences 4 on diagonal-like and strong anti-consistency cells, 2–3 on ambiguous/weak cells."
"Industrial_Energy_Demand","Policy_Stringency","Low","High","2","4","High industrial demand promotes Low and hinders High policy stringency; medium demand supports Medium and slightly hinders High; low demand supports Medium and High and does not promote Low; confidences 4 on diagonal-like and strong anti-consistency cells, 2–3 on ambiguous/weak cells."
"Industrial_Energy_Demand","Permitting_Pace","High","Slow","-2","4","High industrial demand creates pressure to speed up permitting (supports Fast, hinders Slow); low demand reduces that pressure (supports Slow, hinders Fast); diagonal-like pattern; confidence 4 on main impact cells, 3 elsewhere, 2 for Low→Medium."
"Industrial_Energy_Demand","Permitting_Pace","High","Medium","0","3","High industrial demand creates pressure to speed up permitting (supports Fast, hinders Slow); low demand reduces that pressure (supports Slow, hinders Fast); diagonal-like pattern; confidence 4 on main impact cells, 3 elsewhere, 2 for Low→Medium."
"Industrial_Energy_Demand","Permitting_Pace","High","Fast","2","4","High industrial demand creates pressure to speed up permitting (supports Fast, hinders Slow); low demand reduces that pressure (supports Slow, hinders Fast); diagonal-like pattern; confidence 4 on main impact cells, 3 elsewhere, 2 for Low→Medium."
"Industrial_Energy_Demand","Permitting_Pace","Medium","Slow","-1","3","High industrial demand creates pressure to speed up permitting (supports Fast, hinders Slow); low demand reduces that pressure (supports Slow, hinders Fast); diagonal-like pattern; confidence 4 on main impact cells, 3 elsewhere, 2 for Low→Medium."
"Industrial_Energy_Demand","Permitting_Pace","Medium","Medium","1","3","High industrial demand creates pressure to speed up permitting (supports Fast, hinders Slow); low demand reduces that pressure (supports Slow, hinders Fast); diagonal-like pattern; confidence 4 on main impact cells, 3 elsewhere, 2 for Low→Medium."
"Industrial_Energy_Demand","Permitting_Pace","Medium","Fast","1","3","High industrial demand creates pressure to speed up permitting (supports Fast, hinders Slow); low demand reduces that pressure (supports Slow, hinders Fast); diagonal-like pattern; confidence 4 on main impact cells, 3 elsewhere, 2 for Low→Medium."
"Industrial_Energy_Demand","Permitting_Pace","Low","Slow","1","3","High industrial demand creates pressure to speed up permitting (supports Fast, hinders Slow); low demand reduces that pressure (supports Slow, hinders Fast); diagonal-like pattern; confidence 4 on main impact cells, 3 elsewhere, 2 for Low→Medium."
"Industrial_Energy_Demand","Permitting_Pace","Low","Medium","0","2","High industrial demand creates pressure to speed up permitting (supports Fast, hinders Slow); low demand reduces that pressure (supports Slow, hinders Fast); diagonal-like pattern; confidence 4 on main impact cells, 3 elsewhere, 2 for Low→Medium."
"Industrial_Energy_Demand","Permitting_Pace","Low","Fast","-1","3","High industrial demand creates pressure to speed up permitting (supports Fast, hinders Slow); low demand reduces that pressure (supports Slow, hinders Fast); diagonal-like pattern; confidence 4 on main impact cells, 3 elsewhere, 2 for Low→Medium."
"Industrial_Energy_Demand","Renewables_Deployment","High","Low","-2","4","Demand as pull factor: high industrial demand hinders low renewables and supports high renewables; low demand supports low renewables and hinders high renewables; medium demand neutral with mild negative (Medium→Low) and mild positive (Medium→High); confidences 4 for strong diagonal-opposite effects, 3 for medium row."
"Industrial_Energy_Demand","Renewables_Deployment","High","Medium","0","3","Demand as pull factor: high industrial demand hinders low renewables and supports high renewables; low demand supports low renewables and hinders high renewables; medium demand neutral with mild negative (Medium→Low) and mild positive (Medium→High); confidences 4 for strong diagonal-opposite effects, 3 for medium row."
"Industrial_Energy_Demand","Renewables_Deployment","High","High","2","4","Demand as pull factor: high industrial demand hinders low renewables and supports high renewables; low demand supports low renewables and hinders high renewables; medium demand neutral with mild negative (Medium→Low) and mild positive (Medium→High); confidences 4 for strong diagonal-opposite effects, 3 for medium row."
"Industrial_Energy_Demand","Renewables_Deployment","Medium","Low","-1","3","Demand as pull factor: high industrial demand hinders low renewables and supports high renewables; low demand supports low renewables and hinders high renewables; medium demand neutral with mild negative (Medium→Low) and mild positive (Medium→High); confidences 4 for strong diagonal-opposite effects, 3 for medium row."
"Industrial_Energy_Demand","Renewables_Deployment","Medium","Medium","0","3","Demand as pull factor: high industrial demand hinders low renewables and supports high renewables; low demand supports low renewables and hinders high renewables; medium demand neutral with mild negative (Medium→Low) and mild positive (Medium→High); confidences 4 for strong diagonal-opposite effects, 3 for medium row."
"Industrial_Energy_Demand","Renewables_Deployment","Medium","High","1","3","Demand as pull factor: high industrial demand hinders low renewables and supports high renewables; low demand supports low renewables and hinders high renewables; medium demand neutral with mild negative (Medium→Low) and mild positive (Medium→High); confidences 4 for strong diagonal-opposite effects, 3 for medium row."
"Industrial_Energy_Demand","Renewables_Deployment","Low","Low","2","4","Demand as pull factor: high industrial demand hinders low renewables and supports high renewables; low demand supports low renewables and hinders high renewables; medium demand neutral with mild negative (Medium→Low) and mild positive (Medium→High); confidences 4 for strong diagonal-opposite effects, 3 for medium row."
"Industrial_Energy_Demand","Renewables_Deployment","Low","Medium","0","3","Demand as pull factor: high industrial demand hinders low renewables and supports high renewables; low demand supports low renewables and hinders high renewables; medium demand neutral with mild negative (Medium→Low) and mild positive (Medium→High); confidences 4 for strong diagonal-opposite effects, 3 for medium row."
"Industrial_Energy_Demand","Renewables_Deployment","Low","High","-2","4","Demand as pull factor: high industrial demand hinders low renewables and supports high renewables; low demand supports low renewables and hinders high renewables; medium demand neutral with mild negative (Medium→Low) and mild positive (Medium→High); confidences 4 for strong diagonal-opposite effects, 3 for medium row."
"Industrial_Energy_Demand","Technology_Costs","High","High","-2","4","Scale and learning dominate: high German industrial energy demand supports lower low-carbon technology costs (hinders High, supports Low); low demand supports costs remaining high and hinders Low. Diagonal and off-diagonal strengths reflect ordinal consistency; confidence 4 on strong High-demand effects, 3 elsewhere given global nature of Technology_Costs."
"Industrial_Energy_Demand","Technology_Costs","High","Medium","-1","4","Scale and learning dominate: high German industrial energy demand supports lower low-carbon technology costs (hinders High, supports Low); low demand supports costs remaining high and hinders Low. Diagonal and off-diagonal strengths reflect ordinal consistency; confidence 4 on strong High-demand effects, 3 elsewhere given global nature of Technology_Costs."
"Industrial_Energy_Demand","Technology_Costs","High","Low","2","4","Scale and learning dominate: high German industrial energy demand supports lower low-carbon technology costs (hinders High, supports Low); low demand supports costs remaining high and hinders Low. Diagonal and off-diagonal strengths reflect ordinal consistency; confidence 4 on strong High-demand effects, 3 elsewhere given global nature of Technology_Costs."
"Industrial_Energy_Demand","Technology_Costs","Medium","High","-1","3","Scale and learning dominate: high German industrial energy demand supports lower low-carbon technology costs (hinders High, supports Low); low demand supports costs remaining high and hinders Low. Diagonal and off-diagonal strengths reflect ordinal consistency; confidence 4 on strong High-demand effects, 3 elsewhere given global nature of Technology_Costs."
"Industrial_Energy_Demand","Technology_Costs","Medium","Medium","0","3","Scale and learning dominate: high German industrial energy demand supports lower low-carbon technology costs (hinders High, supports Low); low demand supports costs remaining high and hinders Low. Diagonal and off-diagonal strengths reflect ordinal consistency; confidence 4 on strong High-demand effects, 3 elsewhere given global nature of Technology_Costs."
"Industrial_Energy_Demand","Technology_Costs","Medium","Low","1","3","Scale and learning dominate: high German industrial energy demand supports lower low-carbon technology costs (hinders High, supports Low); low demand supports costs remaining high and hinders Low. Diagonal and off-diagonal strengths reflect ordinal consistency; confidence 4 on strong High-demand effects, 3 elsewhere given global nature of Technology_Costs."
"Industrial_Energy_Demand","Technology_Costs","Low","High","2","3","Scale and learning dominate: high German industrial energy demand supports lower low-carbon technology costs (hinders High, supports Low); low demand supports costs remaining high and hinders Low. Diagonal and off-diagonal strengths reflect ordinal consistency; confidence 4 on strong High-demand effects, 3 elsewhere given global nature of Technology_Costs."
"Industrial_Energy_Demand","Technology_Costs","Low","Medium","1","3","Scale and learning dominate: high German industrial energy demand supports lower low-carbon technology costs (hinders High, supports Low); low demand supports costs remaining high and hinders Low. Diagonal and off-diagonal strengths reflect ordinal consistency; confidence 4 on strong High-demand effects, 3 elsewhere given global nature of Technology_Costs."
"Industrial_Energy_Demand","Technology_Costs","Low","Low","-2","3","Scale and learning dominate: high German industrial energy demand supports lower low-carbon technology costs (hinders High, supports Low); low demand supports costs remaining high and hinders Low. Diagonal and off-diagonal strengths reflect ordinal consistency; confidence 4 on strong High-demand effects, 3 elsewhere given global nature of Technology_Costs."
"Industrial_Energy_Demand","Hydrogen_Role","High","Limited","-2","4","Industrial demand is a key offtaker for hydrogen; High demand supports Major and hinders Limited, Low demand supports Limited and hinders Major, Medium supports Moderate; confidences 4 on main impact cells and 3 elsewhere."
"Industrial_Energy_Demand","Hydrogen_Role","High","Moderate","0","3","Industrial demand is a key offtaker for hydrogen; High demand supports Major and hinders Limited, Low demand supports Limited and hinders Major, Medium supports Moderate; confidences 4 on main impact cells and 3 elsewhere."
"Industrial_Energy_Demand","Hydrogen_Role","High","Major","2","4","Industrial demand is a key offtaker for hydrogen; High demand supports Major and hinders Limited, Low demand supports Limited and hinders Major, Medium supports Moderate; confidences 4 on main impact cells and 3 elsewhere."
"Industrial_Energy_Demand","Hydrogen_Role","Medium","Limited","-1","3","Industrial demand is a key offtaker for hydrogen; High demand supports Major and hinders Limited, Low demand supports Limited and hinders Major, Medium supports Moderate; confidences 4 on main impact cells and 3 elsewhere."
"Industrial_Energy_Demand","Hydrogen_Role","Medium","Moderate","2","4","Industrial demand is a key offtaker for hydrogen; High demand supports Major and hinders Limited, Low demand supports Limited and hinders Major, Medium supports Moderate; confidences 4 on main impact cells and 3 elsewhere."
"Industrial_Energy_Demand","Hydrogen_Role","Medium","Major","1","3","Industrial demand is a key offtaker for hydrogen; High demand supports Major and hinders Limited, Low demand supports Limited and hinders Major, Medium supports Moderate; confidences 4 on main impact cells and 3 elsewhere."
"Industrial_Energy_Demand","Hydrogen_Role","Low","Limited","1","4","Industrial demand is a key offtaker for hydrogen; High demand supports Major and hinders Limited, Low demand supports Limited and hinders Major, Medium supports Moderate; confidences 4 on main impact cells and 3 elsewhere."
"Industrial_Energy_Demand","Hydrogen_Role","Low","Moderate","0","3","Industrial demand is a key offtaker for hydrogen; High demand supports Major and hinders Limited, Low demand supports Limited and hinders Major, Medium supports Moderate; confidences 4 on main impact cells and 3 elsewhere."
"Industrial_Energy_Demand","Hydrogen_Role","Low","Major","-2","4","Industrial demand is a key offtaker for hydrogen; High demand supports Major and hinders Limited, Low demand supports Limited and hinders Major, Medium supports Moderate; confidences 4 on main impact cells and 3 elsewhere."
"Industrial_Energy_Demand","Grid_Development","High","Lagging","-2","4","High industrial energy demand supports Strong grid and hinders Lagging (pressure for build-out); Low demand supports Lagging and hinders Strong (weaker driver); Medium and ambiguous cells scored 0 with lower confidence; confidences 4 for clear-direction cells, 3 for Moderate-target cells."
"Industrial_Energy_Demand","Grid_Development","High","Moderate","0","3","High industrial energy demand supports Strong grid and hinders Lagging (pressure for build-out); Low demand supports Lagging and hinders Strong (weaker driver); Medium and ambiguous cells scored 0 with lower confidence; confidences 4 for clear-direction cells, 3 for Moderate-target cells."
"Industrial_Energy_Demand","Grid_Development","High","Strong","2","4","High industrial energy demand supports Strong grid and hinders Lagging (pressure for build-out); Low demand supports Lagging and hinders Strong (weaker driver); Medium and ambiguous cells scored 0 with lower confidence; confidences 4 for clear-direction cells, 3 for Moderate-target cells."
"Industrial_Energy_Demand","Grid_Development","Medium","Lagging","-1","4","High industrial energy demand supports Strong grid and hinders Lagging (pressure for build-out); Low demand supports Lagging and hinders Strong (weaker driver); Medium and ambiguous cells scored 0 with lower confidence; confidences 4 for clear-direction cells, 3 for Moderate-target cells."
"Industrial_Energy_Demand","Grid_Development","Medium","Moderate","0","3","High industrial energy demand supports Strong grid and hinders Lagging (pressure for build-out); Low demand supports Lagging and hinders Strong (weaker driver); Medium and ambiguous cells scored 0 with lower confidence; confidences 4 for clear-direction cells, 3 for Moderate-target cells."
"Industrial_Energy_Demand","Grid_Development","Medium","Strong","1","4","High industrial energy demand supports Strong grid and hinders Lagging (pressure for build-out); Low demand supports Lagging and hinders Strong (weaker driver); Medium and ambiguous cells scored 0 with lower confidence; confidences 4 for clear-direction cells, 3 for Moderate-target cells."
"Industrial_Energy_Demand","Grid_Development","Low","Lagging","1","4","High industrial energy demand supports Strong grid and hinders Lagging (pressure for build-out); Low demand supports Lagging and hinders Strong (weaker driver); Medium and ambiguous cells scored 0 with lower confidence; confidences 4 for clear-direction cells, 3 for Moderate-target cells."
"Industrial_Energy_Demand","Grid_Development","Low","Moderate","0","3","High industrial energy demand supports Strong grid and hinders Lagging (pressure for build-out); Low demand supports Lagging and hinders Strong (weaker driver); Medium and ambiguous cells scored 0 with lower confidence; confidences 4 for clear-direction cells, 3 for Moderate-target cells."
"Industrial_Energy_Demand","Grid_Development","Low","Strong","-1","4","High industrial energy demand supports Strong grid and hinders Lagging (pressure for build-out); Low demand supports Lagging and hinders Strong (weaker driver); Medium and ambiguous cells scored 0 with lower confidence; confidences 4 for clear-direction cells, 3 for Moderate-target cells."
"Industrial_Energy_Demand","Electrification_Pace","High","Slow","-2","4","High industrial demand hinders slow electrification and supports high electrification (demand pull and decarbonisation pressure); low demand allows slow electrification and does not support high pace; medium demand aligns with medium pace; diagonal and off-diagonal scores agreed with confidence 3–4."
"Industrial_Energy_Demand","Electrification_Pace","High","Medium","1","3","High industrial demand hinders slow electrification and supports high electrification (demand pull and decarbonisation pressure); low demand allows slow electrification and does not support high pace; medium demand aligns with medium pace; diagonal and off-diagonal scores agreed with confidence 3–4."
"Industrial_Energy_Demand","Electrification_Pace","High","High","2","4","High industrial demand hinders slow electrification and supports high electrification (demand pull and decarbonisation pressure); low demand allows slow electrification and does not support high pace; medium demand aligns with medium pace; diagonal and off-diagonal scores agreed with confidence 3–4."
"Industrial_Energy_Demand","Electrification_Pace","Medium","Slow","-1","3","High industrial demand hinders slow electrification and supports high electrification (demand pull and decarbonisation pressure); low demand allows slow electrification and does not support high pace; medium demand aligns with medium pace; diagonal and off-diagonal scores agreed with confidence 3–4."
"Industrial_Energy_Demand","Electrification_Pace","Medium","Medium","2","4","High industrial demand hinders slow electrification and supports high electrification (demand pull and decarbonisation pressure); low demand allows slow electrification and does not support high pace; medium demand aligns with medium pace; diagonal and off-diagonal scores agreed with confidence 3–4."
"Industrial_Energy_Demand","Electrification_Pace","Medium","High","1","3","High industrial demand hinders slow electrification and supports high electrification (demand pull and decarbonisation pressure); low demand allows slow electrification and does not support high pace; medium demand aligns with medium pace; diagonal and off-diagonal scores agreed with confidence 3–4."
"Industrial_Energy_Demand","Electrification_Pace","Low","Slow","1","3","High industrial demand hinders slow electrification and supports high electrification (demand pull and decarbonisation pressure); low demand allows slow electrification and does not support high pace; medium demand aligns with medium pace; diagonal and off-diagonal scores agreed with confidence 3–4."
"Industrial_Energy_Demand","Electrification_Pace","Low","Medium","0","3","High industrial demand hinders slow electrification and supports high electrification (demand pull and decarbonisation pressure); low demand allows slow electrification and does not support high pace; medium demand aligns with medium pace; diagonal and off-diagonal scores agreed with confidence 3–4."
"Industrial_Energy_Demand","Electrification_Pace","Low","High","0","3","High industrial demand hinders slow electrification and supports high electrification (demand pull and decarbonisation pressure); low demand allows slow electrification and does not support high pace; medium demand aligns with medium pace; diagonal and off-diagonal scores agreed with confidence 3–4."
"Industrial_Energy_Demand","Fossil_Price_Pressure","High","Low","-1","3","German industrial demand is one significant demand-side factor in EU/global fossil markets: high demand supports high fossil price pressure and hinders low; low demand supports low pressure and hinders high; medium demand has weak or neutral impact on extremes; confidence moderate where the link is clear, lower where influence is weak or ambiguous."
"Industrial_Energy_Demand","Fossil_Price_Pressure","High","Medium","0","3","German industrial demand is one significant demand-side factor in EU/global fossil markets: high demand supports high fossil price pressure and hinders low; low demand supports low pressure and hinders high; medium demand has weak or neutral impact on extremes; confidence moderate where the link is clear, lower where influence is weak or ambiguous."
"Industrial_Energy_Demand","Fossil_Price_Pressure","High","High","2","4","German industrial demand is one significant demand-side factor in EU/global fossil markets: high demand supports high fossil price pressure and hinders low; low demand supports low pressure and hinders high; medium demand has weak or neutral impact on extremes; confidence moderate where the link is clear, lower where influence is weak or ambiguous."
"Industrial_Energy_Demand","Fossil_Price_Pressure","Medium","Low","0","2","German industrial demand is one significant demand-side factor in EU/global fossil markets: high demand supports high fossil price pressure and hinders low; low demand supports low pressure and hinders high; medium demand has weak or neutral impact on extremes; confidence moderate where the link is clear, lower where influence is weak or ambiguous."
"Industrial_Energy_Demand","Fossil_Price_Pressure","Medium","Medium","1","3","German industrial demand is one significant demand-side factor in EU/global fossil markets: high demand supports high fossil price pressure and hinders low; low demand supports low pressure and hinders high; medium demand has weak or neutral impact on extremes; confidence moderate where the link is clear, lower where influence is weak or ambiguous."
"Industrial_Energy_Demand","Fossil_Price_Pressure","Medium","High","0","2","German industrial demand is one significant demand-side factor in EU/global fossil markets: high demand supports high fossil price pressure and hinders low; low demand supports low pressure and hinders high; medium demand has weak or neutral impact on extremes; confidence moderate where the link is clear, lower where influence is weak or ambiguous."
"Industrial_Energy_Demand","Fossil_Price_Pressure","Low","Low","2","4","German industrial demand is one significant demand-side factor in EU/global fossil markets: high demand supports high fossil price pressure and hinders low; low demand supports low pressure and hinders high; medium demand has weak or neutral impact on extremes; confidence moderate where the link is clear, lower where influence is weak or ambiguous."
"Industrial_Energy_Demand","Fossil_Price_Pressure","Low","Medium","0","2","German industrial demand is one significant demand-side factor in EU/global fossil markets: high demand supports high fossil price pressure and hinders low; low demand supports low pressure and hinders high; medium demand has weak or neutral impact on extremes; confidence moderate where the link is clear, lower where influence is weak or ambiguous."
"Industrial_Energy_Demand","Fossil_Price_Pressure","Low","High","-1","3","German industrial demand is one significant demand-side factor in EU/global fossil markets: high demand supports high fossil price pressure and hinders low; low demand supports low pressure and hinders high; medium demand has weak or neutral impact on extremes; confidence moderate where the link is clear, lower where influence is weak or ambiguous."
"Industrial_Energy_Demand","Public_Acceptance","High","Low","2","4","High industrial demand supports Low and hinders High public acceptance (infrastructure pressure and visibility); Low demand supports High and hinders Low acceptance; Medium demand supports Medium and slightly Low; strongest effects and confidence 4 on 1.1, 1.3, 3.3; no material influence on 1.2, 2.3, 3.2 (score 0, conf 3)."
"Industrial_Energy_Demand","Public_Acceptance","High","Medium","0","3","High industrial demand supports Low and hinders High public acceptance (infrastructure pressure and visibility); Low demand supports High and hinders Low acceptance; Medium demand supports Medium and slightly Low; strongest effects and confidence 4 on 1.1, 1.3, 3.3; no material influence on 1.2, 2.3, 3.2 (score 0, conf 3)."
"Industrial_Energy_Demand","Public_Acceptance","High","High","-2","4","High industrial demand supports Low and hinders High public acceptance (infrastructure pressure and visibility); Low demand supports High and hinders Low acceptance; Medium demand supports Medium and slightly Low; strongest effects and confidence 4 on 1.1, 1.3, 3.3; no material influence on 1.2, 2.3, 3.2 (score 0, conf 3)."
"Industrial_Energy_Demand","Public_Acceptance","Medium","Low","1","3","High industrial demand supports Low and hinders High public acceptance (infrastructure pressure and visibility); Low demand supports High and hinders Low acceptance; Medium demand supports Medium and slightly Low; strongest effects and confidence 4 on 1.1, 1.3, 3.3; no material influence on 1.2, 2.3, 3.2 (score 0, conf 3)."
"Industrial_Energy_Demand","Public_Acceptance","Medium","Medium","1","3","High industrial demand supports Low and hinders High public acceptance (infrastructure pressure and visibility); Low demand supports High and hinders Low acceptance; Medium demand supports Medium and slightly Low; strongest effects and confidence 4 on 1.1, 1.3, 3.3; no material influence on 1.2, 2.3, 3.2 (score 0, conf 3)."
"Industrial_Energy_Demand","Public_Acceptance","Medium","High","0","3","High industrial demand supports Low and hinders High public acceptance (infrastructure pressure and visibility); Low demand supports High and hinders Low acceptance; Medium demand supports Medium and slightly Low; strongest effects and confidence 4 on 1.1, 1.3, 3.3; no material influence on 1.2, 2.3, 3.2 (score 0, conf 3)."
"Industrial_Energy_Demand","Public_Acceptance","Low","Low","-1","3","High industrial demand supports Low and hinders High public acceptance (infrastructure pressure and visibility); Low demand supports High and hinders Low acceptance; Medium demand supports Medium and slightly Low; strongest effects and confidence 4 on 1.1, 1.3, 3.3; no material influence on 1.2, 2.3, 3.2 (score 0, conf 3)."
"Industrial_Energy_Demand","Public_Acceptance","Low","Medium","0","3","High industrial demand supports Low and hinders High public acceptance (infrastructure pressure and visibility); Low demand supports High and hinders Low acceptance; Medium demand supports Medium and slightly Low; strongest effects and confidence 4 on 1.1, 1.3, 3.3; no material influence on 1.2, 2.3, 3.2 (score 0, conf 3)."
"Industrial_Energy_Demand","Public_Acceptance","Low","High","2","4","High industrial demand supports Low and hinders High public acceptance (infrastructure pressure and visibility); Low demand supports High and hinders Low acceptance; Medium demand supports Medium and slightly Low; strongest effects and confidence 4 on 1.1, 1.3, 3.3; no material influence on 1.2, 2.3, 3.2 (score 0, conf 3)."
"Industrial_Energy_Demand","Land_Use_Conflict","High","High","2","4","High industrial energy demand increases pressure for land for energy supply (renewables, grid, hydrogen, biomass) and supports high land-use conflict (1.1 +2, 1.3 −2); low demand reduces that pressure and supports low conflict (3.1 −2, 3.3 +2); medium demand gives moderate/neutral effects; confidence 4 on alignment cells, 3 elsewhere; link is well supported but moderated by imports and technology mix."
"Industrial_Energy_Demand","Land_Use_Conflict","High","Medium","1","3","High industrial energy demand increases pressure for land for energy supply (renewables, grid, hydrogen, biomass) and supports high land-use conflict (1.1 +2, 1.3 −2); low demand reduces that pressure and supports low conflict (3.1 −2, 3.3 +2); medium demand gives moderate/neutral effects; confidence 4 on alignment cells, 3 elsewhere; link is well supported but moderated by imports and technology mix."
"Industrial_Energy_Demand","Land_Use_Conflict","High","Low","-2","4","High industrial energy demand increases pressure for land for energy supply (renewables, grid, hydrogen, biomass) and supports high land-use conflict (1.1 +2, 1.3 −2); low demand reduces that pressure and supports low conflict (3.1 −2, 3.3 +2); medium demand gives moderate/neutral effects; confidence 4 on alignment cells, 3 elsewhere; link is well supported but moderated by imports and technology mix."
"Industrial_Energy_Demand","Land_Use_Conflict","Medium","High","0","3","High industrial energy demand increases pressure for land for energy supply (renewables, grid, hydrogen, biomass) and supports high land-use conflict (1.1 +2, 1.3 −2); low demand reduces that pressure and supports low conflict (3.1 −2, 3.3 +2); medium demand gives moderate/neutral effects; confidence 4 on alignment cells, 3 elsewhere; link is well supported but moderated by imports and technology mix."
"Industrial_Energy_Demand","Land_Use_Conflict","Medium","Medium","1","3","High industrial energy demand increases pressure for land for energy supply (renewables, grid, hydrogen, biomass) and supports high land-use conflict (1.1 +2, 1.3 −2); low demand reduces that pressure and supports low conflict (3.1 −2, 3.3 +2); medium demand gives moderate/neutral effects; confidence 4 on alignment cells, 3 elsewhere; link is well supported but moderated by imports and technology mix."
"Industrial_Energy_Demand","Land_Use_Conflict","Medium","Low","-1","3","High industrial energy demand increases pressure for land for energy supply (renewables, grid, hydrogen, biomass) and supports high land-use conflict (1.1 +2, 1.3 −2); low demand reduces that pressure and supports low conflict (3.1 −2, 3.3 +2); medium demand gives moderate/neutral effects; confidence 4 on alignment cells, 3 elsewhere; link is well supported but moderated by imports and technology mix."
"Industrial_Energy_Demand","Land_Use_Conflict","Low","High","-2","4","High industrial energy demand increases pressure for land for energy supply (renewables, grid, hydrogen, biomass) and supports high land-use conflict (1.1 +2, 1.3 −2); low demand reduces that pressure and supports low conflict (3.1 −2, 3.3 +2); medium demand gives moderate/neutral effects; confidence 4 on alignment cells, 3 elsewhere; link is well supported but moderated by imports and technology mix."
"Industrial_Energy_Demand","Land_Use_Conflict","Low","Medium","-1","3","High industrial energy demand increases pressure for land for energy supply (renewables, grid, hydrogen, biomass) and supports high land-use conflict (1.1 +2, 1.3 −2); low demand reduces that pressure and supports low conflict (3.1 −2, 3.3 +2); medium demand gives moderate/neutral effects; confidence 4 on alignment cells, 3 elsewhere; link is well supported but moderated by imports and technology mix."
"Industrial_Energy_Demand","Land_Use_Conflict","Low","Low","2","4","High industrial energy demand increases pressure for land for energy supply (renewables, grid, hydrogen, biomass) and supports high land-use conflict (1.1 +2, 1.3 −2); low demand reduces that pressure and supports low conflict (3.1 −2, 3.3 +2); medium demand gives moderate/neutral effects; confidence 4 on alignment cells, 3 elsewhere; link is well supported but moderated by imports and technology mix."
"Industrial_Energy_Demand","EU_Policy_Alignment","High","Low","2","4","High German industrial demand supports Low EU alignment and hinders High (industry and government pressure in EU negotiations); Low demand supports High alignment and hinders Low; Medium demand has mixed effect; confidence 4 for strongest links, 3 elsewhere given indirect causal path."
"Industrial_Energy_Demand","EU_Policy_Alignment","High","Medium","1","3","High German industrial demand supports Low EU alignment and hinders High (industry and government pressure in EU negotiations); Low demand supports High alignment and hinders Low; Medium demand has mixed effect; confidence 4 for strongest links, 3 elsewhere given indirect causal path."
"Industrial_Energy_Demand","EU_Policy_Alignment","High","High","-2","4","High German industrial demand supports Low EU alignment and hinders High (industry and government pressure in EU negotiations); Low demand supports High alignment and hinders Low; Medium demand has mixed effect; confidence 4 for strongest links, 3 elsewhere given indirect causal path."
"Industrial_Energy_Demand","EU_Policy_Alignment","Medium","Low","0","3","High German industrial demand supports Low EU alignment and hinders High (industry and government pressure in EU negotiations); Low demand supports High alignment and hinders Low; Medium demand has mixed effect; confidence 4 for strongest links, 3 elsewhere given indirect causal path."
"Industrial_Energy_Demand","EU_Policy_Alignment","Medium","Medium","1","3","High German industrial demand supports Low EU alignment and hinders High (industry and government pressure in EU negotiations); Low demand supports High alignment and hinders Low; Medium demand has mixed effect; confidence 4 for strongest links, 3 elsewhere given indirect causal path."
"Industrial_Energy_Demand","EU_Policy_Alignment","Medium","High","-1","3","High German industrial demand supports Low EU alignment and hinders High (industry and government pressure in EU negotiations); Low demand supports High alignment and hinders Low; Medium demand has mixed effect; confidence 4 for strongest links, 3 elsewhere given indirect causal path."
"Industrial_Energy_Demand","EU_Policy_Alignment","Low","Low","-1","3","High German industrial demand supports Low EU alignment and hinders High (industry and government pressure in EU negotiations); Low demand supports High alignment and hinders Low; Medium demand has mixed effect; confidence 4 for strongest links, 3 elsewhere given indirect causal path."
"Industrial_Energy_Demand","EU_Policy_Alignment","Low","Medium","0","3","High German industrial demand supports Low EU alignment and hinders High (industry and government pressure in EU negotiations); Low demand supports High alignment and hinders Low; Medium demand has mixed effect; confidence 4 for strongest links, 3 elsewhere given indirect causal path."
"Industrial_Energy_Demand","EU_Policy_Alignment","Low","High","2","4","High German industrial demand supports Low EU alignment and hinders High (industry and government pressure in EU negotiations); Low demand supports High alignment and hinders Low; Medium demand has mixed effect; confidence 4 for strongest links, 3 elsewhere given indirect causal path."
"Industrial_Energy_Demand","Energy_Security_Pressure","High","Low","-2","4","Higher German industrial energy demand increases EU/global energy security pressure; lower demand reduces it. Diagonal and opposite corners scored ±2 with confidence 4; medium row and off-diagonal ±1 or 0 with confidence 3."
"Industrial_Energy_Demand","Energy_Security_Pressure","High","Medium","0","3","Higher German industrial energy demand increases EU/global energy security pressure; lower demand reduces it. Diagonal and opposite corners scored ±2 with confidence 4; medium row and off-diagonal ±1 or 0 with confidence 3."
"Industrial_Energy_Demand","Energy_Security_Pressure","High","High","2","4","Higher German industrial energy demand increases EU/global energy security pressure; lower demand reduces it. Diagonal and opposite corners scored ±2 with confidence 4; medium row and off-diagonal ±1 or 0 with confidence 3."
"Industrial_Energy_Demand","Energy_Security_Pressure","Medium","Low","-1","3","Higher German industrial energy demand increases EU/global energy security pressure; lower demand reduces it. Diagonal and opposite corners scored ±2 with confidence 4; medium row and off-diagonal ±1 or 0 with confidence 3."
"Industrial_Energy_Demand","Energy_Security_Pressure","Medium","Medium","0","3","Higher German industrial energy demand increases EU/global energy security pressure; lower demand reduces it. Diagonal and opposite corners scored ±2 with confidence 4; medium row and off-diagonal ±1 or 0 with confidence 3."
"Industrial_Energy_Demand","Energy_Security_Pressure","Medium","High","1","3","Higher German industrial energy demand increases EU/global energy security pressure; lower demand reduces it. Diagonal and opposite corners scored ±2 with confidence 4; medium row and off-diagonal ±1 or 0 with confidence 3."
"Industrial_Energy_Demand","Energy_Security_Pressure","Low","Low","2","4","Higher German industrial energy demand increases EU/global energy security pressure; lower demand reduces it. Diagonal and opposite corners scored ±2 with confidence 4; medium row and off-diagonal ±1 or 0 with confidence 3."
"Industrial_Energy_Demand","Energy_Security_Pressure","Low","Medium","1","3","Higher German industrial energy demand increases EU/global energy security pressure; lower demand reduces it. Diagonal and opposite corners scored ±2 with confidence 4; medium row and off-diagonal ±1 or 0 with confidence 3."
"Industrial_Energy_Demand","Energy_Security_Pressure","Low","High","-2","4","Higher German industrial energy demand increases EU/global energy security pressure; lower demand reduces it. Diagonal and opposite corners scored ±2 with confidence 4; medium row and off-diagonal ±1 or 0 with confidence 3."
"Industrial_Energy_Demand","Investment_Availability","High","Low","2","4","High industrial demand promotes Low/Medium investment availability and hinders High (capital competition/crowding out); Low demand hinders Low and supports High; medium demand supports Medium and weakly supports Low; confidence 4 on main-effect cells, 3 on mixed cells."
"Industrial_Energy_Demand","Investment_Availability","High","Medium","1","3","High industrial demand promotes Low/Medium investment availability and hinders High (capital competition/crowding out); Low demand hinders Low and supports High; medium demand supports Medium and weakly supports Low; confidence 4 on main-effect cells, 3 on mixed cells."
"Industrial_Energy_Demand","Investment_Availability","High","High","-2","4","High industrial demand promotes Low/Medium investment availability and hinders High (capital competition/crowding out); Low demand hinders Low and supports High; medium demand supports Medium and weakly supports Low; confidence 4 on main-effect cells, 3 on mixed cells."
"Industrial_Energy_Demand","Investment_Availability","Medium","Low","1","3","High industrial demand promotes Low/Medium investment availability and hinders High (capital competition/crowding out); Low demand hinders Low and supports High; medium demand supports Medium and weakly supports Low; confidence 4 on main-effect cells, 3 on mixed cells."
"Industrial_Energy_Demand","Investment_Availability","Medium","Medium","2","4","High industrial demand promotes Low/Medium investment availability and hinders High (capital competition/crowding out); Low demand hinders Low and supports High; medium demand supports Medium and weakly supports Low; confidence 4 on main-effect cells, 3 on mixed cells."
"Industrial_Energy_Demand","Investment_Availability","Medium","High","0","3","High industrial demand promotes Low/Medium investment availability and hinders High (capital competition/crowding out); Low demand hinders Low and supports High; medium demand supports Medium and weakly supports Low; confidence 4 on main-effect cells, 3 on mixed cells."
"Industrial_Energy_Demand","Investment_Availability","Low","Low","-2","4","High industrial demand promotes Low/Medium investment availability and hinders High (capital competition/crowding out); Low demand hinders Low and supports High; medium demand supports Medium and weakly supports Low; confidence 4 on main-effect cells, 3 on mixed cells."
"Industrial_Energy_Demand","Investment_Availability","Low","Medium","0","3","High industrial demand promotes Low/Medium investment availability and hinders High (capital competition/crowding out); Low demand hinders Low and supports High; medium demand supports Medium and weakly supports Low; confidence 4 on main-effect cells, 3 on mixed cells."
"Industrial_Energy_Demand","Investment_Availability","Low","High","2","4","High industrial demand promotes Low/Medium investment availability and hinders High (capital competition/crowding out); Low demand hinders Low and supports High; medium demand supports Medium and weakly supports Low; confidence 4 on main-effect cells, 3 on mixed cells."
"Fossil_Price_Pressure","Decarbonisation_Outcome","Low","High emissions","2","4","Fossil price pressure is a well-established driver of decarbonisation incentives: low pressure supports high emissions and hinders net-zero; high pressure supports net-zero and hinders high emissions; diagonal and anti-diagonal cells scored with confidence 4, off-diagonal with 3; scores ±2 on corners to allow for other factors."
"Fossil_Price_Pressure","Decarbonisation_Outcome","Low","Medium","1","3","Fossil price pressure is a well-established driver of decarbonisation incentives: low pressure supports high emissions and hinders net-zero; high pressure supports net-zero and hinders high emissions; diagonal and anti-diagonal cells scored with confidence 4, off-diagonal with 3; scores ±2 on corners to allow for other factors."
"Fossil_Price_Pressure","Decarbonisation_Outcome","Low","Net-zero aligned","-2","4","Fossil price pressure is a well-established driver of decarbonisation incentives: low pressure supports high emissions and hinders net-zero; high pressure supports net-zero and hinders high emissions; diagonal and anti-diagonal cells scored with confidence 4, off-diagonal with 3; scores ±2 on corners to allow for other factors."
"Fossil_Price_Pressure","Decarbonisation_Outcome","Medium","High emissions","-1","3","Fossil price pressure is a well-established driver of decarbonisation incentives: low pressure supports high emissions and hinders net-zero; high pressure supports net-zero and hinders high emissions; diagonal and anti-diagonal cells scored with confidence 4, off-diagonal with 3; scores ±2 on corners to allow for other factors."
"Fossil_Price_Pressure","Decarbonisation_Outcome","Medium","Medium","2","4","Fossil price pressure is a well-established driver of decarbonisation incentives: low pressure supports high emissions and hinders net-zero; high pressure supports net-zero and hinders high emissions; diagonal and anti-diagonal cells scored with confidence 4, off-diagonal with 3; scores ±2 on corners to allow for other factors."
"Fossil_Price_Pressure","Decarbonisation_Outcome","Medium","Net-zero aligned","1","3","Fossil price pressure is a well-established driver of decarbonisation incentives: low pressure supports high emissions and hinders net-zero; high pressure supports net-zero and hinders high emissions; diagonal and anti-diagonal cells scored with confidence 4, off-diagonal with 3; scores ±2 on corners to allow for other factors."
"Fossil_Price_Pressure","Decarbonisation_Outcome","High","High emissions","-2","4","Fossil price pressure is a well-established driver of decarbonisation incentives: low pressure supports high emissions and hinders net-zero; high pressure supports net-zero and hinders high emissions; diagonal and anti-diagonal cells scored with confidence 4, off-diagonal with 3; scores ±2 on corners to allow for other factors."
"Fossil_Price_Pressure","Decarbonisation_Outcome","High","Medium","-1","3","Fossil price pressure is a well-established driver of decarbonisation incentives: low pressure supports high emissions and hinders net-zero; high pressure supports net-zero and hinders high emissions; diagonal and anti-diagonal cells scored with confidence 4, off-diagonal with 3; scores ±2 on corners to allow for other factors."
"Fossil_Price_Pressure","Decarbonisation_Outcome","High","Net-zero aligned","2","4","Fossil price pressure is a well-established driver of decarbonisation incentives: low pressure supports high emissions and hinders net-zero; high pressure supports net-zero and hinders high emissions; diagonal and anti-diagonal cells scored with confidence 4, off-diagonal with 3; scores ±2 on corners to allow for other factors."
"Fossil_Price_Pressure","Policy_Stringency","Low","Low","2","4","High fossil price pressure supports high policy stringency and hinders low; low pressure supports low stringency and hinders high; medium pressure supports medium stringency; confidence 4 for clear cells, 3 for Low→Medium and Medium→High."
"Fossil_Price_Pressure","Policy_Stringency","Low","Medium","0","3","High fossil price pressure supports high policy stringency and hinders low; low pressure supports low stringency and hinders high; medium pressure supports medium stringency; confidence 4 for clear cells, 3 for Low→Medium and Medium→High."
"Fossil_Price_Pressure","Policy_Stringency","Low","High","-2","4","High fossil price pressure supports high policy stringency and hinders low; low pressure supports low stringency and hinders high; medium pressure supports medium stringency; confidence 4 for clear cells, 3 for Low→Medium and Medium→High."
"Fossil_Price_Pressure","Policy_Stringency","Medium","Low","-1","4","High fossil price pressure supports high policy stringency and hinders low; low pressure supports low stringency and hinders high; medium pressure supports medium stringency; confidence 4 for clear cells, 3 for Low→Medium and Medium→High."
"Fossil_Price_Pressure","Policy_Stringency","Medium","Medium","2","4","High fossil price pressure supports high policy stringency and hinders low; low pressure supports low stringency and hinders high; medium pressure supports medium stringency; confidence 4 for clear cells, 3 for Low→Medium and Medium→High."
"Fossil_Price_Pressure","Policy_Stringency","Medium","High","1","3","High fossil price pressure supports high policy stringency and hinders low; low pressure supports low stringency and hinders high; medium pressure supports medium stringency; confidence 4 for clear cells, 3 for Low→Medium and Medium→High."
"Fossil_Price_Pressure","Policy_Stringency","High","Low","-2","4","High fossil price pressure supports high policy stringency and hinders low; low pressure supports low stringency and hinders high; medium pressure supports medium stringency; confidence 4 for clear cells, 3 for Low→Medium and Medium→High."
"Fossil_Price_Pressure","Policy_Stringency","High","Medium","2","4","High fossil price pressure supports high policy stringency and hinders low; low pressure supports low stringency and hinders high; medium pressure supports medium stringency; confidence 4 for clear cells, 3 for Low→Medium and Medium→High."
"Fossil_Price_Pressure","Policy_Stringency","High","High","3","4","High fossil price pressure supports high policy stringency and hinders low; low pressure supports low stringency and hinders high; medium pressure supports medium stringency; confidence 4 for clear cells, 3 for Low→Medium and Medium→High."
"Fossil_Price_Pressure","Permitting_Pace","Low","Slow","2","4","High fossil price pressure supports fast permitting and hinders slow; low pressure supports slow and hinders fast; medium pressure weakly supports medium/fast; confidence highest on extreme cells (High–Slow, High–Fast, Low–Slow, Low–Fast)."
"Fossil_Price_Pressure","Permitting_Pace","Low","Medium","0","3","High fossil price pressure supports fast permitting and hinders slow; low pressure supports slow and hinders fast; medium pressure weakly supports medium/fast; confidence highest on extreme cells (High–Slow, High–Fast, Low–Slow, Low–Fast)."
"Fossil_Price_Pressure","Permitting_Pace","Low","Fast","-2","4","High fossil price pressure supports fast permitting and hinders slow; low pressure supports slow and hinders fast; medium pressure weakly supports medium/fast; confidence highest on extreme cells (High–Slow, High–Fast, Low–Slow, Low–Fast)."
"Fossil_Price_Pressure","Permitting_Pace","Medium","Slow","-1","3","High fossil price pressure supports fast permitting and hinders slow; low pressure supports slow and hinders fast; medium pressure weakly supports medium/fast; confidence highest on extreme cells (High–Slow, High–Fast, Low–Slow, Low–Fast)."
"Fossil_Price_Pressure","Permitting_Pace","Medium","Medium","1","3","High fossil price pressure supports fast permitting and hinders slow; low pressure supports slow and hinders fast; medium pressure weakly supports medium/fast; confidence highest on extreme cells (High–Slow, High–Fast, Low–Slow, Low–Fast)."
"Fossil_Price_Pressure","Permitting_Pace","Medium","Fast","1","3","High fossil price pressure supports fast permitting and hinders slow; low pressure supports slow and hinders fast; medium pressure weakly supports medium/fast; confidence highest on extreme cells (High–Slow, High–Fast, Low–Slow, Low–Fast)."
"Fossil_Price_Pressure","Permitting_Pace","High","Slow","-2","5","High fossil price pressure supports fast permitting and hinders slow; low pressure supports slow and hinders fast; medium pressure weakly supports medium/fast; confidence highest on extreme cells (High–Slow, High–Fast, Low–Slow, Low–Fast)."
"Fossil_Price_Pressure","Permitting_Pace","High","Medium","0","4","High fossil price pressure supports fast permitting and hinders slow; low pressure supports slow and hinders fast; medium pressure weakly supports medium/fast; confidence highest on extreme cells (High–Slow, High–Fast, Low–Slow, Low–Fast)."
"Fossil_Price_Pressure","Permitting_Pace","High","Fast","2","5","High fossil price pressure supports fast permitting and hinders slow; low pressure supports slow and hinders fast; medium pressure weakly supports medium/fast; confidence highest on extreme cells (High–Slow, High–Fast, Low–Slow, Low–Fast)."
"Fossil_Price_Pressure","Renewables_Deployment","Low","Low","2","4","High fossil price pressure supports high renewables deployment and strongly hinders low; low pressure supports low and hinders high; diagonal and adjacent cells aligned with economic incentive; confidence 5 on 3.1 and 3.3, 4 on most others, 3 where direction is moderate."
"Fossil_Price_Pressure","Renewables_Deployment","Low","Medium","0","3","High fossil price pressure supports high renewables deployment and strongly hinders low; low pressure supports low and hinders high; diagonal and adjacent cells aligned with economic incentive; confidence 5 on 3.1 and 3.3, 4 on most others, 3 where direction is moderate."
"Fossil_Price_Pressure","Renewables_Deployment","Low","High","-2","4","High fossil price pressure supports high renewables deployment and strongly hinders low; low pressure supports low and hinders high; diagonal and adjacent cells aligned with economic incentive; confidence 5 on 3.1 and 3.3, 4 on most others, 3 where direction is moderate."
"Fossil_Price_Pressure","Renewables_Deployment","Medium","Low","-1","3","High fossil price pressure supports high renewables deployment and strongly hinders low; low pressure supports low and hinders high; diagonal and adjacent cells aligned with economic incentive; confidence 5 on 3.1 and 3.3, 4 on most others, 3 where direction is moderate."
"Fossil_Price_Pressure","Renewables_Deployment","Medium","Medium","2","4","High fossil price pressure supports high renewables deployment and strongly hinders low; low pressure supports low and hinders high; diagonal and adjacent cells aligned with economic incentive; confidence 5 on 3.1 and 3.3, 4 on most others, 3 where direction is moderate."
"Fossil_Price_Pressure","Renewables_Deployment","Medium","High","2","4","High fossil price pressure supports high renewables deployment and strongly hinders low; low pressure supports low and hinders high; diagonal and adjacent cells aligned with economic incentive; confidence 5 on 3.1 and 3.3, 4 on most others, 3 where direction is moderate."
"Fossil_Price_Pressure","Renewables_Deployment","High","Low","-3","5","High fossil price pressure supports high renewables deployment and strongly hinders low; low pressure supports low and hinders high; diagonal and adjacent cells aligned with economic incentive; confidence 5 on 3.1 and 3.3, 4 on most others, 3 where direction is moderate."
"Fossil_Price_Pressure","Renewables_Deployment","High","Medium","2","4","High fossil price pressure supports high renewables deployment and strongly hinders low; low pressure supports low and hinders high; diagonal and adjacent cells aligned with economic incentive; confidence 5 on 3.1 and 3.3, 4 on most others, 3 where direction is moderate."
"Fossil_Price_Pressure","Renewables_Deployment","High","High","3","5","High fossil price pressure supports high renewables deployment and strongly hinders low; low pressure supports low and hinders high; diagonal and adjacent cells aligned with economic incentive; confidence 5 on 3.1 and 3.3, 4 on most others, 3 where direction is moderate."
"Fossil_Price_Pressure","Technology_Costs","Low","High","2","4","High fossil price pressure promotes low technology costs (scale and learning); low pressure promotes high costs; medium pressure is neutral for medium costs and weakly supports low; confidence 4 on main diagonal-opposite cells, 3 on off-diagonal and medium-source cells."
"Fossil_Price_Pressure","Technology_Costs","Low","Medium","1","3","High fossil price pressure promotes low technology costs (scale and learning); low pressure promotes high costs; medium pressure is neutral for medium costs and weakly supports low; confidence 4 on main diagonal-opposite cells, 3 on off-diagonal and medium-source cells."
"Fossil_Price_Pressure","Technology_Costs","Low","Low","-2","4","High fossil price pressure promotes low technology costs (scale and learning); low pressure promotes high costs; medium pressure is neutral for medium costs and weakly supports low; confidence 4 on main diagonal-opposite cells, 3 on off-diagonal and medium-source cells."
"Fossil_Price_Pressure","Technology_Costs","Medium","High","0","3","High fossil price pressure promotes low technology costs (scale and learning); low pressure promotes high costs; medium pressure is neutral for medium costs and weakly supports low; confidence 4 on main diagonal-opposite cells, 3 on off-diagonal and medium-source cells."
"Fossil_Price_Pressure","Technology_Costs","Medium","Medium","0","3","High fossil price pressure promotes low technology costs (scale and learning); low pressure promotes high costs; medium pressure is neutral for medium costs and weakly supports low; confidence 4 on main diagonal-opposite cells, 3 on off-diagonal and medium-source cells."
"Fossil_Price_Pressure","Technology_Costs","Medium","Low","1","3","High fossil price pressure promotes low technology costs (scale and learning); low pressure promotes high costs; medium pressure is neutral for medium costs and weakly supports low; confidence 4 on main diagonal-opposite cells, 3 on off-diagonal and medium-source cells."
"Fossil_Price_Pressure","Technology_Costs","High","High","-2","4","High fossil price pressure promotes low technology costs (scale and learning); low pressure promotes high costs; medium pressure is neutral for medium costs and weakly supports low; confidence 4 on main diagonal-opposite cells, 3 on off-diagonal and medium-source cells."
"Fossil_Price_Pressure","Technology_Costs","High","Medium","1","3","High fossil price pressure promotes low technology costs (scale and learning); low pressure promotes high costs; medium pressure is neutral for medium costs and weakly supports low; confidence 4 on main diagonal-opposite cells, 3 on off-diagonal and medium-source cells."
"Fossil_Price_Pressure","Technology_Costs","High","Low","2","4","High fossil price pressure promotes low technology costs (scale and learning); low pressure promotes high costs; medium pressure is neutral for medium costs and weakly supports low; confidence 4 on main diagonal-opposite cells, 3 on off-diagonal and medium-source cells."
"Fossil_Price_Pressure","Hydrogen_Role","Low","Limited","2","4","High fossil price pressure supports a major hydrogen role and hinders a limited one; low pressure supports limited and hinders major; medium pressure supports moderate role; diagonal (Low→Limited, Medium→Moderate, High→Major) positive, opposite corners negative; confidences 3–4 based on price-substitution logic and post-2022 evidence."
"Fossil_Price_Pressure","Hydrogen_Role","Low","Moderate","0","3","High fossil price pressure supports a major hydrogen role and hinders a limited one; low pressure supports limited and hinders major; medium pressure supports moderate role; diagonal (Low→Limited, Medium→Moderate, High→Major) positive, opposite corners negative; confidences 3–4 based on price-substitution logic and post-2022 evidence."
"Fossil_Price_Pressure","Hydrogen_Role","Low","Major","-2","4","High fossil price pressure supports a major hydrogen role and hinders a limited one; low pressure supports limited and hinders major; medium pressure supports moderate role; diagonal (Low→Limited, Medium→Moderate, High→Major) positive, opposite corners negative; confidences 3–4 based on price-substitution logic and post-2022 evidence."
"Fossil_Price_Pressure","Hydrogen_Role","Medium","Limited","-1","3","High fossil price pressure supports a major hydrogen role and hinders a limited one; low pressure supports limited and hinders major; medium pressure supports moderate role; diagonal (Low→Limited, Medium→Moderate, High→Major) positive, opposite corners negative; confidences 3–4 based on price-substitution logic and post-2022 evidence."
"Fossil_Price_Pressure","Hydrogen_Role","Medium","Moderate","2","4","High fossil price pressure supports a major hydrogen role and hinders a limited one; low pressure supports limited and hinders major; medium pressure supports moderate role; diagonal (Low→Limited, Medium→Moderate, High→Major) positive, opposite corners negative; confidences 3–4 based on price-substitution logic and post-2022 evidence."
"Fossil_Price_Pressure","Hydrogen_Role","Medium","Major","1","3","High fossil price pressure supports a major hydrogen role and hinders a limited one; low pressure supports limited and hinders major; medium pressure supports moderate role; diagonal (Low→Limited, Medium→Moderate, High→Major) positive, opposite corners negative; confidences 3–4 based on price-substitution logic and post-2022 evidence."
"Fossil_Price_Pressure","Hydrogen_Role","High","Limited","-2","4","High fossil price pressure supports a major hydrogen role and hinders a limited one; low pressure supports limited and hinders major; medium pressure supports moderate role; diagonal (Low→Limited, Medium→Moderate, High→Major) positive, opposite corners negative; confidences 3–4 based on price-substitution logic and post-2022 evidence."
"Fossil_Price_Pressure","Hydrogen_Role","High","Moderate","1","4","High fossil price pressure supports a major hydrogen role and hinders a limited one; low pressure supports limited and hinders major; medium pressure supports moderate role; diagonal (Low→Limited, Medium→Moderate, High→Major) positive, opposite corners negative; confidences 3–4 based on price-substitution logic and post-2022 evidence."
"Fossil_Price_Pressure","Hydrogen_Role","High","Major","3","4","High fossil price pressure supports a major hydrogen role and hinders a limited one; low pressure supports limited and hinders major; medium pressure supports moderate role; diagonal (Low→Limited, Medium→Moderate, High→Major) positive, opposite corners negative; confidences 3–4 based on price-substitution logic and post-2022 evidence."
"Fossil_Price_Pressure","Grid_Development","Low","Lagging","1","4","High fossil price pressure supports Strong grid and hinders Lagging; Low pressure supports Lagging and hinders Strong; diagonal alignment with evidence from post-2022 price shocks for high confidence on High→Strong."
"Fossil_Price_Pressure","Grid_Development","Low","Moderate","0","3","High fossil price pressure supports Strong grid and hinders Lagging; Low pressure supports Lagging and hinders Strong; diagonal alignment with evidence from post-2022 price shocks for high confidence on High→Strong."
"Fossil_Price_Pressure","Grid_Development","Low","Strong","-2","4","High fossil price pressure supports Strong grid and hinders Lagging; Low pressure supports Lagging and hinders Strong; diagonal alignment with evidence from post-2022 price shocks for high confidence on High→Strong."
"Fossil_Price_Pressure","Grid_Development","Medium","Lagging","-1","3","High fossil price pressure supports Strong grid and hinders Lagging; Low pressure supports Lagging and hinders Strong; diagonal alignment with evidence from post-2022 price shocks for high confidence on High→Strong."
"Fossil_Price_Pressure","Grid_Development","Medium","Moderate","2","4","High fossil price pressure supports Strong grid and hinders Lagging; Low pressure supports Lagging and hinders Strong; diagonal alignment with evidence from post-2022 price shocks for high confidence on High→Strong."
"Fossil_Price_Pressure","Grid_Development","Medium","Strong","1","3","High fossil price pressure supports Strong grid and hinders Lagging; Low pressure supports Lagging and hinders Strong; diagonal alignment with evidence from post-2022 price shocks for high confidence on High→Strong."
"Fossil_Price_Pressure","Grid_Development","High","Lagging","-2","4","High fossil price pressure supports Strong grid and hinders Lagging; Low pressure supports Lagging and hinders Strong; diagonal alignment with evidence from post-2022 price shocks for high confidence on High→Strong."
"Fossil_Price_Pressure","Grid_Development","High","Moderate","0","3","High fossil price pressure supports Strong grid and hinders Lagging; Low pressure supports Lagging and hinders Strong; diagonal alignment with evidence from post-2022 price shocks for high confidence on High→Strong."
"Fossil_Price_Pressure","Grid_Development","High","Strong","2","5","High fossil price pressure supports Strong grid and hinders Lagging; Low pressure supports Lagging and hinders Strong; diagonal alignment with evidence from post-2022 price shocks for high confidence on High→Strong."
"Fossil_Price_Pressure","Electrification_Pace","Low","Slow","2","4","High fossil price pressure supports faster electrification in Germany (3→3 +2, 3→1 −2); low pressure supports slow electrification (1→1 +2, 1→3 −2). Medium pressure supports medium electrification. Confidence 4 on aligned corners, 3 on off-diagonal and 2→* cells."
"Fossil_Price_Pressure","Electrification_Pace","Low","Medium","-1","3","High fossil price pressure supports faster electrification in Germany (3→3 +2, 3→1 −2); low pressure supports slow electrification (1→1 +2, 1→3 −2). Medium pressure supports medium electrification. Confidence 4 on aligned corners, 3 on off-diagonal and 2→* cells."
"Fossil_Price_Pressure","Electrification_Pace","Low","High","-2","4","High fossil price pressure supports faster electrification in Germany (3→3 +2, 3→1 −2); low pressure supports slow electrification (1→1 +2, 1→3 −2). Medium pressure supports medium electrification. Confidence 4 on aligned corners, 3 on off-diagonal and 2→* cells."
"Fossil_Price_Pressure","Electrification_Pace","Medium","Slow","-1","3","High fossil price pressure supports faster electrification in Germany (3→3 +2, 3→1 −2); low pressure supports slow electrification (1→1 +2, 1→3 −2). Medium pressure supports medium electrification. Confidence 4 on aligned corners, 3 on off-diagonal and 2→* cells."
"Fossil_Price_Pressure","Electrification_Pace","Medium","Medium","1","3","High fossil price pressure supports faster electrification in Germany (3→3 +2, 3→1 −2); low pressure supports slow electrification (1→1 +2, 1→3 −2). Medium pressure supports medium electrification. Confidence 4 on aligned corners, 3 on off-diagonal and 2→* cells."
"Fossil_Price_Pressure","Electrification_Pace","Medium","High","1","3","High fossil price pressure supports faster electrification in Germany (3→3 +2, 3→1 −2); low pressure supports slow electrification (1→1 +2, 1→3 −2). Medium pressure supports medium electrification. Confidence 4 on aligned corners, 3 on off-diagonal and 2→* cells."
"Fossil_Price_Pressure","Electrification_Pace","High","Slow","-2","4","High fossil price pressure supports faster electrification in Germany (3→3 +2, 3→1 −2); low pressure supports slow electrification (1→1 +2, 1→3 −2). Medium pressure supports medium electrification. Confidence 4 on aligned corners, 3 on off-diagonal and 2→* cells."
"Fossil_Price_Pressure","Electrification_Pace","High","Medium","1","3","High fossil price pressure supports faster electrification in Germany (3→3 +2, 3→1 −2); low pressure supports slow electrification (1→1 +2, 1→3 −2). Medium pressure supports medium electrification. Confidence 4 on aligned corners, 3 on off-diagonal and 2→* cells."
"Fossil_Price_Pressure","Electrification_Pace","High","High","2","4","High fossil price pressure supports faster electrification in Germany (3→3 +2, 3→1 −2); low pressure supports slow electrification (1→1 +2, 1→3 −2). Medium pressure supports medium electrification. Confidence 4 on aligned corners, 3 on off-diagonal and 2→* cells."
"Fossil_Price_Pressure","Industrial_Energy_Demand","Low","High","2","4","High fossil price pressure supports low industrial energy demand and hinders high; low pressure supports high demand and hinders low; medium pressure yields weak support for medium/low demand and no support for high; confidence 4 on main causal cells, 2 where influence is absent or ambiguous."
"Fossil_Price_Pressure","Industrial_Energy_Demand","Low","Medium","1","3","High fossil price pressure supports low industrial energy demand and hinders high; low pressure supports high demand and hinders low; medium pressure yields weak support for medium/low demand and no support for high; confidence 4 on main causal cells, 2 where influence is absent or ambiguous."
"Fossil_Price_Pressure","Industrial_Energy_Demand","Low","Low","-2","4","High fossil price pressure supports low industrial energy demand and hinders high; low pressure supports high demand and hinders low; medium pressure yields weak support for medium/low demand and no support for high; confidence 4 on main causal cells, 2 where influence is absent or ambiguous."
"Fossil_Price_Pressure","Industrial_Energy_Demand","Medium","High","0","2","High fossil price pressure supports low industrial energy demand and hinders high; low pressure supports high demand and hinders low; medium pressure yields weak support for medium/low demand and no support for high; confidence 4 on main causal cells, 2 where influence is absent or ambiguous."
"Fossil_Price_Pressure","Industrial_Energy_Demand","Medium","Medium","1","3","High fossil price pressure supports low industrial energy demand and hinders high; low pressure supports high demand and hinders low; medium pressure yields weak support for medium/low demand and no support for high; confidence 4 on main causal cells, 2 where influence is absent or ambiguous."
"Fossil_Price_Pressure","Industrial_Energy_Demand","Medium","Low","1","3","High fossil price pressure supports low industrial energy demand and hinders high; low pressure supports high demand and hinders low; medium pressure yields weak support for medium/low demand and no support for high; confidence 4 on main causal cells, 2 where influence is absent or ambiguous."
"Fossil_Price_Pressure","Industrial_Energy_Demand","High","High","-2","4","High fossil price pressure supports low industrial energy demand and hinders high; low pressure supports high demand and hinders low; medium pressure yields weak support for medium/low demand and no support for high; confidence 4 on main causal cells, 2 where influence is absent or ambiguous."
"Fossil_Price_Pressure","Industrial_Energy_Demand","High","Medium","-1","3","High fossil price pressure supports low industrial energy demand and hinders high; low pressure supports high demand and hinders low; medium pressure yields weak support for medium/low demand and no support for high; confidence 4 on main causal cells, 2 where influence is absent or ambiguous."
"Fossil_Price_Pressure","Industrial_Energy_Demand","High","Low","2","4","High fossil price pressure supports low industrial energy demand and hinders high; low pressure supports high demand and hinders low; medium pressure yields weak support for medium/low demand and no support for high; confidence 4 on main causal cells, 2 where influence is absent or ambiguous."
"Fossil_Price_Pressure","Public_Acceptance","Low","Low","2","4","High fossil price pressure supports high public acceptance and hinders low; low pressure supports low acceptance and hinders high; medium pressure weakly supports high acceptance; corner cells ±2 with confidence 4, others 0 or ±1 with confidence 3."
"Fossil_Price_Pressure","Public_Acceptance","Low","Medium","0","3","High fossil price pressure supports high public acceptance and hinders low; low pressure supports low acceptance and hinders high; medium pressure weakly supports high acceptance; corner cells ±2 with confidence 4, others 0 or ±1 with confidence 3."
"Fossil_Price_Pressure","Public_Acceptance","Low","High","-2","4","High fossil price pressure supports high public acceptance and hinders low; low pressure supports low acceptance and hinders high; medium pressure weakly supports high acceptance; corner cells ±2 with confidence 4, others 0 or ±1 with confidence 3."
"Fossil_Price_Pressure","Public_Acceptance","Medium","Low","0","3","High fossil price pressure supports high public acceptance and hinders low; low pressure supports low acceptance and hinders high; medium pressure weakly supports high acceptance; corner cells ±2 with confidence 4, others 0 or ±1 with confidence 3."
"Fossil_Price_Pressure","Public_Acceptance","Medium","Medium","0","3","High fossil price pressure supports high public acceptance and hinders low; low pressure supports low acceptance and hinders high; medium pressure weakly supports high acceptance; corner cells ±2 with confidence 4, others 0 or ±1 with confidence 3."
"Fossil_Price_Pressure","Public_Acceptance","Medium","High","1","3","High fossil price pressure supports high public acceptance and hinders low; low pressure supports low acceptance and hinders high; medium pressure weakly supports high acceptance; corner cells ±2 with confidence 4, others 0 or ±1 with confidence 3."
"Fossil_Price_Pressure","Public_Acceptance","High","Low","-2","4","High fossil price pressure supports high public acceptance and hinders low; low pressure supports low acceptance and hinders high; medium pressure weakly supports high acceptance; corner cells ±2 with confidence 4, others 0 or ±1 with confidence 3."
"Fossil_Price_Pressure","Public_Acceptance","High","Medium","1","3","High fossil price pressure supports high public acceptance and hinders low; low pressure supports low acceptance and hinders high; medium pressure weakly supports high acceptance; corner cells ±2 with confidence 4, others 0 or ±1 with confidence 3."
"Fossil_Price_Pressure","Public_Acceptance","High","High","2","4","High fossil price pressure supports high public acceptance and hinders low; low pressure supports low acceptance and hinders high; medium pressure weakly supports high acceptance; corner cells ±2 with confidence 4, others 0 or ±1 with confidence 3."
"Fossil_Price_Pressure","Land_Use_Conflict","Low","High","-2","4","High fossil price pressure increases demand for land for renewables and infrastructure, supporting high land-use conflict and hindering low conflict; low pressure does the opposite; medium pressure has intermediate effects; confidences 2–4."
"Fossil_Price_Pressure","Land_Use_Conflict","Low","Medium","-1","3","High fossil price pressure increases demand for land for renewables and infrastructure, supporting high land-use conflict and hindering low conflict; low pressure does the opposite; medium pressure has intermediate effects; confidences 2–4."
"Fossil_Price_Pressure","Land_Use_Conflict","Low","Low","2","4","High fossil price pressure increases demand for land for renewables and infrastructure, supporting high land-use conflict and hindering low conflict; low pressure does the opposite; medium pressure has intermediate effects; confidences 2–4."
"Fossil_Price_Pressure","Land_Use_Conflict","Medium","High","1","3","High fossil price pressure increases demand for land for renewables and infrastructure, supporting high land-use conflict and hindering low conflict; low pressure does the opposite; medium pressure has intermediate effects; confidences 2–4."
"Fossil_Price_Pressure","Land_Use_Conflict","Medium","Medium","0","3","High fossil price pressure increases demand for land for renewables and infrastructure, supporting high land-use conflict and hindering low conflict; low pressure does the opposite; medium pressure has intermediate effects; confidences 2–4."
"Fossil_Price_Pressure","Land_Use_Conflict","Medium","Low","1","2","High fossil price pressure increases demand for land for renewables and infrastructure, supporting high land-use conflict and hindering low conflict; low pressure does the opposite; medium pressure has intermediate effects; confidences 2–4."
"Fossil_Price_Pressure","Land_Use_Conflict","High","High","2","4","High fossil price pressure increases demand for land for renewables and infrastructure, supporting high land-use conflict and hindering low conflict; low pressure does the opposite; medium pressure has intermediate effects; confidences 2–4."
"Fossil_Price_Pressure","Land_Use_Conflict","High","Medium","1","3","High fossil price pressure increases demand for land for renewables and infrastructure, supporting high land-use conflict and hindering low conflict; low pressure does the opposite; medium pressure has intermediate effects; confidences 2–4."
"Fossil_Price_Pressure","Land_Use_Conflict","High","Low","-2","4","High fossil price pressure increases demand for land for renewables and infrastructure, supporting high land-use conflict and hindering low conflict; low pressure does the opposite; medium pressure has intermediate effects; confidences 2–4."
"Fossil_Price_Pressure","EU_Policy_Alignment","Low","Low","2","4","High fossil price pressure supports high EU policy alignment and hinders low alignment; low pressure supports low alignment and hinders high alignment; diagonal supported (1→1 +2, 2→2 +1, 3→3 +2), opposite corners negative (1→3 and 3→1 both −2); confidence 4 on corners and diagonal, 3 on off-diagonals; no ±3 or confidence 5 as EU alignment has multiple drivers beyond fossil prices."
"Fossil_Price_Pressure","EU_Policy_Alignment","Low","Medium","0","3","High fossil price pressure supports high EU policy alignment and hinders low alignment; low pressure supports low alignment and hinders high alignment; diagonal supported (1→1 +2, 2→2 +1, 3→3 +2), opposite corners negative (1→3 and 3→1 both −2); confidence 4 on corners and diagonal, 3 on off-diagonals; no ±3 or confidence 5 as EU alignment has multiple drivers beyond fossil prices."
"Fossil_Price_Pressure","EU_Policy_Alignment","Low","High","-2","4","High fossil price pressure supports high EU policy alignment and hinders low alignment; low pressure supports low alignment and hinders high alignment; diagonal supported (1→1 +2, 2→2 +1, 3→3 +2), opposite corners negative (1→3 and 3→1 both −2); confidence 4 on corners and diagonal, 3 on off-diagonals; no ±3 or confidence 5 as EU alignment has multiple drivers beyond fossil prices."
"Fossil_Price_Pressure","EU_Policy_Alignment","Medium","Low","-1","3","High fossil price pressure supports high EU policy alignment and hinders low alignment; low pressure supports low alignment and hinders high alignment; diagonal supported (1→1 +2, 2→2 +1, 3→3 +2), opposite corners negative (1→3 and 3→1 both −2); confidence 4 on corners and diagonal, 3 on off-diagonals; no ±3 or confidence 5 as EU alignment has multiple drivers beyond fossil prices."
"Fossil_Price_Pressure","EU_Policy_Alignment","Medium","Medium","1","3","High fossil price pressure supports high EU policy alignment and hinders low alignment; low pressure supports low alignment and hinders high alignment; diagonal supported (1→1 +2, 2→2 +1, 3→3 +2), opposite corners negative (1→3 and 3→1 both −2); confidence 4 on corners and diagonal, 3 on off-diagonals; no ±3 or confidence 5 as EU alignment has multiple drivers beyond fossil prices."
"Fossil_Price_Pressure","EU_Policy_Alignment","Medium","High","1","3","High fossil price pressure supports high EU policy alignment and hinders low alignment; low pressure supports low alignment and hinders high alignment; diagonal supported (1→1 +2, 2→2 +1, 3→3 +2), opposite corners negative (1→3 and 3→1 both −2); confidence 4 on corners and diagonal, 3 on off-diagonals; no ±3 or confidence 5 as EU alignment has multiple drivers beyond fossil prices."
"Fossil_Price_Pressure","EU_Policy_Alignment","High","Low","-2","4","High fossil price pressure supports high EU policy alignment and hinders low alignment; low pressure supports low alignment and hinders high alignment; diagonal supported (1→1 +2, 2→2 +1, 3→3 +2), opposite corners negative (1→3 and 3→1 both −2); confidence 4 on corners and diagonal, 3 on off-diagonals; no ±3 or confidence 5 as EU alignment has multiple drivers beyond fossil prices."
"Fossil_Price_Pressure","EU_Policy_Alignment","High","Medium","1","3","High fossil price pressure supports high EU policy alignment and hinders low alignment; low pressure supports low alignment and hinders high alignment; diagonal supported (1→1 +2, 2→2 +1, 3→3 +2), opposite corners negative (1→3 and 3→1 both −2); confidence 4 on corners and diagonal, 3 on off-diagonals; no ±3 or confidence 5 as EU alignment has multiple drivers beyond fossil prices."
"Fossil_Price_Pressure","EU_Policy_Alignment","High","High","2","4","High fossil price pressure supports high EU policy alignment and hinders low alignment; low pressure supports low alignment and hinders high alignment; diagonal supported (1→1 +2, 2→2 +1, 3→3 +2), opposite corners negative (1→3 and 3→1 both −2); confidence 4 on corners and diagonal, 3 on off-diagonals; no ±3 or confidence 5 as EU alignment has multiple drivers beyond fossil prices."
"Fossil_Price_Pressure","Energy_Security_Pressure","Low","Low","2","4","Fossil price pressure and energy security pressure move together: Low prices support Low and hinder High security pressure; High prices support High and hinder Low; diagonal cells +2/+1, opposite corners −2; off-diagonal −1 or +1; confidence 4 on corner cells, 3 elsewhere; evidence from price–security link (e.g. 2022) but other global drivers limit scores to ±2."
"Fossil_Price_Pressure","Energy_Security_Pressure","Low","Medium","-1","3","Fossil price pressure and energy security pressure move together: Low prices support Low and hinder High security pressure; High prices support High and hinder Low; diagonal cells +2/+1, opposite corners −2; off-diagonal −1 or +1; confidence 4 on corner cells, 3 elsewhere; evidence from price–security link (e.g. 2022) but other global drivers limit scores to ±2."
"Fossil_Price_Pressure","Energy_Security_Pressure","Low","High","-2","4","Fossil price pressure and energy security pressure move together: Low prices support Low and hinder High security pressure; High prices support High and hinder Low; diagonal cells +2/+1, opposite corners −2; off-diagonal −1 or +1; confidence 4 on corner cells, 3 elsewhere; evidence from price–security link (e.g. 2022) but other global drivers limit scores to ±2."
"Fossil_Price_Pressure","Energy_Security_Pressure","Medium","Low","-1","3","Fossil price pressure and energy security pressure move together: Low prices support Low and hinder High security pressure; High prices support High and hinder Low; diagonal cells +2/+1, opposite corners −2; off-diagonal −1 or +1; confidence 4 on corner cells, 3 elsewhere; evidence from price–security link (e.g. 2022) but other global drivers limit scores to ±2."
"Fossil_Price_Pressure","Energy_Security_Pressure","Medium","Medium","1","3","Fossil price pressure and energy security pressure move together: Low prices support Low and hinder High security pressure; High prices support High and hinder Low; diagonal cells +2/+1, opposite corners −2; off-diagonal −1 or +1; confidence 4 on corner cells, 3 elsewhere; evidence from price–security link (e.g. 2022) but other global drivers limit scores to ±2."
"Fossil_Price_Pressure","Energy_Security_Pressure","Medium","High","1","3","Fossil price pressure and energy security pressure move together: Low prices support Low and hinder High security pressure; High prices support High and hinder Low; diagonal cells +2/+1, opposite corners −2; off-diagonal −1 or +1; confidence 4 on corner cells, 3 elsewhere; evidence from price–security link (e.g. 2022) but other global drivers limit scores to ±2."
"Fossil_Price_Pressure","Energy_Security_Pressure","High","Low","-2","4","Fossil price pressure and energy security pressure move together: Low prices support Low and hinder High security pressure; High prices support High and hinder Low; diagonal cells +2/+1, opposite corners −2; off-diagonal −1 or +1; confidence 4 on corner cells, 3 elsewhere; evidence from price–security link (e.g. 2022) but other global drivers limit scores to ±2."
"Fossil_Price_Pressure","Energy_Security_Pressure","High","Medium","-1","3","Fossil price pressure and energy security pressure move together: Low prices support Low and hinder High security pressure; High prices support High and hinder Low; diagonal cells +2/+1, opposite corners −2; off-diagonal −1 or +1; confidence 4 on corner cells, 3 elsewhere; evidence from price–security link (e.g. 2022) but other global drivers limit scores to ±2."
"Fossil_Price_Pressure","Energy_Security_Pressure","High","High","2","4","Fossil price pressure and energy security pressure move together: Low prices support Low and hinder High security pressure; High prices support High and hinder Low; diagonal cells +2/+1, opposite corners −2; off-diagonal −1 or +1; confidence 4 on corner cells, 3 elsewhere; evidence from price–security link (e.g. 2022) but other global drivers limit scores to ±2."
"Fossil_Price_Pressure","Investment_Availability","Low","Low","2","4","Fossil price pressure as EU/global driver: low pressure supports low and hinders high investment availability for the transition; high pressure hinders low and supports high; diagonal (Low→Low, High→High) and anti-diagonal (Low→High, High→Low) scored with confidence 4; middle row and Low→Medium at 0 or +1 with confidence 2–3."
"Fossil_Price_Pressure","Investment_Availability","Low","Medium","0","2","Fossil price pressure as EU/global driver: low pressure supports low and hinders high investment availability for the transition; high pressure hinders low and supports high; diagonal (Low→Low, High→High) and anti-diagonal (Low→High, High→Low) scored with confidence 4; middle row and Low→Medium at 0 or +1 with confidence 2–3."
"Fossil_Price_Pressure","Investment_Availability","Low","High","-2","4","Fossil price pressure as EU/global driver: low pressure supports low and hinders high investment availability for the transition; high pressure hinders low and supports high; diagonal (Low→Low, High→High) and anti-diagonal (Low→High, High→Low) scored with confidence 4; middle row and Low→Medium at 0 or +1 with confidence 2–3."
"Fossil_Price_Pressure","Investment_Availability","Medium","Low","0","3","Fossil price pressure as EU/global driver: low pressure supports low and hinders high investment availability for the transition; high pressure hinders low and supports high; diagonal (Low→Low, High→High) and anti-diagonal (Low→High, High→Low) scored with confidence 4; middle row and Low→Medium at 0 or +1 with confidence 2–3."
"Fossil_Price_Pressure","Investment_Availability","Medium","Medium","1","3","Fossil price pressure as EU/global driver: low pressure supports low and hinders high investment availability for the transition; high pressure hinders low and supports high; diagonal (Low→Low, High→High) and anti-diagonal (Low→High, High→Low) scored with confidence 4; middle row and Low→Medium at 0 or +1 with confidence 2–3."
"Fossil_Price_Pressure","Investment_Availability","Medium","High","1","3","Fossil price pressure as EU/global driver: low pressure supports low and hinders high investment availability for the transition; high pressure hinders low and supports high; diagonal (Low→Low, High→High) and anti-diagonal (Low→High, High→Low) scored with confidence 4; middle row and Low→Medium at 0 or +1 with confidence 2–3."
"Fossil_Price_Pressure","Investment_Availability","High","Low","-2","4","Fossil price pressure as EU/global driver: low pressure supports low and hinders high investment availability for the transition; high pressure hinders low and supports high; diagonal (Low→Low, High→High) and anti-diagonal (Low→High, High→Low) scored with confidence 4; middle row and Low→Medium at 0 or +1 with confidence 2–3."
"Fossil_Price_Pressure","Investment_Availability","High","Medium","1","3","Fossil price pressure as EU/global driver: low pressure supports low and hinders high investment availability for the transition; high pressure hinders low and supports high; diagonal (Low→Low, High→High) and anti-diagonal (Low→High, High→Low) scored with confidence 4; middle row and Low→Medium at 0 or +1 with confidence 2–3."
"Fossil_Price_Pressure","Investment_Availability","High","High","2","4","Fossil price pressure as EU/global driver: low pressure supports low and hinders high investment availability for the transition; high pressure hinders low and supports high; diagonal (Low→Low, High→High) and anti-diagonal (Low→High, High→Low) scored with confidence 4; middle row and Low→Medium at 0 or +1 with confidence 2–3."
"Public_Acceptance","Decarbonisation_Outcome","Low","High emissions","2","4","Low public acceptance supports high emissions and hinders net-zero; high acceptance hinders high emissions and supports net-zero; medium acceptance supports medium outcome; panel used ±2 on main causal cells to reflect acceptance as a major but not sole driver, with confidence 4 on diagonal and key corners and 3 on off-diagonals."
"Public_Acceptance","Decarbonisation_Outcome","Low","Medium","1","3","Low public acceptance supports high emissions and hinders net-zero; high acceptance hinders high emissions and supports net-zero; medium acceptance supports medium outcome; panel used ±2 on main causal cells to reflect acceptance as a major but not sole driver, with confidence 4 on diagonal and key corners and 3 on off-diagonals."
"Public_Acceptance","Decarbonisation_Outcome","Low","Net-zero aligned","-2","4","Low public acceptance supports high emissions and hinders net-zero; high acceptance hinders high emissions and supports net-zero; medium acceptance supports medium outcome; panel used ±2 on main causal cells to reflect acceptance as a major but not sole driver, with confidence 4 on diagonal and key corners and 3 on off-diagonals."
"Public_Acceptance","Decarbonisation_Outcome","Medium","High emissions","-1","3","Low public acceptance supports high emissions and hinders net-zero; high acceptance hinders high emissions and supports net-zero; medium acceptance supports medium outcome; panel used ±2 on main causal cells to reflect acceptance as a major but not sole driver, with confidence 4 on diagonal and key corners and 3 on off-diagonals."
"Public_Acceptance","Decarbonisation_Outcome","Medium","Medium","2","4","Low public acceptance supports high emissions and hinders net-zero; high acceptance hinders high emissions and supports net-zero; medium acceptance supports medium outcome; panel used ±2 on main causal cells to reflect acceptance as a major but not sole driver, with confidence 4 on diagonal and key corners and 3 on off-diagonals."
"Public_Acceptance","Decarbonisation_Outcome","Medium","Net-zero aligned","1","3","Low public acceptance supports high emissions and hinders net-zero; high acceptance hinders high emissions and supports net-zero; medium acceptance supports medium outcome; panel used ±2 on main causal cells to reflect acceptance as a major but not sole driver, with confidence 4 on diagonal and key corners and 3 on off-diagonals."
"Public_Acceptance","Decarbonisation_Outcome","High","High emissions","-2","4","Low public acceptance supports high emissions and hinders net-zero; high acceptance hinders high emissions and supports net-zero; medium acceptance supports medium outcome; panel used ±2 on main causal cells to reflect acceptance as a major but not sole driver, with confidence 4 on diagonal and key corners and 3 on off-diagonals."
"Public_Acceptance","Decarbonisation_Outcome","High","Medium","-1","3","Low public acceptance supports high emissions and hinders net-zero; high acceptance hinders high emissions and supports net-zero; medium acceptance supports medium outcome; panel used ±2 on main causal cells to reflect acceptance as a major but not sole driver, with confidence 4 on diagonal and key corners and 3 on off-diagonals."
"Public_Acceptance","Decarbonisation_Outcome","High","Net-zero aligned","2","4","Low public acceptance supports high emissions and hinders net-zero; high acceptance hinders high emissions and supports net-zero; medium acceptance supports medium outcome; panel used ±2 on main causal cells to reflect acceptance as a major but not sole driver, with confidence 4 on diagonal and key corners and 3 on off-diagonals."
"Public_Acceptance","Policy_Stringency","Low","Low","2","4","Public acceptance enables or constrains policy stringency: Low acceptance supports Low and hinders High policy; High acceptance supports High and hinders Low; diagonal and main off-diagonals agreed with Conf 4 where evidence is strong, Conf 3 for contingent cells (2.1, 2.3, 3.2)."
"Public_Acceptance","Policy_Stringency","Low","Medium","-1","4","Public acceptance enables or constrains policy stringency: Low acceptance supports Low and hinders High policy; High acceptance supports High and hinders Low; diagonal and main off-diagonals agreed with Conf 4 where evidence is strong, Conf 3 for contingent cells (2.1, 2.3, 3.2)."
"Public_Acceptance","Policy_Stringency","Low","High","-2","4","Public acceptance enables or constrains policy stringency: Low acceptance supports Low and hinders High policy; High acceptance supports High and hinders Low; diagonal and main off-diagonals agreed with Conf 4 where evidence is strong, Conf 3 for contingent cells (2.1, 2.3, 3.2)."
"Public_Acceptance","Policy_Stringency","Medium","Low","-1","3","Public acceptance enables or constrains policy stringency: Low acceptance supports Low and hinders High policy; High acceptance supports High and hinders Low; diagonal and main off-diagonals agreed with Conf 4 where evidence is strong, Conf 3 for contingent cells (2.1, 2.3, 3.2)."
"Public_Acceptance","Policy_Stringency","Medium","Medium","1","4","Public acceptance enables or constrains policy stringency: Low acceptance supports Low and hinders High policy; High acceptance supports High and hinders Low; diagonal and main off-diagonals agreed with Conf 4 where evidence is strong, Conf 3 for contingent cells (2.1, 2.3, 3.2)."
"Public_Acceptance","Policy_Stringency","Medium","High","1","3","Public acceptance enables or constrains policy stringency: Low acceptance supports Low and hinders High policy; High acceptance supports High and hinders Low; diagonal and main off-diagonals agreed with Conf 4 where evidence is strong, Conf 3 for contingent cells (2.1, 2.3, 3.2)."
"Public_Acceptance","Policy_Stringency","High","Low","-2","4","Public acceptance enables or constrains policy stringency: Low acceptance supports Low and hinders High policy; High acceptance supports High and hinders Low; diagonal and main off-diagonals agreed with Conf 4 where evidence is strong, Conf 3 for contingent cells (2.1, 2.3, 3.2)."
"Public_Acceptance","Policy_Stringency","High","Medium","0","3","Public acceptance enables or constrains policy stringency: Low acceptance supports Low and hinders High policy; High acceptance supports High and hinders Low; diagonal and main off-diagonals agreed with Conf 4 where evidence is strong, Conf 3 for contingent cells (2.1, 2.3, 3.2)."
"Public_Acceptance","Policy_Stringency","High","High","2","4","Public acceptance enables or constrains policy stringency: Low acceptance supports Low and hinders High policy; High acceptance supports High and hinders Low; diagonal and main off-diagonals agreed with Conf 4 where evidence is strong, Conf 3 for contingent cells (2.1, 2.3, 3.2)."
"Public_Acceptance","Permitting_Pace","Low","Slow","2","4","Low acceptance supports Slow and hinders Fast permitting; High acceptance hinders Slow and supports Fast; Medium transitional with neutral/slight support to Fast. Corner cells confidence 4, others 3."
"Public_Acceptance","Permitting_Pace","Low","Medium","0","3","Low acceptance supports Slow and hinders Fast permitting; High acceptance hinders Slow and supports Fast; Medium transitional with neutral/slight support to Fast. Corner cells confidence 4, others 3."
"Public_Acceptance","Permitting_Pace","Low","Fast","-2","4","Low acceptance supports Slow and hinders Fast permitting; High acceptance hinders Slow and supports Fast; Medium transitional with neutral/slight support to Fast. Corner cells confidence 4, others 3."
"Public_Acceptance","Permitting_Pace","Medium","Slow","0","3","Low acceptance supports Slow and hinders Fast permitting; High acceptance hinders Slow and supports Fast; Medium transitional with neutral/slight support to Fast. Corner cells confidence 4, others 3."
"Public_Acceptance","Permitting_Pace","Medium","Medium","0","3","Low acceptance supports Slow and hinders Fast permitting; High acceptance hinders Slow and supports Fast; Medium transitional with neutral/slight support to Fast. Corner cells confidence 4, others 3."
"Public_Acceptance","Permitting_Pace","Medium","Fast","1","3","Low acceptance supports Slow and hinders Fast permitting; High acceptance hinders Slow and supports Fast; Medium transitional with neutral/slight support to Fast. Corner cells confidence 4, others 3."
"Public_Acceptance","Permitting_Pace","High","Slow","-2","4","Low acceptance supports Slow and hinders Fast permitting; High acceptance hinders Slow and supports Fast; Medium transitional with neutral/slight support to Fast. Corner cells confidence 4, others 3."
"Public_Acceptance","Permitting_Pace","High","Medium","1","3","Low acceptance supports Slow and hinders Fast permitting; High acceptance hinders Slow and supports Fast; Medium transitional with neutral/slight support to Fast. Corner cells confidence 4, others 3."
"Public_Acceptance","Permitting_Pace","High","Fast","2","4","Low acceptance supports Slow and hinders Fast permitting; High acceptance hinders Slow and supports Fast; Medium transitional with neutral/slight support to Fast. Corner cells confidence 4, others 3."
"Public_Acceptance","Renewables_Deployment","Low","Low","2","4","Public acceptance aligns with renewables deployment: low acceptance promotes low and strongly hinders high deployment; high acceptance strongly promotes high and hinders low; medium supports medium with modest support for high and hindrance to low; diagonal and opposite-end cells confidence 4, off-diagonal 3."
"Public_Acceptance","Renewables_Deployment","Low","Medium","-2","4","Public acceptance aligns with renewables deployment: low acceptance promotes low and strongly hinders high deployment; high acceptance strongly promotes high and hinders low; medium supports medium with modest support for high and hindrance to low; diagonal and opposite-end cells confidence 4, off-diagonal 3."
"Public_Acceptance","Renewables_Deployment","Low","High","-3","4","Public acceptance aligns with renewables deployment: low acceptance promotes low and strongly hinders high deployment; high acceptance strongly promotes high and hinders low; medium supports medium with modest support for high and hindrance to low; diagonal and opposite-end cells confidence 4, off-diagonal 3."
"Public_Acceptance","Renewables_Deployment","Medium","Low","-1","3","Public acceptance aligns with renewables deployment: low acceptance promotes low and strongly hinders high deployment; high acceptance strongly promotes high and hinders low; medium supports medium with modest support for high and hindrance to low; diagonal and opposite-end cells confidence 4, off-diagonal 3."
"Public_Acceptance","Renewables_Deployment","Medium","Medium","2","4","Public acceptance aligns with renewables deployment: low acceptance promotes low and strongly hinders high deployment; high acceptance strongly promotes high and hinders low; medium supports medium with modest support for high and hindrance to low; diagonal and opposite-end cells confidence 4, off-diagonal 3."
"Public_Acceptance","Renewables_Deployment","Medium","High","1","3","Public acceptance aligns with renewables deployment: low acceptance promotes low and strongly hinders high deployment; high acceptance strongly promotes high and hinders low; medium supports medium with modest support for high and hindrance to low; diagonal and opposite-end cells confidence 4, off-diagonal 3."
"Public_Acceptance","Renewables_Deployment","High","Low","-3","4","Public acceptance aligns with renewables deployment: low acceptance promotes low and strongly hinders high deployment; high acceptance strongly promotes high and hinders low; medium supports medium with modest support for high and hindrance to low; diagonal and opposite-end cells confidence 4, off-diagonal 3."
"Public_Acceptance","Renewables_Deployment","High","Medium","-1","3","Public acceptance aligns with renewables deployment: low acceptance promotes low and strongly hinders high deployment; high acceptance strongly promotes high and hinders low; medium supports medium with modest support for high and hindrance to low; diagonal and opposite-end cells confidence 4, off-diagonal 3."
"Public_Acceptance","Renewables_Deployment","High","High","3","4","Public acceptance aligns with renewables deployment: low acceptance promotes low and strongly hinders high deployment; high acceptance strongly promotes high and hinders low; medium supports medium with modest support for high and hindrance to low; diagonal and opposite-end cells confidence 4, off-diagonal 3."
"Public_Acceptance","Technology_Costs","Low","High","2","4","Public acceptance affects deployment; deployment drives learning and scale and thus technology costs (global). Low acceptance supports high costs and hinders low costs; high acceptance hinders high costs and supports low costs; medium acceptance weak or neutral. Confidence 4 on corner cells, 3 on off-diagonals, 2 on medium→medium."
"Public_Acceptance","Technology_Costs","Low","Medium","1","3","Public acceptance affects deployment; deployment drives learning and scale and thus technology costs (global). Low acceptance supports high costs and hinders low costs; high acceptance hinders high costs and supports low costs; medium acceptance weak or neutral. Confidence 4 on corner cells, 3 on off-diagonals, 2 on medium→medium."
"Public_Acceptance","Technology_Costs","Low","Low","-2","4","Public acceptance affects deployment; deployment drives learning and scale and thus technology costs (global). Low acceptance supports high costs and hinders low costs; high acceptance hinders high costs and supports low costs; medium acceptance weak or neutral. Confidence 4 on corner cells, 3 on off-diagonals, 2 on medium→medium."
"Public_Acceptance","Technology_Costs","Medium","High","-1","3","Public acceptance affects deployment; deployment drives learning and scale and thus technology costs (global). Low acceptance supports high costs and hinders low costs; high acceptance hinders high costs and supports low costs; medium acceptance weak or neutral. Confidence 4 on corner cells, 3 on off-diagonals, 2 on medium→medium."
"Public_Acceptance","Technology_Costs","Medium","Medium","0","2","Public acceptance affects deployment; deployment drives learning and scale and thus technology costs (global). Low acceptance supports high costs and hinders low costs; high acceptance hinders high costs and supports low costs; medium acceptance weak or neutral. Confidence 4 on corner cells, 3 on off-diagonals, 2 on medium→medium."
"Public_Acceptance","Technology_Costs","Medium","Low","1","3","Public acceptance affects deployment; deployment drives learning and scale and thus technology costs (global). Low acceptance supports high costs and hinders low costs; high acceptance hinders high costs and supports low costs; medium acceptance weak or neutral. Confidence 4 on corner cells, 3 on off-diagonals, 2 on medium→medium."
"Public_Acceptance","Technology_Costs","High","High","-2","4","Public acceptance affects deployment; deployment drives learning and scale and thus technology costs (global). Low acceptance supports high costs and hinders low costs; high acceptance hinders high costs and supports low costs; medium acceptance weak or neutral. Confidence 4 on corner cells, 3 on off-diagonals, 2 on medium→medium."
"Public_Acceptance","Technology_Costs","High","Medium","-1","3","Public acceptance affects deployment; deployment drives learning and scale and thus technology costs (global). Low acceptance supports high costs and hinders low costs; high acceptance hinders high costs and supports low costs; medium acceptance weak or neutral. Confidence 4 on corner cells, 3 on off-diagonals, 2 on medium→medium."
"Public_Acceptance","Technology_Costs","High","Low","2","4","Public acceptance affects deployment; deployment drives learning and scale and thus technology costs (global). Low acceptance supports high costs and hinders low costs; high acceptance hinders high costs and supports low costs; medium acceptance weak or neutral. Confidence 4 on corner cells, 3 on off-diagonals, 2 on medium→medium."
"Public_Acceptance","Hydrogen_Role","Low","Limited","2","4","Public acceptance supports or hinders hydrogen role along alignment: Low acceptance supports Limited (+2) and hinders Moderate/Major (−2); High acceptance hinders Limited (−2) and supports Moderate/Major (+2); Medium acceptance supports Moderate (+2) and slightly Major (+1), hinders Limited (−1); confidence 3–4 given siting and green/blue hydrogen debate."
"Public_Acceptance","Hydrogen_Role","Low","Moderate","-2","4","Public acceptance supports or hinders hydrogen role along alignment: Low acceptance supports Limited (+2) and hinders Moderate/Major (−2); High acceptance hinders Limited (−2) and supports Moderate/Major (+2); Medium acceptance supports Moderate (+2) and slightly Major (+1), hinders Limited (−1); confidence 3–4 given siting and green/blue hydrogen debate."
"Public_Acceptance","Hydrogen_Role","Low","Major","-2","4","Public acceptance supports or hinders hydrogen role along alignment: Low acceptance supports Limited (+2) and hinders Moderate/Major (−2); High acceptance hinders Limited (−2) and supports Moderate/Major (+2); Medium acceptance supports Moderate (+2) and slightly Major (+1), hinders Limited (−1); confidence 3–4 given siting and green/blue hydrogen debate."
"Public_Acceptance","Hydrogen_Role","Medium","Limited","-1","3","Public acceptance supports or hinders hydrogen role along alignment: Low acceptance supports Limited (+2) and hinders Moderate/Major (−2); High acceptance hinders Limited (−2) and supports Moderate/Major (+2); Medium acceptance supports Moderate (+2) and slightly Major (+1), hinders Limited (−1); confidence 3–4 given siting and green/blue hydrogen debate."
"Public_Acceptance","Hydrogen_Role","Medium","Moderate","2","4","Public acceptance supports or hinders hydrogen role along alignment: Low acceptance supports Limited (+2) and hinders Moderate/Major (−2); High acceptance hinders Limited (−2) and supports Moderate/Major (+2); Medium acceptance supports Moderate (+2) and slightly Major (+1), hinders Limited (−1); confidence 3–4 given siting and green/blue hydrogen debate."
"Public_Acceptance","Hydrogen_Role","Medium","Major","1","3","Public acceptance supports or hinders hydrogen role along alignment: Low acceptance supports Limited (+2) and hinders Moderate/Major (−2); High acceptance hinders Limited (−2) and supports Moderate/Major (+2); Medium acceptance supports Moderate (+2) and slightly Major (+1), hinders Limited (−1); confidence 3–4 given siting and green/blue hydrogen debate."
"Public_Acceptance","Hydrogen_Role","High","Limited","-2","4","Public acceptance supports or hinders hydrogen role along alignment: Low acceptance supports Limited (+2) and hinders Moderate/Major (−2); High acceptance hinders Limited (−2) and supports Moderate/Major (+2); Medium acceptance supports Moderate (+2) and slightly Major (+1), hinders Limited (−1); confidence 3–4 given siting and green/blue hydrogen debate."
"Public_Acceptance","Hydrogen_Role","High","Moderate","2","4","Public acceptance supports or hinders hydrogen role along alignment: Low acceptance supports Limited (+2) and hinders Moderate/Major (−2); High acceptance hinders Limited (−2) and supports Moderate/Major (+2); Medium acceptance supports Moderate (+2) and slightly Major (+1), hinders Limited (−1); confidence 3–4 given siting and green/blue hydrogen debate."
"Public_Acceptance","Hydrogen_Role","High","Major","2","4","Public acceptance supports or hinders hydrogen role along alignment: Low acceptance supports Limited (+2) and hinders Moderate/Major (−2); High acceptance hinders Limited (−2) and supports Moderate/Major (+2); Medium acceptance supports Moderate (+2) and slightly Major (+1), hinders Limited (−1); confidence 3–4 given siting and green/blue hydrogen debate."
"Public_Acceptance","Grid_Development","Low","Lagging","2","4","Aligned relationship—low acceptance supports lagging and hinders strong grid; high acceptance does the opposite; medium supports moderate with limited support for strong; confidences 3–4 based on permitting and acceptance literature."
"Public_Acceptance","Grid_Development","Low","Moderate","-1","3","Aligned relationship—low acceptance supports lagging and hinders strong grid; high acceptance does the opposite; medium supports moderate with limited support for strong; confidences 3–4 based on permitting and acceptance literature."
"Public_Acceptance","Grid_Development","Low","Strong","-3","4","Aligned relationship—low acceptance supports lagging and hinders strong grid; high acceptance does the opposite; medium supports moderate with limited support for strong; confidences 3–4 based on permitting and acceptance literature."
"Public_Acceptance","Grid_Development","Medium","Lagging","-1","3","Aligned relationship—low acceptance supports lagging and hinders strong grid; high acceptance does the opposite; medium supports moderate with limited support for strong; confidences 3–4 based on permitting and acceptance literature."
"Public_Acceptance","Grid_Development","Medium","Moderate","1","3","Aligned relationship—low acceptance supports lagging and hinders strong grid; high acceptance does the opposite; medium supports moderate with limited support for strong; confidences 3–4 based on permitting and acceptance literature."
"Public_Acceptance","Grid_Development","Medium","Strong","0","3","Aligned relationship—low acceptance supports lagging and hinders strong grid; high acceptance does the opposite; medium supports moderate with limited support for strong; confidences 3–4 based on permitting and acceptance literature."
"Public_Acceptance","Grid_Development","High","Lagging","-2","4","Aligned relationship—low acceptance supports lagging and hinders strong grid; high acceptance does the opposite; medium supports moderate with limited support for strong; confidences 3–4 based on permitting and acceptance literature."
"Public_Acceptance","Grid_Development","High","Moderate","1","3","Aligned relationship—low acceptance supports lagging and hinders strong grid; high acceptance does the opposite; medium supports moderate with limited support for strong; confidences 3–4 based on permitting and acceptance literature."
"Public_Acceptance","Grid_Development","High","Strong","2","4","Aligned relationship—low acceptance supports lagging and hinders strong grid; high acceptance does the opposite; medium supports moderate with limited support for strong; confidences 3–4 based on permitting and acceptance literature."
"Public_Acceptance","Electrification_Pace","Low","Slow","2","4","Low public acceptance supports slow electrification and hinders high; high acceptance supports high electrification and hinders slow; medium acceptance supports medium pace; strongest effects and highest confidence on Low→High (−2) and High→High (+2); moderate confidence on Medium→Slow and Medium→High where other factors matter."
"Public_Acceptance","Electrification_Pace","Low","Medium","-1","4","Low public acceptance supports slow electrification and hinders high; high acceptance supports high electrification and hinders slow; medium acceptance supports medium pace; strongest effects and highest confidence on Low→High (−2) and High→High (+2); moderate confidence on Medium→Slow and Medium→High where other factors matter."
"Public_Acceptance","Electrification_Pace","Low","High","-2","5","Low public acceptance supports slow electrification and hinders high; high acceptance supports high electrification and hinders slow; medium acceptance supports medium pace; strongest effects and highest confidence on Low→High (−2) and High→High (+2); moderate confidence on Medium→Slow and Medium→High where other factors matter."
"Public_Acceptance","Electrification_Pace","Medium","Slow","-1","3","Low public acceptance supports slow electrification and hinders high; high acceptance supports high electrification and hinders slow; medium acceptance supports medium pace; strongest effects and highest confidence on Low→High (−2) and High→High (+2); moderate confidence on Medium→Slow and Medium→High where other factors matter."
"Public_Acceptance","Electrification_Pace","Medium","Medium","2","4","Low public acceptance supports slow electrification and hinders high; high acceptance supports high electrification and hinders slow; medium acceptance supports medium pace; strongest effects and highest confidence on Low→High (−2) and High→High (+2); moderate confidence on Medium→Slow and Medium→High where other factors matter."
"Public_Acceptance","Electrification_Pace","Medium","High","0","3","Low public acceptance supports slow electrification and hinders high; high acceptance supports high electrification and hinders slow; medium acceptance supports medium pace; strongest effects and highest confidence on Low→High (−2) and High→High (+2); moderate confidence on Medium→Slow and Medium→High where other factors matter."
"Public_Acceptance","Electrification_Pace","High","Slow","-2","4","Low public acceptance supports slow electrification and hinders high; high acceptance supports high electrification and hinders slow; medium acceptance supports medium pace; strongest effects and highest confidence on Low→High (−2) and High→High (+2); moderate confidence on Medium→Slow and Medium→High where other factors matter."
"Public_Acceptance","Electrification_Pace","High","Medium","1","4","Low public acceptance supports slow electrification and hinders high; high acceptance supports high electrification and hinders slow; medium acceptance supports medium pace; strongest effects and highest confidence on Low→High (−2) and High→High (+2); moderate confidence on Medium→Slow and Medium→High where other factors matter."
"Public_Acceptance","Electrification_Pace","High","High","2","5","Low public acceptance supports slow electrification and hinders high; high acceptance supports high electrification and hinders slow; medium acceptance supports medium pace; strongest effects and highest confidence on Low→High (−2) and High→High (+2); moderate confidence on Medium→Slow and Medium→High where other factors matter."
"Public_Acceptance","Industrial_Energy_Demand","Low","High","2","3","Public acceptance influences industrial energy demand indirectly via policy feasibility: low acceptance supports high industrial demand and hinders low; high acceptance hinders high demand and supports low; medium acceptance mostly neutral with slight support for transition; confidence 3 except medium→high (2) due to indirect channel."
"Public_Acceptance","Industrial_Energy_Demand","Low","Medium","1","3","Public acceptance influences industrial energy demand indirectly via policy feasibility: low acceptance supports high industrial demand and hinders low; high acceptance hinders high demand and supports low; medium acceptance mostly neutral with slight support for transition; confidence 3 except medium→high (2) due to indirect channel."
"Public_Acceptance","Industrial_Energy_Demand","Low","Low","-2","3","Public acceptance influences industrial energy demand indirectly via policy feasibility: low acceptance supports high industrial demand and hinders low; high acceptance hinders high demand and supports low; medium acceptance mostly neutral with slight support for transition; confidence 3 except medium→high (2) due to indirect channel."
"Public_Acceptance","Industrial_Energy_Demand","Medium","High","0","2","Public acceptance influences industrial energy demand indirectly via policy feasibility: low acceptance supports high industrial demand and hinders low; high acceptance hinders high demand and supports low; medium acceptance mostly neutral with slight support for transition; confidence 3 except medium→high (2) due to indirect channel."
"Public_Acceptance","Industrial_Energy_Demand","Medium","Medium","0","3","Public acceptance influences industrial energy demand indirectly via policy feasibility: low acceptance supports high industrial demand and hinders low; high acceptance hinders high demand and supports low; medium acceptance mostly neutral with slight support for transition; confidence 3 except medium→high (2) due to indirect channel."
"Public_Acceptance","Industrial_Energy_Demand","Medium","Low","1","3","Public acceptance influences industrial energy demand indirectly via policy feasibility: low acceptance supports high industrial demand and hinders low; high acceptance hinders high demand and supports low; medium acceptance mostly neutral with slight support for transition; confidence 3 except medium→high (2) due to indirect channel."
"Public_Acceptance","Industrial_Energy_Demand","High","High","-2","3","Public acceptance influences industrial energy demand indirectly via policy feasibility: low acceptance supports high industrial demand and hinders low; high acceptance hinders high demand and supports low; medium acceptance mostly neutral with slight support for transition; confidence 3 except medium→high (2) due to indirect channel."
"Public_Acceptance","Industrial_Energy_Demand","High","Medium","1","3","Public acceptance influences industrial energy demand indirectly via policy feasibility: low acceptance supports high industrial demand and hinders low; high acceptance hinders high demand and supports low; medium acceptance mostly neutral with slight support for transition; confidence 3 except medium→high (2) due to indirect channel."
"Public_Acceptance","Industrial_Energy_Demand","High","Low","2","3","Public acceptance influences industrial energy demand indirectly via policy feasibility: low acceptance supports high industrial demand and hinders low; high acceptance hinders high demand and supports low; medium acceptance mostly neutral with slight support for transition; confidence 3 except medium→high (2) due to indirect channel."
"Public_Acceptance","Fossil_Price_Pressure","Low","Low","-1","3","Demand channel only: German public acceptance marginally affects German fossil demand and thus EU/global fossil price pressure; Low acceptance supports High pressure (and hinders Low), High acceptance supports Low pressure (and hinders High); corner cells ±1 with Conf 3, all other cells 0 with Conf 2; no ±2 because Germany's share of global demand is small."
"Public_Acceptance","Fossil_Price_Pressure","Low","Medium","0","2","Demand channel only: German public acceptance marginally affects German fossil demand and thus EU/global fossil price pressure; Low acceptance supports High pressure (and hinders Low), High acceptance supports Low pressure (and hinders High); corner cells ±1 with Conf 3, all other cells 0 with Conf 2; no ±2 because Germany's share of global demand is small."
"Public_Acceptance","Fossil_Price_Pressure","Low","High","1","3","Demand channel only: German public acceptance marginally affects German fossil demand and thus EU/global fossil price pressure; Low acceptance supports High pressure (and hinders Low), High acceptance supports Low pressure (and hinders High); corner cells ±1 with Conf 3, all other cells 0 with Conf 2; no ±2 because Germany's share of global demand is small."
"Public_Acceptance","Fossil_Price_Pressure","Medium","Low","0","2","Demand channel only: German public acceptance marginally affects German fossil demand and thus EU/global fossil price pressure; Low acceptance supports High pressure (and hinders Low), High acceptance supports Low pressure (and hinders High); corner cells ±1 with Conf 3, all other cells 0 with Conf 2; no ±2 because Germany's share of global demand is small."
"Public_Acceptance","Fossil_Price_Pressure","Medium","Medium","0","2","Demand channel only: German public acceptance marginally affects German fossil demand and thus EU/global fossil price pressure; Low acceptance supports High pressure (and hinders Low), High acceptance supports Low pressure (and hinders High); corner cells ±1 with Conf 3, all other cells 0 with Conf 2; no ±2 because Germany's share of global demand is small."
"Public_Acceptance","Fossil_Price_Pressure","Medium","High","0","2","Demand channel only: German public acceptance marginally affects German fossil demand and thus EU/global fossil price pressure; Low acceptance supports High pressure (and hinders Low), High acceptance supports Low pressure (and hinders High); corner cells ±1 with Conf 3, all other cells 0 with Conf 2; no ±2 because Germany's share of global demand is small."
"Public_Acceptance","Fossil_Price_Pressure","High","Low","1","3","Demand channel only: German public acceptance marginally affects German fossil demand and thus EU/global fossil price pressure; Low acceptance supports High pressure (and hinders Low), High acceptance supports Low pressure (and hinders High); corner cells ±1 with Conf 3, all other cells 0 with Conf 2; no ±2 because Germany's share of global demand is small."
"Public_Acceptance","Fossil_Price_Pressure","High","Medium","0","2","Demand channel only: German public acceptance marginally affects German fossil demand and thus EU/global fossil price pressure; Low acceptance supports High pressure (and hinders Low), High acceptance supports Low pressure (and hinders High); corner cells ±1 with Conf 3, all other cells 0 with Conf 2; no ±2 because Germany's share of global demand is small."
"Public_Acceptance","Fossil_Price_Pressure","High","High","-1","3","Demand channel only: German public acceptance marginally affects German fossil demand and thus EU/global fossil price pressure; Low acceptance supports High pressure (and hinders Low), High acceptance supports Low pressure (and hinders High); corner cells ±1 with Conf 3, all other cells 0 with Conf 2; no ±2 because Germany's share of global demand is small."
"Public_Acceptance","Land_Use_Conflict","Low","High","2","4","Low public acceptance promotes high land-use conflict and hinders low conflict; high acceptance promotes low conflict and hinders high; medium acceptance aligns with medium conflict; corner cells ±2 with confidence 4, adjacent ±1 with confidence 3, medium→high 0 with confidence 2."
"Public_Acceptance","Land_Use_Conflict","Low","Medium","1","3","Low public acceptance promotes high land-use conflict and hinders low conflict; high acceptance promotes low conflict and hinders high; medium acceptance aligns with medium conflict; corner cells ±2 with confidence 4, adjacent ±1 with confidence 3, medium→high 0 with confidence 2."
"Public_Acceptance","Land_Use_Conflict","Low","Low","-2","4","Low public acceptance promotes high land-use conflict and hinders low conflict; high acceptance promotes low conflict and hinders high; medium acceptance aligns with medium conflict; corner cells ±2 with confidence 4, adjacent ±1 with confidence 3, medium→high 0 with confidence 2."
"Public_Acceptance","Land_Use_Conflict","Medium","High","0","2","Low public acceptance promotes high land-use conflict and hinders low conflict; high acceptance promotes low conflict and hinders high; medium acceptance aligns with medium conflict; corner cells ±2 with confidence 4, adjacent ±1 with confidence 3, medium→high 0 with confidence 2."
"Public_Acceptance","Land_Use_Conflict","Medium","Medium","1","3","Low public acceptance promotes high land-use conflict and hinders low conflict; high acceptance promotes low conflict and hinders high; medium acceptance aligns with medium conflict; corner cells ±2 with confidence 4, adjacent ±1 with confidence 3, medium→high 0 with confidence 2."
"Public_Acceptance","Land_Use_Conflict","Medium","Low","1","3","Low public acceptance promotes high land-use conflict and hinders low conflict; high acceptance promotes low conflict and hinders high; medium acceptance aligns with medium conflict; corner cells ±2 with confidence 4, adjacent ±1 with confidence 3, medium→high 0 with confidence 2."
"Public_Acceptance","Land_Use_Conflict","High","High","-2","4","Low public acceptance promotes high land-use conflict and hinders low conflict; high acceptance promotes low conflict and hinders high; medium acceptance aligns with medium conflict; corner cells ±2 with confidence 4, adjacent ±1 with confidence 3, medium→high 0 with confidence 2."
"Public_Acceptance","Land_Use_Conflict","High","Medium","-1","3","Low public acceptance promotes high land-use conflict and hinders low conflict; high acceptance promotes low conflict and hinders high; medium acceptance aligns with medium conflict; corner cells ±2 with confidence 4, adjacent ±1 with confidence 3, medium→high 0 with confidence 2."
"Public_Acceptance","Land_Use_Conflict","High","Low","2","4","Low public acceptance promotes high land-use conflict and hinders low conflict; high acceptance promotes low conflict and hinders high; medium acceptance aligns with medium conflict; corner cells ±2 with confidence 4, adjacent ±1 with confidence 3, medium→high 0 with confidence 2."
"Public_Acceptance","EU_Policy_Alignment","Low","Low","2","4","German public acceptance shapes Germany's EU negotiating position; diagonal (Low→Low, Medium→Medium, High→High) supported (+2); Low→High and High→Low strongly hindered (-2); other off-diagonals moderate (±1); confidence 4 for clear-direction cells, 3 for mixed/indirect cells."
"Public_Acceptance","EU_Policy_Alignment","Low","Medium","-1","3","German public acceptance shapes Germany's EU negotiating position; diagonal (Low→Low, Medium→Medium, High→High) supported (+2); Low→High and High→Low strongly hindered (-2); other off-diagonals moderate (±1); confidence 4 for clear-direction cells, 3 for mixed/indirect cells."
"Public_Acceptance","EU_Policy_Alignment","Low","High","-2","4","German public acceptance shapes Germany's EU negotiating position; diagonal (Low→Low, Medium→Medium, High→High) supported (+2); Low→High and High→Low strongly hindered (-2); other off-diagonals moderate (±1); confidence 4 for clear-direction cells, 3 for mixed/indirect cells."
"Public_Acceptance","EU_Policy_Alignment","Medium","Low","-1","3","German public acceptance shapes Germany's EU negotiating position; diagonal (Low→Low, Medium→Medium, High→High) supported (+2); Low→High and High→Low strongly hindered (-2); other off-diagonals moderate (±1); confidence 4 for clear-direction cells, 3 for mixed/indirect cells."
"Public_Acceptance","EU_Policy_Alignment","Medium","Medium","2","4","German public acceptance shapes Germany's EU negotiating position; diagonal (Low→Low, Medium→Medium, High→High) supported (+2); Low→High and High→Low strongly hindered (-2); other off-diagonals moderate (±1); confidence 4 for clear-direction cells, 3 for mixed/indirect cells."
"Public_Acceptance","EU_Policy_Alignment","Medium","High","1","3","German public acceptance shapes Germany's EU negotiating position; diagonal (Low→Low, Medium→Medium, High→High) supported (+2); Low→High and High→Low strongly hindered (-2); other off-diagonals moderate (±1); confidence 4 for clear-direction cells, 3 for mixed/indirect cells."
"Public_Acceptance","EU_Policy_Alignment","High","Low","-2","4","German public acceptance shapes Germany's EU negotiating position; diagonal (Low→Low, Medium→Medium, High→High) supported (+2); Low→High and High→Low strongly hindered (-2); other off-diagonals moderate (±1); confidence 4 for clear-direction cells, 3 for mixed/indirect cells."
"Public_Acceptance","EU_Policy_Alignment","High","Medium","1","3","German public acceptance shapes Germany's EU negotiating position; diagonal (Low→Low, Medium→Medium, High→High) supported (+2); Low→High and High→Low strongly hindered (-2); other off-diagonals moderate (±1); confidence 4 for clear-direction cells, 3 for mixed/indirect cells."
"Public_Acceptance","EU_Policy_Alignment","High","High","2","4","German public acceptance shapes Germany's EU negotiating position; diagonal (Low→Low, Medium→Medium, High→High) supported (+2); Low→High and High→Low strongly hindered (-2); other off-diagonals moderate (±1); confidence 4 for clear-direction cells, 3 for mixed/indirect cells."
"Public_Acceptance","Energy_Security_Pressure","Low","Low","-2","4","Public acceptance in Germany affects deployment and policy coherence; high acceptance supports lower EU/global energy security pressure (less fossil dependence), low acceptance supports higher pressure; corner cells ±2 with confidence 4, medium and off-diagonal 0 or +1 with confidence 3."
"Public_Acceptance","Energy_Security_Pressure","Low","Medium","0","3","Public acceptance in Germany affects deployment and policy coherence; high acceptance supports lower EU/global energy security pressure (less fossil dependence), low acceptance supports higher pressure; corner cells ±2 with confidence 4, medium and off-diagonal 0 or +1 with confidence 3."
"Public_Acceptance","Energy_Security_Pressure","Low","High","2","4","Public acceptance in Germany affects deployment and policy coherence; high acceptance supports lower EU/global energy security pressure (less fossil dependence), low acceptance supports higher pressure; corner cells ±2 with confidence 4, medium and off-diagonal 0 or +1 with confidence 3."
"Public_Acceptance","Energy_Security_Pressure","Medium","Low","0","3","Public acceptance in Germany affects deployment and policy coherence; high acceptance supports lower EU/global energy security pressure (less fossil dependence), low acceptance supports higher pressure; corner cells ±2 with confidence 4, medium and off-diagonal 0 or +1 with confidence 3."
"Public_Acceptance","Energy_Security_Pressure","Medium","Medium","1","3","Public acceptance in Germany affects deployment and policy coherence; high acceptance supports lower EU/global energy security pressure (less fossil dependence), low acceptance supports higher pressure; corner cells ±2 with confidence 4, medium and off-diagonal 0 or +1 with confidence 3."
"Public_Acceptance","Energy_Security_Pressure","Medium","High","0","3","Public acceptance in Germany affects deployment and policy coherence; high acceptance supports lower EU/global energy security pressure (less fossil dependence), low acceptance supports higher pressure; corner cells ±2 with confidence 4, medium and off-diagonal 0 or +1 with confidence 3."
"Public_Acceptance","Energy_Security_Pressure","High","Low","2","4","Public acceptance in Germany affects deployment and policy coherence; high acceptance supports lower EU/global energy security pressure (less fossil dependence), low acceptance supports higher pressure; corner cells ±2 with confidence 4, medium and off-diagonal 0 or +1 with confidence 3."
"Public_Acceptance","Energy_Security_Pressure","High","Medium","0","3","Public acceptance in Germany affects deployment and policy coherence; high acceptance supports lower EU/global energy security pressure (less fossil dependence), low acceptance supports higher pressure; corner cells ±2 with confidence 4, medium and off-diagonal 0 or +1 with confidence 3."
"Public_Acceptance","Energy_Security_Pressure","High","High","-2","4","Public acceptance in Germany affects deployment and policy coherence; high acceptance supports lower EU/global energy security pressure (less fossil dependence), low acceptance supports higher pressure; corner cells ±2 with confidence 4, medium and off-diagonal 0 or +1 with confidence 3."
"Public_Acceptance","Investment_Availability","Low","Low","2","4","Public acceptance drives investor risk and policy credibility: low acceptance supports low and hinders medium/high investment; high acceptance hinders low/medium and supports high; medium acceptance supports medium and weakly supports high; confidence 4 for most cells, 3 for 2.1 and 2.3."
"Public_Acceptance","Investment_Availability","Low","Medium","-2","4","Public acceptance drives investor risk and policy credibility: low acceptance supports low and hinders medium/high investment; high acceptance hinders low/medium and supports high; medium acceptance supports medium and weakly supports high; confidence 4 for most cells, 3 for 2.1 and 2.3."
"Public_Acceptance","Investment_Availability","Low","High","-2","4","Public acceptance drives investor risk and policy credibility: low acceptance supports low and hinders medium/high investment; high acceptance hinders low/medium and supports high; medium acceptance supports medium and weakly supports high; confidence 4 for most cells, 3 for 2.1 and 2.3."
"Public_Acceptance","Investment_Availability","Medium","Low","-1","3","Public acceptance drives investor risk and policy credibility: low acceptance supports low and hinders medium/high investment; high acceptance hinders low/medium and supports high; medium acceptance supports medium and weakly supports high; confidence 4 for most cells, 3 for 2.1 and 2.3."
"Public_Acceptance","Investment_Availability","Medium","Medium","2","4","Public acceptance drives investor risk and policy credibility: low acceptance supports low and hinders medium/high investment; high acceptance hinders low/medium and supports high; medium acceptance supports medium and weakly supports high; confidence 4 for most cells, 3 for 2.1 and 2.3."
"Public_Acceptance","Investment_Availability","Medium","High","1","3","Public acceptance drives investor risk and policy credibility: low acceptance supports low and hinders medium/high investment; high acceptance hinders low/medium and supports high; medium acceptance supports medium and weakly supports high; confidence 4 for most cells, 3 for 2.1 and 2.3."
"Public_Acceptance","Investment_Availability","High","Low","-2","4","Public acceptance drives investor risk and policy credibility: low acceptance supports low and hinders medium/high investment; high acceptance hinders low/medium and supports high; medium acceptance supports medium and weakly supports high; confidence 4 for most cells, 3 for 2.1 and 2.3."
"Public_Acceptance","Investment_Availability","High","Medium","-1","4","Public acceptance drives investor risk and policy credibility: low acceptance supports low and hinders medium/high investment; high acceptance hinders low/medium and supports high; medium acceptance supports medium and weakly supports high; confidence 4 for most cells, 3 for 2.1 and 2.3."
"Public_Acceptance","Investment_Availability","High","High","2","4","Public acceptance drives investor risk and policy credibility: low acceptance supports low and hinders medium/high investment; high acceptance hinders low/medium and supports high; medium acceptance supports medium and weakly supports high; confidence 4 for most cells, 3 for 2.1 and 2.3."
"Land_Use_Conflict","Decarbonisation_Outcome","High","High emissions","2","4","Land_Use_Conflict is inverse-scale; high conflict supports high emissions and hinders net-zero, low conflict does the opposite; main diagonal and opposite-end cells scored ±2 or ±1 with confidence 3–4; off-diagonals 0 with confidence 2."
"Land_Use_Conflict","Decarbonisation_Outcome","High","Medium","0","2","Land_Use_Conflict is inverse-scale; high conflict supports high emissions and hinders net-zero, low conflict does the opposite; main diagonal and opposite-end cells scored ±2 or ±1 with confidence 3–4; off-diagonals 0 with confidence 2."
"Land_Use_Conflict","Decarbonisation_Outcome","High","Net-zero aligned","-2","4","Land_Use_Conflict is inverse-scale; high conflict supports high emissions and hinders net-zero, low conflict does the opposite; main diagonal and opposite-end cells scored ±2 or ±1 with confidence 3–4; off-diagonals 0 with confidence 2."
"Land_Use_Conflict","Decarbonisation_Outcome","Medium","High emissions","0","3","Land_Use_Conflict is inverse-scale; high conflict supports high emissions and hinders net-zero, low conflict does the opposite; main diagonal and opposite-end cells scored ±2 or ±1 with confidence 3–4; off-diagonals 0 with confidence 2."
"Land_Use_Conflict","Decarbonisation_Outcome","Medium","Medium","1","3","Land_Use_Conflict is inverse-scale; high conflict supports high emissions and hinders net-zero, low conflict does the opposite; main diagonal and opposite-end cells scored ±2 or ±1 with confidence 3–4; off-diagonals 0 with confidence 2."
"Land_Use_Conflict","Decarbonisation_Outcome","Medium","Net-zero aligned","-1","3","Land_Use_Conflict is inverse-scale; high conflict supports high emissions and hinders net-zero, low conflict does the opposite; main diagonal and opposite-end cells scored ±2 or ±1 with confidence 3–4; off-diagonals 0 with confidence 2."
"Land_Use_Conflict","Decarbonisation_Outcome","Low","High emissions","-2","4","Land_Use_Conflict is inverse-scale; high conflict supports high emissions and hinders net-zero, low conflict does the opposite; main diagonal and opposite-end cells scored ±2 or ±1 with confidence 3–4; off-diagonals 0 with confidence 2."
"Land_Use_Conflict","Decarbonisation_Outcome","Low","Medium","0","2","Land_Use_Conflict is inverse-scale; high conflict supports high emissions and hinders net-zero, low conflict does the opposite; main diagonal and opposite-end cells scored ±2 or ±1 with confidence 3–4; off-diagonals 0 with confidence 2."
"Land_Use_Conflict","Decarbonisation_Outcome","Low","Net-zero aligned","2","4","Land_Use_Conflict is inverse-scale; high conflict supports high emissions and hinders net-zero, low conflict does the opposite; main diagonal and opposite-end cells scored ±2 or ±1 with confidence 3–4; off-diagonals 0 with confidence 2."
"Land_Use_Conflict","Policy_Stringency","High","Low","2","4","High land-use conflict supports low policy stringency and hinders high stringency; low conflict supports high stringency; medium cells neutral or moderate; 3.1 and 1.2 scored 0 (no material promotion of that target state); confidence highest on diagonal-opposite cells (1.1, 1.3, 3.3)."
"Land_Use_Conflict","Policy_Stringency","High","Medium","0","3","High land-use conflict supports low policy stringency and hinders high stringency; low conflict supports high stringency; medium cells neutral or moderate; 3.1 and 1.2 scored 0 (no material promotion of that target state); confidence highest on diagonal-opposite cells (1.1, 1.3, 3.3)."
"Land_Use_Conflict","Policy_Stringency","High","High","-2","4","High land-use conflict supports low policy stringency and hinders high stringency; low conflict supports high stringency; medium cells neutral or moderate; 3.1 and 1.2 scored 0 (no material promotion of that target state); confidence highest on diagonal-opposite cells (1.1, 1.3, 3.3)."
"Land_Use_Conflict","Policy_Stringency","Medium","Low","1","3","High land-use conflict supports low policy stringency and hinders high stringency; low conflict supports high stringency; medium cells neutral or moderate; 3.1 and 1.2 scored 0 (no material promotion of that target state); confidence highest on diagonal-opposite cells (1.1, 1.3, 3.3)."
"Land_Use_Conflict","Policy_Stringency","Medium","Medium","0","3","High land-use conflict supports low policy stringency and hinders high stringency; low conflict supports high stringency; medium cells neutral or moderate; 3.1 and 1.2 scored 0 (no material promotion of that target state); confidence highest on diagonal-opposite cells (1.1, 1.3, 3.3)."
"Land_Use_Conflict","Policy_Stringency","Medium","High","-1","3","High land-use conflict supports low policy stringency and hinders high stringency; low conflict supports high stringency; medium cells neutral or moderate; 3.1 and 1.2 scored 0 (no material promotion of that target state); confidence highest on diagonal-opposite cells (1.1, 1.3, 3.3)."
"Land_Use_Conflict","Policy_Stringency","Low","Low","0","2","High land-use conflict supports low policy stringency and hinders high stringency; low conflict supports high stringency; medium cells neutral or moderate; 3.1 and 1.2 scored 0 (no material promotion of that target state); confidence highest on diagonal-opposite cells (1.1, 1.3, 3.3)."
"Land_Use_Conflict","Policy_Stringency","Low","Medium","1","3","High land-use conflict supports low policy stringency and hinders high stringency; low conflict supports high stringency; medium cells neutral or moderate; 3.1 and 1.2 scored 0 (no material promotion of that target state); confidence highest on diagonal-opposite cells (1.1, 1.3, 3.3)."
"Land_Use_Conflict","Policy_Stringency","Low","High","2","4","High land-use conflict supports low policy stringency and hinders high stringency; low conflict supports high stringency; medium cells neutral or moderate; 3.1 and 1.2 scored 0 (no material promotion of that target state); confidence highest on diagonal-opposite cells (1.1, 1.3, 3.3)."
"Land_Use_Conflict","Permitting_Pace","High","Slow","2","5","High land-use conflict supports slow permitting and hinders fast; low conflict supports fast and hinders slow; medium conflict has intermediate effects; strong empirical evidence from German siting, litigation, and deployment experience."
"Land_Use_Conflict","Permitting_Pace","High","Medium","1","4","High land-use conflict supports slow permitting and hinders fast; low conflict supports fast and hinders slow; medium conflict has intermediate effects; strong empirical evidence from German siting, litigation, and deployment experience."
"Land_Use_Conflict","Permitting_Pace","High","Fast","-2","5","High land-use conflict supports slow permitting and hinders fast; low conflict supports fast and hinders slow; medium conflict has intermediate effects; strong empirical evidence from German siting, litigation, and deployment experience."
"Land_Use_Conflict","Permitting_Pace","Medium","Slow","1","4","High land-use conflict supports slow permitting and hinders fast; low conflict supports fast and hinders slow; medium conflict has intermediate effects; strong empirical evidence from German siting, litigation, and deployment experience."
"Land_Use_Conflict","Permitting_Pace","Medium","Medium","0","3","High land-use conflict supports slow permitting and hinders fast; low conflict supports fast and hinders slow; medium conflict has intermediate effects; strong empirical evidence from German siting, litigation, and deployment experience."
"Land_Use_Conflict","Permitting_Pace","Medium","Fast","-1","4","High land-use conflict supports slow permitting and hinders fast; low conflict supports fast and hinders slow; medium conflict has intermediate effects; strong empirical evidence from German siting, litigation, and deployment experience."
"Land_Use_Conflict","Permitting_Pace","Low","Slow","-2","5","High land-use conflict supports slow permitting and hinders fast; low conflict supports fast and hinders slow; medium conflict has intermediate effects; strong empirical evidence from German siting, litigation, and deployment experience."
"Land_Use_Conflict","Permitting_Pace","Low","Medium","0","4","High land-use conflict supports slow permitting and hinders fast; low conflict supports fast and hinders slow; medium conflict has intermediate effects; strong empirical evidence from German siting, litigation, and deployment experience."
"Land_Use_Conflict","Permitting_Pace","Low","Fast","2","5","High land-use conflict supports slow permitting and hinders fast; low conflict supports fast and hinders slow; medium conflict has intermediate effects; strong empirical evidence from German siting, litigation, and deployment experience."
"Land_Use_Conflict","Renewables_Deployment","High","Low","2","4","Inverse-scale respected: high land-use conflict supports low and hinders high renewables deployment; low conflict supports high and hinders low deployment; magnitudes ±2 on main opposing cells to reflect other drivers; confidence 4 on 1.1, 1.3, 3.1, 3.3 and 3 elsewhere."
"Land_Use_Conflict","Renewables_Deployment","High","Medium","-1","3","Inverse-scale respected: high land-use conflict supports low and hinders high renewables deployment; low conflict supports high and hinders low deployment; magnitudes ±2 on main opposing cells to reflect other drivers; confidence 4 on 1.1, 1.3, 3.1, 3.3 and 3 elsewhere."
"Land_Use_Conflict","Renewables_Deployment","High","High","-2","4","Inverse-scale respected: high land-use conflict supports low and hinders high renewables deployment; low conflict supports high and hinders low deployment; magnitudes ±2 on main opposing cells to reflect other drivers; confidence 4 on 1.1, 1.3, 3.1, 3.3 and 3 elsewhere."
"Land_Use_Conflict","Renewables_Deployment","Medium","Low","1","3","Inverse-scale respected: high land-use conflict supports low and hinders high renewables deployment; low conflict supports high and hinders low deployment; magnitudes ±2 on main opposing cells to reflect other drivers; confidence 4 on 1.1, 1.3, 3.1, 3.3 and 3 elsewhere."
"Land_Use_Conflict","Renewables_Deployment","Medium","Medium","0","3","Inverse-scale respected: high land-use conflict supports low and hinders high renewables deployment; low conflict supports high and hinders low deployment; magnitudes ±2 on main opposing cells to reflect other drivers; confidence 4 on 1.1, 1.3, 3.1, 3.3 and 3 elsewhere."
"Land_Use_Conflict","Renewables_Deployment","Medium","High","-1","3","Inverse-scale respected: high land-use conflict supports low and hinders high renewables deployment; low conflict supports high and hinders low deployment; magnitudes ±2 on main opposing cells to reflect other drivers; confidence 4 on 1.1, 1.3, 3.1, 3.3 and 3 elsewhere."
"Land_Use_Conflict","Renewables_Deployment","Low","Low","-2","4","Inverse-scale respected: high land-use conflict supports low and hinders high renewables deployment; low conflict supports high and hinders low deployment; magnitudes ±2 on main opposing cells to reflect other drivers; confidence 4 on 1.1, 1.3, 3.1, 3.3 and 3 elsewhere."
"Land_Use_Conflict","Renewables_Deployment","Low","Medium","1","3","Inverse-scale respected: high land-use conflict supports low and hinders high renewables deployment; low conflict supports high and hinders low deployment; magnitudes ±2 on main opposing cells to reflect other drivers; confidence 4 on 1.1, 1.3, 3.1, 3.3 and 3 elsewhere."
"Land_Use_Conflict","Renewables_Deployment","Low","High","2","4","Inverse-scale respected: high land-use conflict supports low and hinders high renewables deployment; low conflict supports high and hinders low deployment; magnitudes ±2 on main opposing cells to reflect other drivers; confidence 4 on 1.1, 1.3, 3.1, 3.3 and 3 elsewhere."
"Land_Use_Conflict","Technology_Costs","High","High","2","4","High land-use conflict supports high technology costs (and hinders low) via deployment scale and learning; low conflict supports low costs; medium conflict weakly aligned; corners Conf 4, rest Conf 3."
"Land_Use_Conflict","Technology_Costs","High","Medium","1","3","High land-use conflict supports high technology costs (and hinders low) via deployment scale and learning; low conflict supports low costs; medium conflict weakly aligned; corners Conf 4, rest Conf 3."
"Land_Use_Conflict","Technology_Costs","High","Low","-2","4","High land-use conflict supports high technology costs (and hinders low) via deployment scale and learning; low conflict supports low costs; medium conflict weakly aligned; corners Conf 4, rest Conf 3."
"Land_Use_Conflict","Technology_Costs","Medium","High","1","3","High land-use conflict supports high technology costs (and hinders low) via deployment scale and learning; low conflict supports low costs; medium conflict weakly aligned; corners Conf 4, rest Conf 3."
"Land_Use_Conflict","Technology_Costs","Medium","Medium","0","3","High land-use conflict supports high technology costs (and hinders low) via deployment scale and learning; low conflict supports low costs; medium conflict weakly aligned; corners Conf 4, rest Conf 3."
"Land_Use_Conflict","Technology_Costs","Medium","Low","-1","3","High land-use conflict supports high technology costs (and hinders low) via deployment scale and learning; low conflict supports low costs; medium conflict weakly aligned; corners Conf 4, rest Conf 3."
"Land_Use_Conflict","Technology_Costs","Low","High","-2","4","High land-use conflict supports high technology costs (and hinders low) via deployment scale and learning; low conflict supports low costs; medium conflict weakly aligned; corners Conf 4, rest Conf 3."
"Land_Use_Conflict","Technology_Costs","Low","Medium","-1","3","High land-use conflict supports high technology costs (and hinders low) via deployment scale and learning; low conflict supports low costs; medium conflict weakly aligned; corners Conf 4, rest Conf 3."
"Land_Use_Conflict","Technology_Costs","Low","Low","2","4","High land-use conflict supports high technology costs (and hinders low) via deployment scale and learning; low conflict supports low costs; medium conflict weakly aligned; corners Conf 4, rest Conf 3."
"Land_Use_Conflict","Hydrogen_Role","High","Limited","2","4","Land-use conflict (inverse scale) affects hydrogen role via siting and land availability: high conflict supports Limited and hinders Moderate/Major; low conflict supports Major/Moderate and hinders Limited; medium conflict in between; confidences 3–4."
"Land_Use_Conflict","Hydrogen_Role","High","Moderate","-2","3","Land-use conflict (inverse scale) affects hydrogen role via siting and land availability: high conflict supports Limited and hinders Moderate/Major; low conflict supports Major/Moderate and hinders Limited; medium conflict in between; confidences 3–4."
"Land_Use_Conflict","Hydrogen_Role","High","Major","-2","4","Land-use conflict (inverse scale) affects hydrogen role via siting and land availability: high conflict supports Limited and hinders Moderate/Major; low conflict supports Major/Moderate and hinders Limited; medium conflict in between; confidences 3–4."
"Land_Use_Conflict","Hydrogen_Role","Medium","Limited","1","3","Land-use conflict (inverse scale) affects hydrogen role via siting and land availability: high conflict supports Limited and hinders Moderate/Major; low conflict supports Major/Moderate and hinders Limited; medium conflict in between; confidences 3–4."
"Land_Use_Conflict","Hydrogen_Role","Medium","Moderate","1","4","Land-use conflict (inverse scale) affects hydrogen role via siting and land availability: high conflict supports Limited and hinders Moderate/Major; low conflict supports Major/Moderate and hinders Limited; medium conflict in between; confidences 3–4."
"Land_Use_Conflict","Hydrogen_Role","Medium","Major","-1","4","Land-use conflict (inverse scale) affects hydrogen role via siting and land availability: high conflict supports Limited and hinders Moderate/Major; low conflict supports Major/Moderate and hinders Limited; medium conflict in between; confidences 3–4."
"Land_Use_Conflict","Hydrogen_Role","Low","Limited","-2","4","Land-use conflict (inverse scale) affects hydrogen role via siting and land availability: high conflict supports Limited and hinders Moderate/Major; low conflict supports Major/Moderate and hinders Limited; medium conflict in between; confidences 3–4."
"Land_Use_Conflict","Hydrogen_Role","Low","Moderate","1","3","Land-use conflict (inverse scale) affects hydrogen role via siting and land availability: high conflict supports Limited and hinders Moderate/Major; low conflict supports Major/Moderate and hinders Limited; medium conflict in between; confidences 3–4."
"Land_Use_Conflict","Hydrogen_Role","Low","Major","2","4","Land-use conflict (inverse scale) affects hydrogen role via siting and land availability: high conflict supports Limited and hinders Moderate/Major; low conflict supports Major/Moderate and hinders Limited; medium conflict in between; confidences 3–4."
"Land_Use_Conflict","Grid_Development","High","Lagging","2","4","High land-use conflict promotes Lagging and hinders Strong grid development; Low conflict does the opposite; Medium conflict has weaker effects; middle-column cells (Moderate target) set to 0 with confidence 3 as direction is ambiguous or not materially distinct."
"Land_Use_Conflict","Grid_Development","High","Moderate","0","3","High land-use conflict promotes Lagging and hinders Strong grid development; Low conflict does the opposite; Medium conflict has weaker effects; middle-column cells (Moderate target) set to 0 with confidence 3 as direction is ambiguous or not materially distinct."
"Land_Use_Conflict","Grid_Development","High","Strong","-2","4","High land-use conflict promotes Lagging and hinders Strong grid development; Low conflict does the opposite; Medium conflict has weaker effects; middle-column cells (Moderate target) set to 0 with confidence 3 as direction is ambiguous or not materially distinct."
"Land_Use_Conflict","Grid_Development","Medium","Lagging","1","4","High land-use conflict promotes Lagging and hinders Strong grid development; Low conflict does the opposite; Medium conflict has weaker effects; middle-column cells (Moderate target) set to 0 with confidence 3 as direction is ambiguous or not materially distinct."
"Land_Use_Conflict","Grid_Development","Medium","Moderate","0","3","High land-use conflict promotes Lagging and hinders Strong grid development; Low conflict does the opposite; Medium conflict has weaker effects; middle-column cells (Moderate target) set to 0 with confidence 3 as direction is ambiguous or not materially distinct."
"Land_Use_Conflict","Grid_Development","Medium","Strong","-1","4","High land-use conflict promotes Lagging and hinders Strong grid development; Low conflict does the opposite; Medium conflict has weaker effects; middle-column cells (Moderate target) set to 0 with confidence 3 as direction is ambiguous or not materially distinct."
"Land_Use_Conflict","Grid_Development","Low","Lagging","-2","4","High land-use conflict promotes Lagging and hinders Strong grid development; Low conflict does the opposite; Medium conflict has weaker effects; middle-column cells (Moderate target) set to 0 with confidence 3 as direction is ambiguous or not materially distinct."
"Land_Use_Conflict","Grid_Development","Low","Moderate","0","3","High land-use conflict promotes Lagging and hinders Strong grid development; Low conflict does the opposite; Medium conflict has weaker effects; middle-column cells (Moderate target) set to 0 with confidence 3 as direction is ambiguous or not materially distinct."
"Land_Use_Conflict","Grid_Development","Low","Strong","2","4","High land-use conflict promotes Lagging and hinders Strong grid development; Low conflict does the opposite; Medium conflict has weaker effects; middle-column cells (Moderate target) set to 0 with confidence 3 as direction is ambiguous or not materially distinct."
"Land_Use_Conflict","Electrification_Pace","High","Slow","2","4","Land-use conflict acts as barrier to renewables and grid siting; high conflict supports slow electrification and hinders high, low conflict supports high electrification and hinders slow; diagonal and corners strongest; confidence 4 on congruent and opposite pairs, 3 on mixed cells."
"Land_Use_Conflict","Electrification_Pace","High","Medium","0","3","Land-use conflict acts as barrier to renewables and grid siting; high conflict supports slow electrification and hinders high, low conflict supports high electrification and hinders slow; diagonal and corners strongest; confidence 4 on congruent and opposite pairs, 3 on mixed cells."
"Land_Use_Conflict","Electrification_Pace","High","High","-2","4","Land-use conflict acts as barrier to renewables and grid siting; high conflict supports slow electrification and hinders high, low conflict supports high electrification and hinders slow; diagonal and corners strongest; confidence 4 on congruent and opposite pairs, 3 on mixed cells."
"Land_Use_Conflict","Electrification_Pace","Medium","Slow","0","3","Land-use conflict acts as barrier to renewables and grid siting; high conflict supports slow electrification and hinders high, low conflict supports high electrification and hinders slow; diagonal and corners strongest; confidence 4 on congruent and opposite pairs, 3 on mixed cells."
"Land_Use_Conflict","Electrification_Pace","Medium","Medium","1","4","Land-use conflict acts as barrier to renewables and grid siting; high conflict supports slow electrification and hinders high, low conflict supports high electrification and hinders slow; diagonal and corners strongest; confidence 4 on congruent and opposite pairs, 3 on mixed cells."
"Land_Use_Conflict","Electrification_Pace","Medium","High","0","3","Land-use conflict acts as barrier to renewables and grid siting; high conflict supports slow electrification and hinders high, low conflict supports high electrification and hinders slow; diagonal and corners strongest; confidence 4 on congruent and opposite pairs, 3 on mixed cells."
"Land_Use_Conflict","Electrification_Pace","Low","Slow","-2","4","Land-use conflict acts as barrier to renewables and grid siting; high conflict supports slow electrification and hinders high, low conflict supports high electrification and hinders slow; diagonal and corners strongest; confidence 4 on congruent and opposite pairs, 3 on mixed cells."
"Land_Use_Conflict","Electrification_Pace","Low","Medium","0","3","Land-use conflict acts as barrier to renewables and grid siting; high conflict supports slow electrification and hinders high, low conflict supports high electrification and hinders slow; diagonal and corners strongest; confidence 4 on congruent and opposite pairs, 3 on mixed cells."
"Land_Use_Conflict","Electrification_Pace","Low","High","2","4","Land-use conflict acts as barrier to renewables and grid siting; high conflict supports slow electrification and hinders high, low conflict supports high electrification and hinders slow; diagonal and corners strongest; confidence 4 on congruent and opposite pairs, 3 on mixed cells."
"Land_Use_Conflict","Industrial_Energy_Demand","High","High","0","2","Land-use conflict (renewables, grid, energy infrastructure siting) does not materially influence industrial energy demand level; demand driven by activity, structure, efficiency, and policy; all cells 0 with confidence 2."
"Land_Use_Conflict","Industrial_Energy_Demand","High","Medium","0","2","Land-use conflict (renewables, grid, energy infrastructure siting) does not materially influence industrial energy demand level; demand driven by activity, structure, efficiency, and policy; all cells 0 with confidence 2."
"Land_Use_Conflict","Industrial_Energy_Demand","High","Low","0","2","Land-use conflict (renewables, grid, energy infrastructure siting) does not materially influence industrial energy demand level; demand driven by activity, structure, efficiency, and policy; all cells 0 with confidence 2."
"Land_Use_Conflict","Industrial_Energy_Demand","Medium","High","0","2","Land-use conflict (renewables, grid, energy infrastructure siting) does not materially influence industrial energy demand level; demand driven by activity, structure, efficiency, and policy; all cells 0 with confidence 2."
"Land_Use_Conflict","Industrial_Energy_Demand","Medium","Medium","0","2","Land-use conflict (renewables, grid, energy infrastructure siting) does not materially influence industrial energy demand level; demand driven by activity, structure, efficiency, and policy; all cells 0 with confidence 2."
"Land_Use_Conflict","Industrial_Energy_Demand","Medium","Low","0","2","Land-use conflict (renewables, grid, energy infrastructure siting) does not materially influence industrial energy demand level; demand driven by activity, structure, efficiency, and policy; all cells 0 with confidence 2."
"Land_Use_Conflict","Industrial_Energy_Demand","Low","High","0","2","Land-use conflict (renewables, grid, energy infrastructure siting) does not materially influence industrial energy demand level; demand driven by activity, structure, efficiency, and policy; all cells 0 with confidence 2."
"Land_Use_Conflict","Industrial_Energy_Demand","Low","Medium","0","2","Land-use conflict (renewables, grid, energy infrastructure siting) does not materially influence industrial energy demand level; demand driven by activity, structure, efficiency, and policy; all cells 0 with confidence 2."
"Land_Use_Conflict","Industrial_Energy_Demand","Low","Low","0","2","Land-use conflict (renewables, grid, energy infrastructure siting) does not materially influence industrial energy demand level; demand driven by activity, structure, efficiency, and policy; all cells 0 with confidence 2."
"Land_Use_Conflict","Fossil_Price_Pressure","High","Low","-1","2","Land_Use_Conflict (DE) affects Fossil_Price_Pressure (EU/GL) only indirectly via renewables deployment and fossil demand; High conflict weakly hinders Low pressure and supports High (+1/-1), Low conflict weakly supports Low and hinders High; Medium source neutral; Germany's share of global demand small so scores ±1 and confidence 2 throughout."
"Land_Use_Conflict","Fossil_Price_Pressure","High","Medium","0","2","Land_Use_Conflict (DE) affects Fossil_Price_Pressure (EU/GL) only indirectly via renewables deployment and fossil demand; High conflict weakly hinders Low pressure and supports High (+1/-1), Low conflict weakly supports Low and hinders High; Medium source neutral; Germany's share of global demand small so scores ±1 and confidence 2 throughout."
"Land_Use_Conflict","Fossil_Price_Pressure","High","High","1","2","Land_Use_Conflict (DE) affects Fossil_Price_Pressure (EU/GL) only indirectly via renewables deployment and fossil demand; High conflict weakly hinders Low pressure and supports High (+1/-1), Low conflict weakly supports Low and hinders High; Medium source neutral; Germany's share of global demand small so scores ±1 and confidence 2 throughout."
"Land_Use_Conflict","Fossil_Price_Pressure","Medium","Low","0","2","Land_Use_Conflict (DE) affects Fossil_Price_Pressure (EU/GL) only indirectly via renewables deployment and fossil demand; High conflict weakly hinders Low pressure and supports High (+1/-1), Low conflict weakly supports Low and hinders High; Medium source neutral; Germany's share of global demand small so scores ±1 and confidence 2 throughout."
"Land_Use_Conflict","Fossil_Price_Pressure","Medium","Medium","0","2","Land_Use_Conflict (DE) affects Fossil_Price_Pressure (EU/GL) only indirectly via renewables deployment and fossil demand; High conflict weakly hinders Low pressure and supports High (+1/-1), Low conflict weakly supports Low and hinders High; Medium source neutral; Germany's share of global demand small so scores ±1 and confidence 2 throughout."
"Land_Use_Conflict","Fossil_Price_Pressure","Medium","High","0","2","Land_Use_Conflict (DE) affects Fossil_Price_Pressure (EU/GL) only indirectly via renewables deployment and fossil demand; High conflict weakly hinders Low pressure and supports High (+1/-1), Low conflict weakly supports Low and hinders High; Medium source neutral; Germany's share of global demand small so scores ±1 and confidence 2 throughout."
"Land_Use_Conflict","Fossil_Price_Pressure","Low","Low","1","2","Land_Use_Conflict (DE) affects Fossil_Price_Pressure (EU/GL) only indirectly via renewables deployment and fossil demand; High conflict weakly hinders Low pressure and supports High (+1/-1), Low conflict weakly supports Low and hinders High; Medium source neutral; Germany's share of global demand small so scores ±1 and confidence 2 throughout."
"Land_Use_Conflict","Fossil_Price_Pressure","Low","Medium","0","2","Land_Use_Conflict (DE) affects Fossil_Price_Pressure (EU/GL) only indirectly via renewables deployment and fossil demand; High conflict weakly hinders Low pressure and supports High (+1/-1), Low conflict weakly supports Low and hinders High; Medium source neutral; Germany's share of global demand small so scores ±1 and confidence 2 throughout."
"Land_Use_Conflict","Fossil_Price_Pressure","Low","High","-1","2","Land_Use_Conflict (DE) affects Fossil_Price_Pressure (EU/GL) only indirectly via renewables deployment and fossil demand; High conflict weakly hinders Low pressure and supports High (+1/-1), Low conflict weakly supports Low and hinders High; Medium source neutral; Germany's share of global demand small so scores ±1 and confidence 2 throughout."
"Land_Use_Conflict","Public_Acceptance","High","Low","2","4","High land-use conflict promotes low public acceptance and hinders high acceptance; low conflict promotes high acceptance and hinders low; medium conflict weakly supports medium acceptance and hinders high; diagonal and opposite-direction cells scored with confidence 4 where evidence is strong, 3 for medium and edge cells."
"Land_Use_Conflict","Public_Acceptance","High","Medium","1","3","High land-use conflict promotes low public acceptance and hinders high acceptance; low conflict promotes high acceptance and hinders low; medium conflict weakly supports medium acceptance and hinders high; diagonal and opposite-direction cells scored with confidence 4 where evidence is strong, 3 for medium and edge cells."
"Land_Use_Conflict","Public_Acceptance","High","High","-2","4","High land-use conflict promotes low public acceptance and hinders high acceptance; low conflict promotes high acceptance and hinders low; medium conflict weakly supports medium acceptance and hinders high; diagonal and opposite-direction cells scored with confidence 4 where evidence is strong, 3 for medium and edge cells."
"Land_Use_Conflict","Public_Acceptance","Medium","Low","0","3","High land-use conflict promotes low public acceptance and hinders high acceptance; low conflict promotes high acceptance and hinders low; medium conflict weakly supports medium acceptance and hinders high; diagonal and opposite-direction cells scored with confidence 4 where evidence is strong, 3 for medium and edge cells."
"Land_Use_Conflict","Public_Acceptance","Medium","Medium","1","3","High land-use conflict promotes low public acceptance and hinders high acceptance; low conflict promotes high acceptance and hinders low; medium conflict weakly supports medium acceptance and hinders high; diagonal and opposite-direction cells scored with confidence 4 where evidence is strong, 3 for medium and edge cells."
"Land_Use_Conflict","Public_Acceptance","Medium","High","-1","3","High land-use conflict promotes low public acceptance and hinders high acceptance; low conflict promotes high acceptance and hinders low; medium conflict weakly supports medium acceptance and hinders high; diagonal and opposite-direction cells scored with confidence 4 where evidence is strong, 3 for medium and edge cells."
"Land_Use_Conflict","Public_Acceptance","Low","Low","-2","4","High land-use conflict promotes low public acceptance and hinders high acceptance; low conflict promotes high acceptance and hinders low; medium conflict weakly supports medium acceptance and hinders high; diagonal and opposite-direction cells scored with confidence 4 where evidence is strong, 3 for medium and edge cells."
"Land_Use_Conflict","Public_Acceptance","Low","Medium","0","3","High land-use conflict promotes low public acceptance and hinders high acceptance; low conflict promotes high acceptance and hinders low; medium conflict weakly supports medium acceptance and hinders high; diagonal and opposite-direction cells scored with confidence 4 where evidence is strong, 3 for medium and edge cells."
"Land_Use_Conflict","Public_Acceptance","Low","High","2","4","High land-use conflict promotes low public acceptance and hinders high acceptance; low conflict promotes high acceptance and hinders low; medium conflict weakly supports medium acceptance and hinders high; diagonal and opposite-direction cells scored with confidence 4 where evidence is strong, 3 for medium and edge cells."
"Land_Use_Conflict","EU_Policy_Alignment","High","Low","2","4","High German land-use conflict supports weaker EU policy alignment and hinders strong alignment; low conflict supports strong EU alignment and hinders weak alignment; medium conflict has modest effects; diagonal impacts at ±2 (conf 4), off-diagonal to Medium at 0 (conf 3), medium-source cells ±1 (conf 3)."
"Land_Use_Conflict","EU_Policy_Alignment","High","Medium","0","3","High German land-use conflict supports weaker EU policy alignment and hinders strong alignment; low conflict supports strong EU alignment and hinders weak alignment; medium conflict has modest effects; diagonal impacts at ±2 (conf 4), off-diagonal to Medium at 0 (conf 3), medium-source cells ±1 (conf 3)."
"Land_Use_Conflict","EU_Policy_Alignment","High","High","-2","4","High German land-use conflict supports weaker EU policy alignment and hinders strong alignment; low conflict supports strong EU alignment and hinders weak alignment; medium conflict has modest effects; diagonal impacts at ±2 (conf 4), off-diagonal to Medium at 0 (conf 3), medium-source cells ±1 (conf 3)."
"Land_Use_Conflict","EU_Policy_Alignment","Medium","Low","1","3","High German land-use conflict supports weaker EU policy alignment and hinders strong alignment; low conflict supports strong EU alignment and hinders weak alignment; medium conflict has modest effects; diagonal impacts at ±2 (conf 4), off-diagonal to Medium at 0 (conf 3), medium-source cells ±1 (conf 3)."
"Land_Use_Conflict","EU_Policy_Alignment","Medium","Medium","0","3","High German land-use conflict supports weaker EU policy alignment and hinders strong alignment; low conflict supports strong EU alignment and hinders weak alignment; medium conflict has modest effects; diagonal impacts at ±2 (conf 4), off-diagonal to Medium at 0 (conf 3), medium-source cells ±1 (conf 3)."
"Land_Use_Conflict","EU_Policy_Alignment","Medium","High","-1","3","High German land-use conflict supports weaker EU policy alignment and hinders strong alignment; low conflict supports strong EU alignment and hinders weak alignment; medium conflict has modest effects; diagonal impacts at ±2 (conf 4), off-diagonal to Medium at 0 (conf 3), medium-source cells ±1 (conf 3)."
"Land_Use_Conflict","EU_Policy_Alignment","Low","Low","-2","4","High German land-use conflict supports weaker EU policy alignment and hinders strong alignment; low conflict supports strong EU alignment and hinders weak alignment; medium conflict has modest effects; diagonal impacts at ±2 (conf 4), off-diagonal to Medium at 0 (conf 3), medium-source cells ±1 (conf 3)."
"Land_Use_Conflict","EU_Policy_Alignment","Low","Medium","0","3","High German land-use conflict supports weaker EU policy alignment and hinders strong alignment; low conflict supports strong EU alignment and hinders weak alignment; medium conflict has modest effects; diagonal impacts at ±2 (conf 4), off-diagonal to Medium at 0 (conf 3), medium-source cells ±1 (conf 3)."
"Land_Use_Conflict","EU_Policy_Alignment","Low","High","2","4","High German land-use conflict supports weaker EU policy alignment and hinders strong alignment; low conflict supports strong EU alignment and hinders weak alignment; medium conflict has modest effects; diagonal impacts at ±2 (conf 4), off-diagonal to Medium at 0 (conf 3), medium-source cells ±1 (conf 3)."
"Land_Use_Conflict","Energy_Security_Pressure","High","Low","-2","3","High land-use conflict in Germany slows renewables and grid build-out, increasing import dependence and thus supporting higher energy security pressure (EU/global); low conflict supports lower pressure. Effect is indirect; confidence moderate (3) on main diagonals, lower (2) for medium source and off-diagonals."
"Land_Use_Conflict","Energy_Security_Pressure","High","Medium","0","2","High land-use conflict in Germany slows renewables and grid build-out, increasing import dependence and thus supporting higher energy security pressure (EU/global); low conflict supports lower pressure. Effect is indirect; confidence moderate (3) on main diagonals, lower (2) for medium source and off-diagonals."
"Land_Use_Conflict","Energy_Security_Pressure","High","High","2","3","High land-use conflict in Germany slows renewables and grid build-out, increasing import dependence and thus supporting higher energy security pressure (EU/global); low conflict supports lower pressure. Effect is indirect; confidence moderate (3) on main diagonals, lower (2) for medium source and off-diagonals."
"Land_Use_Conflict","Energy_Security_Pressure","Medium","Low","-1","2","High land-use conflict in Germany slows renewables and grid build-out, increasing import dependence and thus supporting higher energy security pressure (EU/global); low conflict supports lower pressure. Effect is indirect; confidence moderate (3) on main diagonals, lower (2) for medium source and off-diagonals."
"Land_Use_Conflict","Energy_Security_Pressure","Medium","Medium","0","2","High land-use conflict in Germany slows renewables and grid build-out, increasing import dependence and thus supporting higher energy security pressure (EU/global); low conflict supports lower pressure. Effect is indirect; confidence moderate (3) on main diagonals, lower (2) for medium source and off-diagonals."
"Land_Use_Conflict","Energy_Security_Pressure","Medium","High","1","2","High land-use conflict in Germany slows renewables and grid build-out, increasing import dependence and thus supporting higher energy security pressure (EU/global); low conflict supports lower pressure. Effect is indirect; confidence moderate (3) on main diagonals, lower (2) for medium source and off-diagonals."
"Land_Use_Conflict","Energy_Security_Pressure","Low","Low","2","3","High land-use conflict in Germany slows renewables and grid build-out, increasing import dependence and thus supporting higher energy security pressure (EU/global); low conflict supports lower pressure. Effect is indirect; confidence moderate (3) on main diagonals, lower (2) for medium source and off-diagonals."
"Land_Use_Conflict","Energy_Security_Pressure","Low","Medium","0","2","High land-use conflict in Germany slows renewables and grid build-out, increasing import dependence and thus supporting higher energy security pressure (EU/global); low conflict supports lower pressure. Effect is indirect; confidence moderate (3) on main diagonals, lower (2) for medium source and off-diagonals."
"Land_Use_Conflict","Energy_Security_Pressure","Low","High","-2","3","High land-use conflict in Germany slows renewables and grid build-out, increasing import dependence and thus supporting higher energy security pressure (EU/global); low conflict supports lower pressure. Effect is indirect; confidence moderate (3) on main diagonals, lower (2) for medium source and off-diagonals."
"Land_Use_Conflict","Investment_Availability","High","Low","2","4","High land-use conflict raises project risk and cost of capital, supporting low investment availability and hindering high; low conflict does the reverse; panel agreed ±2 on main diagonal effects (1→1, 1→3, 3→1, 3→3), ±1 on adjacent states, 0 for medium→medium; confidence 4 on corner cells, 3 elsewhere."
"Land_Use_Conflict","Investment_Availability","High","Medium","1","3","High land-use conflict raises project risk and cost of capital, supporting low investment availability and hindering high; low conflict does the reverse; panel agreed ±2 on main diagonal effects (1→1, 1→3, 3→1, 3→3), ±1 on adjacent states, 0 for medium→medium; confidence 4 on corner cells, 3 elsewhere."
"Land_Use_Conflict","Investment_Availability","High","High","-2","4","High land-use conflict raises project risk and cost of capital, supporting low investment availability and hindering high; low conflict does the reverse; panel agreed ±2 on main diagonal effects (1→1, 1→3, 3→1, 3→3), ±1 on adjacent states, 0 for medium→medium; confidence 4 on corner cells, 3 elsewhere."
"Land_Use_Conflict","Investment_Availability","Medium","Low","1","3","High land-use conflict raises project risk and cost of capital, supporting low investment availability and hindering high; low conflict does the reverse; panel agreed ±2 on main diagonal effects (1→1, 1→3, 3→1, 3→3), ±1 on adjacent states, 0 for medium→medium; confidence 4 on corner cells, 3 elsewhere."
"Land_Use_Conflict","Investment_Availability","Medium","Medium","0","3","High land-use conflict raises project risk and cost of capital, supporting low investment availability and hindering high; low conflict does the reverse; panel agreed ±2 on main diagonal effects (1→1, 1→3, 3→1, 3→3), ±1 on adjacent states, 0 for medium→medium; confidence 4 on corner cells, 3 elsewhere."
"Land_Use_Conflict","Investment_Availability","Medium","High","-1","3","High land-use conflict raises project risk and cost of capital, supporting low investment availability and hindering high; low conflict does the reverse; panel agreed ±2 on main diagonal effects (1→1, 1→3, 3→1, 3→3), ±1 on adjacent states, 0 for medium→medium; confidence 4 on corner cells, 3 elsewhere."
"Land_Use_Conflict","Investment_Availability","Low","Low","-2","4","High land-use conflict raises project risk and cost of capital, supporting low investment availability and hindering high; low conflict does the reverse; panel agreed ±2 on main diagonal effects (1→1, 1→3, 3→1, 3→3), ±1 on adjacent states, 0 for medium→medium; confidence 4 on corner cells, 3 elsewhere."
"Land_Use_Conflict","Investment_Availability","Low","Medium","-1","3","High land-use conflict raises project risk and cost of capital, supporting low investment availability and hindering high; low conflict does the reverse; panel agreed ±2 on main diagonal effects (1→1, 1→3, 3→1, 3→3), ±1 on adjacent states, 0 for medium→medium; confidence 4 on corner cells, 3 elsewhere."
"Land_Use_Conflict","Investment_Availability","Low","High","2","4","High land-use conflict raises project risk and cost of capital, supporting low investment availability and hindering high; low conflict does the reverse; panel agreed ±2 on main diagonal effects (1→1, 1→3, 3→1, 3→3), ±1 on adjacent states, 0 for medium→medium; confidence 4 on corner cells, 3 elsewhere."
"EU_Policy_Alignment","Decarbonisation_Outcome","Low","High emissions","2","5","EU policy alignment is a major driver of German decarbonisation; Low supports high emissions and hinders net-zero (±2), High does the opposite; Medium supports medium outcome (+1) and slight move toward net-zero (+1); corner cells confidence 5, medium column 3–4."
"EU_Policy_Alignment","Decarbonisation_Outcome","Low","Medium","0","3","EU policy alignment is a major driver of German decarbonisation; Low supports high emissions and hinders net-zero (±2), High does the opposite; Medium supports medium outcome (+1) and slight move toward net-zero (+1); corner cells confidence 5, medium column 3–4."
"EU_Policy_Alignment","Decarbonisation_Outcome","Low","Net-zero aligned","-2","5","EU policy alignment is a major driver of German decarbonisation; Low supports high emissions and hinders net-zero (±2), High does the opposite; Medium supports medium outcome (+1) and slight move toward net-zero (+1); corner cells confidence 5, medium column 3–4."
"EU_Policy_Alignment","Decarbonisation_Outcome","Medium","High emissions","-1","4","EU policy alignment is a major driver of German decarbonisation; Low supports high emissions and hinders net-zero (±2), High does the opposite; Medium supports medium outcome (+1) and slight move toward net-zero (+1); corner cells confidence 5, medium column 3–4."
"EU_Policy_Alignment","Decarbonisation_Outcome","Medium","Medium","1","4","EU policy alignment is a major driver of German decarbonisation; Low supports high emissions and hinders net-zero (±2), High does the opposite; Medium supports medium outcome (+1) and slight move toward net-zero (+1); corner cells confidence 5, medium column 3–4."
"EU_Policy_Alignment","Decarbonisation_Outcome","Medium","Net-zero aligned","1","4","EU policy alignment is a major driver of German decarbonisation; Low supports high emissions and hinders net-zero (±2), High does the opposite; Medium supports medium outcome (+1) and slight move toward net-zero (+1); corner cells confidence 5, medium column 3–4."
"EU_Policy_Alignment","Decarbonisation_Outcome","High","High emissions","-2","5","EU policy alignment is a major driver of German decarbonisation; Low supports high emissions and hinders net-zero (±2), High does the opposite; Medium supports medium outcome (+1) and slight move toward net-zero (+1); corner cells confidence 5, medium column 3–4."
"EU_Policy_Alignment","Decarbonisation_Outcome","High","Medium","-1","4","EU policy alignment is a major driver of German decarbonisation; Low supports high emissions and hinders net-zero (±2), High does the opposite; Medium supports medium outcome (+1) and slight move toward net-zero (+1); corner cells confidence 5, medium column 3–4."
"EU_Policy_Alignment","Decarbonisation_Outcome","High","Net-zero aligned","2","5","EU policy alignment is a major driver of German decarbonisation; Low supports high emissions and hinders net-zero (±2), High does the opposite; Medium supports medium outcome (+1) and slight move toward net-zero (+1); corner cells confidence 5, medium column 3–4."
"EU_Policy_Alignment","Policy_Stringency","Low","Low","2","4","EU alignment acts as driver and floor for German stringency: diagonal cells supported (Low→Low +2, Medium→Medium +1, High→High +2); opposite corners hinder (Low→High and High→Low both -2); remaining off-diagonal cells modest (e.g. Low→Medium -1, Medium→High +1, High→Medium 0). Confidence 3–4 throughout; no material influence only in High→Medium (0, Conf 3)."
"EU_Policy_Alignment","Policy_Stringency","Low","Medium","-1","3","EU alignment acts as driver and floor for German stringency: diagonal cells supported (Low→Low +2, Medium→Medium +1, High→High +2); opposite corners hinder (Low→High and High→Low both -2); remaining off-diagonal cells modest (e.g. Low→Medium -1, Medium→High +1, High→Medium 0). Confidence 3–4 throughout; no material influence only in High→Medium (0, Conf 3)."
"EU_Policy_Alignment","Policy_Stringency","Low","High","-2","4","EU alignment acts as driver and floor for German stringency: diagonal cells supported (Low→Low +2, Medium→Medium +1, High→High +2); opposite corners hinder (Low→High and High→Low both -2); remaining off-diagonal cells modest (e.g. Low→Medium -1, Medium→High +1, High→Medium 0). Confidence 3–4 throughout; no material influence only in High→Medium (0, Conf 3)."
"EU_Policy_Alignment","Policy_Stringency","Medium","Low","-1","3","EU alignment acts as driver and floor for German stringency: diagonal cells supported (Low→Low +2, Medium→Medium +1, High→High +2); opposite corners hinder (Low→High and High→Low both -2); remaining off-diagonal cells modest (e.g. Low→Medium -1, Medium→High +1, High→Medium 0). Confidence 3–4 throughout; no material influence only in High→Medium (0, Conf 3)."
"EU_Policy_Alignment","Policy_Stringency","Medium","Medium","1","4","EU alignment acts as driver and floor for German stringency: diagonal cells supported (Low→Low +2, Medium→Medium +1, High→High +2); opposite corners hinder (Low→High and High→Low both -2); remaining off-diagonal cells modest (e.g. Low→Medium -1, Medium→High +1, High→Medium 0). Confidence 3–4 throughout; no material influence only in High→Medium (0, Conf 3)."
"EU_Policy_Alignment","Policy_Stringency","Medium","High","1","3","EU alignment acts as driver and floor for German stringency: diagonal cells supported (Low→Low +2, Medium→Medium +1, High→High +2); opposite corners hinder (Low→High and High→Low both -2); remaining off-diagonal cells modest (e.g. Low→Medium -1, Medium→High +1, High→Medium 0). Confidence 3–4 throughout; no material influence only in High→Medium (0, Conf 3)."
"EU_Policy_Alignment","Policy_Stringency","High","Low","-2","4","EU alignment acts as driver and floor for German stringency: diagonal cells supported (Low→Low +2, Medium→Medium +1, High→High +2); opposite corners hinder (Low→High and High→Low both -2); remaining off-diagonal cells modest (e.g. Low→Medium -1, Medium→High +1, High→Medium 0). Confidence 3–4 throughout; no material influence only in High→Medium (0, Conf 3)."
"EU_Policy_Alignment","Policy_Stringency","High","Medium","0","3","EU alignment acts as driver and floor for German stringency: diagonal cells supported (Low→Low +2, Medium→Medium +1, High→High +2); opposite corners hinder (Low→High and High→Low both -2); remaining off-diagonal cells modest (e.g. Low→Medium -1, Medium→High +1, High→Medium 0). Confidence 3–4 throughout; no material influence only in High→Medium (0, Conf 3)."
"EU_Policy_Alignment","Policy_Stringency","High","High","2","4","EU alignment acts as driver and floor for German stringency: diagonal cells supported (Low→Low +2, Medium→Medium +1, High→High +2); opposite corners hinder (Low→High and High→Low both -2); remaining off-diagonal cells modest (e.g. Low→Medium -1, Medium→High +1, High→Medium 0). Confidence 3–4 throughout; no material influence only in High→Medium (0, Conf 3)."
"EU_Policy_Alignment","Permitting_Pace","Low","Slow","2","4","High EU–Germany policy alignment supports fast permitting and hinders slow (EU directives and pressure); low alignment supports slow and hinders fast; medium alignment aligns with medium permitting and weakly supports fast; confidence 4 on corner cells, 3 elsewhere."
"EU_Policy_Alignment","Permitting_Pace","Low","Medium","0","3","High EU–Germany policy alignment supports fast permitting and hinders slow (EU directives and pressure); low alignment supports slow and hinders fast; medium alignment aligns with medium permitting and weakly supports fast; confidence 4 on corner cells, 3 elsewhere."
"EU_Policy_Alignment","Permitting_Pace","Low","Fast","-2","4","High EU–Germany policy alignment supports fast permitting and hinders slow (EU directives and pressure); low alignment supports slow and hinders fast; medium alignment aligns with medium permitting and weakly supports fast; confidence 4 on corner cells, 3 elsewhere."
"EU_Policy_Alignment","Permitting_Pace","Medium","Slow","-1","3","High EU–Germany policy alignment supports fast permitting and hinders slow (EU directives and pressure); low alignment supports slow and hinders fast; medium alignment aligns with medium permitting and weakly supports fast; confidence 4 on corner cells, 3 elsewhere."
"EU_Policy_Alignment","Permitting_Pace","Medium","Medium","1","3","High EU–Germany policy alignment supports fast permitting and hinders slow (EU directives and pressure); low alignment supports slow and hinders fast; medium alignment aligns with medium permitting and weakly supports fast; confidence 4 on corner cells, 3 elsewhere."
"EU_Policy_Alignment","Permitting_Pace","Medium","Fast","1","3","High EU–Germany policy alignment supports fast permitting and hinders slow (EU directives and pressure); low alignment supports slow and hinders fast; medium alignment aligns with medium permitting and weakly supports fast; confidence 4 on corner cells, 3 elsewhere."
"EU_Policy_Alignment","Permitting_Pace","High","Slow","-2","4","High EU–Germany policy alignment supports fast permitting and hinders slow (EU directives and pressure); low alignment supports slow and hinders fast; medium alignment aligns with medium permitting and weakly supports fast; confidence 4 on corner cells, 3 elsewhere."
"EU_Policy_Alignment","Permitting_Pace","High","Medium","0","3","High EU–Germany policy alignment supports fast permitting and hinders slow (EU directives and pressure); low alignment supports slow and hinders fast; medium alignment aligns with medium permitting and weakly supports fast; confidence 4 on corner cells, 3 elsewhere."
"EU_Policy_Alignment","Permitting_Pace","High","Fast","2","4","High EU–Germany policy alignment supports fast permitting and hinders slow (EU directives and pressure); low alignment supports slow and hinders fast; medium alignment aligns with medium permitting and weakly supports fast; confidence 4 on corner cells, 3 elsewhere."
"EU_Policy_Alignment","Renewables_Deployment","Low","Low","2","4","EU alignment supports congruent DE renewables levels (Low→Low +2, Medium→Medium +2, High→High +3) and hinders opposite outcomes (High→Low and Low→High −2); Medium supports Medium and weakly supports High (+1); confidences 4 where evidence is strong (diagonal and main conflicts), 3 where mixed; panel chose −2 not −3 for conflicts to allow for national factors."
"EU_Policy_Alignment","Renewables_Deployment","Low","Medium","-1","3","EU alignment supports congruent DE renewables levels (Low→Low +2, Medium→Medium +2, High→High +3) and hinders opposite outcomes (High→Low and Low→High −2); Medium supports Medium and weakly supports High (+1); confidences 4 where evidence is strong (diagonal and main conflicts), 3 where mixed; panel chose −2 not −3 for conflicts to allow for national factors."
"EU_Policy_Alignment","Renewables_Deployment","Low","High","-2","4","EU alignment supports congruent DE renewables levels (Low→Low +2, Medium→Medium +2, High→High +3) and hinders opposite outcomes (High→Low and Low→High −2); Medium supports Medium and weakly supports High (+1); confidences 4 where evidence is strong (diagonal and main conflicts), 3 where mixed; panel chose −2 not −3 for conflicts to allow for national factors."
"EU_Policy_Alignment","Renewables_Deployment","Medium","Low","-1","3","EU alignment supports congruent DE renewables levels (Low→Low +2, Medium→Medium +2, High→High +3) and hinders opposite outcomes (High→Low and Low→High −2); Medium supports Medium and weakly supports High (+1); confidences 4 where evidence is strong (diagonal and main conflicts), 3 where mixed; panel chose −2 not −3 for conflicts to allow for national factors."
"EU_Policy_Alignment","Renewables_Deployment","Medium","Medium","2","4","EU alignment supports congruent DE renewables levels (Low→Low +2, Medium→Medium +2, High→High +3) and hinders opposite outcomes (High→Low and Low→High −2); Medium supports Medium and weakly supports High (+1); confidences 4 where evidence is strong (diagonal and main conflicts), 3 where mixed; panel chose −2 not −3 for conflicts to allow for national factors."
"EU_Policy_Alignment","Renewables_Deployment","Medium","High","1","3","EU alignment supports congruent DE renewables levels (Low→Low +2, Medium→Medium +2, High→High +3) and hinders opposite outcomes (High→Low and Low→High −2); Medium supports Medium and weakly supports High (+1); confidences 4 where evidence is strong (diagonal and main conflicts), 3 where mixed; panel chose −2 not −3 for conflicts to allow for national factors."
"EU_Policy_Alignment","Renewables_Deployment","High","Low","-2","4","EU alignment supports congruent DE renewables levels (Low→Low +2, Medium→Medium +2, High→High +3) and hinders opposite outcomes (High→Low and Low→High −2); Medium supports Medium and weakly supports High (+1); confidences 4 where evidence is strong (diagonal and main conflicts), 3 where mixed; panel chose −2 not −3 for conflicts to allow for national factors."
"EU_Policy_Alignment","Renewables_Deployment","High","Medium","0","3","EU alignment supports congruent DE renewables levels (Low→Low +2, Medium→Medium +2, High→High +3) and hinders opposite outcomes (High→Low and Low→High −2); Medium supports Medium and weakly supports High (+1); confidences 4 where evidence is strong (diagonal and main conflicts), 3 where mixed; panel chose −2 not −3 for conflicts to allow for national factors."
"EU_Policy_Alignment","Renewables_Deployment","High","High","3","4","EU alignment supports congruent DE renewables levels (Low→Low +2, Medium→Medium +2, High→High +3) and hinders opposite outcomes (High→Low and Low→High −2); Medium supports Medium and weakly supports High (+1); confidences 4 where evidence is strong (diagonal and main conflicts), 3 where mixed; panel chose −2 not −3 for conflicts to allow for national factors."
"EU_Policy_Alignment","Technology_Costs","Low","High","2","4","Strong EU–Germany policy alignment drives scale and deployment and supports lower technology costs; weak alignment supports high costs; diagonal logic (Low→High, Medium→Medium, High→Low) with confidence 4 on main cells and 3 on off-diagonals."
"EU_Policy_Alignment","Technology_Costs","Low","Medium","1","3","Strong EU–Germany policy alignment drives scale and deployment and supports lower technology costs; weak alignment supports high costs; diagonal logic (Low→High, Medium→Medium, High→Low) with confidence 4 on main cells and 3 on off-diagonals."
"EU_Policy_Alignment","Technology_Costs","Low","Low","-2","4","Strong EU–Germany policy alignment drives scale and deployment and supports lower technology costs; weak alignment supports high costs; diagonal logic (Low→High, Medium→Medium, High→Low) with confidence 4 on main cells and 3 on off-diagonals."
"EU_Policy_Alignment","Technology_Costs","Medium","High","-1","3","Strong EU–Germany policy alignment drives scale and deployment and supports lower technology costs; weak alignment supports high costs; diagonal logic (Low→High, Medium→Medium, High→Low) with confidence 4 on main cells and 3 on off-diagonals."
"EU_Policy_Alignment","Technology_Costs","Medium","Medium","2","4","Strong EU–Germany policy alignment drives scale and deployment and supports lower technology costs; weak alignment supports high costs; diagonal logic (Low→High, Medium→Medium, High→Low) with confidence 4 on main cells and 3 on off-diagonals."
"EU_Policy_Alignment","Technology_Costs","Medium","Low","1","3","Strong EU–Germany policy alignment drives scale and deployment and supports lower technology costs; weak alignment supports high costs; diagonal logic (Low→High, Medium→Medium, High→Low) with confidence 4 on main cells and 3 on off-diagonals."
"EU_Policy_Alignment","Technology_Costs","High","High","-2","4","Strong EU–Germany policy alignment drives scale and deployment and supports lower technology costs; weak alignment supports high costs; diagonal logic (Low→High, Medium→Medium, High→Low) with confidence 4 on main cells and 3 on off-diagonals."
"EU_Policy_Alignment","Technology_Costs","High","Medium","1","3","Strong EU–Germany policy alignment drives scale and deployment and supports lower technology costs; weak alignment supports high costs; diagonal logic (Low→High, Medium→Medium, High→Low) with confidence 4 on main cells and 3 on off-diagonals."
"EU_Policy_Alignment","Technology_Costs","High","Low","2","4","Strong EU–Germany policy alignment drives scale and deployment and supports lower technology costs; weak alignment supports high costs; diagonal logic (Low→High, Medium→Medium, High→Low) with confidence 4 on main cells and 3 on off-diagonals."
"EU_Policy_Alignment","Hydrogen_Role","Low","Limited","2","4","EU–Germany policy alignment drives hydrogen role in DE: Low supports Limited and hinders Major; High supports Major and hinders Limited; Medium supports Moderate; diagonal and opposite-corner cells confidence 4–5, mixed cells 3."
"EU_Policy_Alignment","Hydrogen_Role","Low","Moderate","0","3","EU–Germany policy alignment drives hydrogen role in DE: Low supports Limited and hinders Major; High supports Major and hinders Limited; Medium supports Moderate; diagonal and opposite-corner cells confidence 4–5, mixed cells 3."
"EU_Policy_Alignment","Hydrogen_Role","Low","Major","-2","4","EU–Germany policy alignment drives hydrogen role in DE: Low supports Limited and hinders Major; High supports Major and hinders Limited; Medium supports Moderate; diagonal and opposite-corner cells confidence 4–5, mixed cells 3."
"EU_Policy_Alignment","Hydrogen_Role","Medium","Limited","0","3","EU–Germany policy alignment drives hydrogen role in DE: Low supports Limited and hinders Major; High supports Major and hinders Limited; Medium supports Moderate; diagonal and opposite-corner cells confidence 4–5, mixed cells 3."
"EU_Policy_Alignment","Hydrogen_Role","Medium","Moderate","2","4","EU–Germany policy alignment drives hydrogen role in DE: Low supports Limited and hinders Major; High supports Major and hinders Limited; Medium supports Moderate; diagonal and opposite-corner cells confidence 4–5, mixed cells 3."
"EU_Policy_Alignment","Hydrogen_Role","Medium","Major","1","3","EU–Germany policy alignment drives hydrogen role in DE: Low supports Limited and hinders Major; High supports Major and hinders Limited; Medium supports Moderate; diagonal and opposite-corner cells confidence 4–5, mixed cells 3."
"EU_Policy_Alignment","Hydrogen_Role","High","Limited","-2","4","EU–Germany policy alignment drives hydrogen role in DE: Low supports Limited and hinders Major; High supports Major and hinders Limited; Medium supports Moderate; diagonal and opposite-corner cells confidence 4–5, mixed cells 3."
"EU_Policy_Alignment","Hydrogen_Role","High","Moderate","1","4","EU–Germany policy alignment drives hydrogen role in DE: Low supports Limited and hinders Major; High supports Major and hinders Limited; Medium supports Moderate; diagonal and opposite-corner cells confidence 4–5, mixed cells 3."
"EU_Policy_Alignment","Hydrogen_Role","High","Major","2","5","EU–Germany policy alignment drives hydrogen role in DE: Low supports Limited and hinders Major; High supports Major and hinders Limited; Medium supports Moderate; diagonal and opposite-corner cells confidence 4–5, mixed cells 3."
"EU_Policy_Alignment","Grid_Development","Low","Lagging","2","4","EU–Germany policy alignment (TEN-E, PCI, funding, harmonisation) drives German grid development: Low supports Lagging and hinders Strong; High hinders Lagging and supports Strong; Medium supports Moderate and some progress to Strong; confidence 4 where direction is clear, 3 where domestic factors dilute the link."
"EU_Policy_Alignment","Grid_Development","Low","Moderate","0","3","EU–Germany policy alignment (TEN-E, PCI, funding, harmonisation) drives German grid development: Low supports Lagging and hinders Strong; High hinders Lagging and supports Strong; Medium supports Moderate and some progress to Strong; confidence 4 where direction is clear, 3 where domestic factors dilute the link."
"EU_Policy_Alignment","Grid_Development","Low","Strong","-2","4","EU–Germany policy alignment (TEN-E, PCI, funding, harmonisation) drives German grid development: Low supports Lagging and hinders Strong; High hinders Lagging and supports Strong; Medium supports Moderate and some progress to Strong; confidence 4 where direction is clear, 3 where domestic factors dilute the link."
"EU_Policy_Alignment","Grid_Development","Medium","Lagging","-1","3","EU–Germany policy alignment (TEN-E, PCI, funding, harmonisation) drives German grid development: Low supports Lagging and hinders Strong; High hinders Lagging and supports Strong; Medium supports Moderate and some progress to Strong; confidence 4 where direction is clear, 3 where domestic factors dilute the link."
"EU_Policy_Alignment","Grid_Development","Medium","Moderate","1","4","EU–Germany policy alignment (TEN-E, PCI, funding, harmonisation) drives German grid development: Low supports Lagging and hinders Strong; High hinders Lagging and supports Strong; Medium supports Moderate and some progress to Strong; confidence 4 where direction is clear, 3 where domestic factors dilute the link."
"EU_Policy_Alignment","Grid_Development","Medium","Strong","1","3","EU–Germany policy alignment (TEN-E, PCI, funding, harmonisation) drives German grid development: Low supports Lagging and hinders Strong; High hinders Lagging and supports Strong; Medium supports Moderate and some progress to Strong; confidence 4 where direction is clear, 3 where domestic factors dilute the link."
"EU_Policy_Alignment","Grid_Development","High","Lagging","-2","4","EU–Germany policy alignment (TEN-E, PCI, funding, harmonisation) drives German grid development: Low supports Lagging and hinders Strong; High hinders Lagging and supports Strong; Medium supports Moderate and some progress to Strong; confidence 4 where direction is clear, 3 where domestic factors dilute the link."
"EU_Policy_Alignment","Grid_Development","High","Moderate","1","4","EU–Germany policy alignment (TEN-E, PCI, funding, harmonisation) drives German grid development: Low supports Lagging and hinders Strong; High hinders Lagging and supports Strong; Medium supports Moderate and some progress to Strong; confidence 4 where direction is clear, 3 where domestic factors dilute the link."
"EU_Policy_Alignment","Grid_Development","High","Strong","2","4","EU–Germany policy alignment (TEN-E, PCI, funding, harmonisation) drives German grid development: Low supports Lagging and hinders Strong; High hinders Lagging and supports Strong; Medium supports Moderate and some progress to Strong; confidence 4 where direction is clear, 3 where domestic factors dilute the link."
"EU_Policy_Alignment","Electrification_Pace","Low","Slow","2","4","EU policy alignment acts as a driver: Low alignment supports Slow electrification and hinders Medium/High; Medium supports Medium and slightly supports High while hindering Slow; High strongly supports High electrification and hinders Slow; diagonal cells (Low→Slow, Medium→Medium, High→High) scored as supportive with confidences 3–4; 3.1 set at -2 to reflect strong hindrance without overstating EU determinism."
"EU_Policy_Alignment","Electrification_Pace","Low","Medium","-1","4","EU policy alignment acts as a driver: Low alignment supports Slow electrification and hinders Medium/High; Medium supports Medium and slightly supports High while hindering Slow; High strongly supports High electrification and hinders Slow; diagonal cells (Low→Slow, Medium→Medium, High→High) scored as supportive with confidences 3–4; 3.1 set at -2 to reflect strong hindrance without overstating EU determinism."
"EU_Policy_Alignment","Electrification_Pace","Low","High","-2","4","EU policy alignment acts as a driver: Low alignment supports Slow electrification and hinders Medium/High; Medium supports Medium and slightly supports High while hindering Slow; High strongly supports High electrification and hinders Slow; diagonal cells (Low→Slow, Medium→Medium, High→High) scored as supportive with confidences 3–4; 3.1 set at -2 to reflect strong hindrance without overstating EU determinism."
"EU_Policy_Alignment","Electrification_Pace","Medium","Slow","-1","3","EU policy alignment acts as a driver: Low alignment supports Slow electrification and hinders Medium/High; Medium supports Medium and slightly supports High while hindering Slow; High strongly supports High electrification and hinders Slow; diagonal cells (Low→Slow, Medium→Medium, High→High) scored as supportive with confidences 3–4; 3.1 set at -2 to reflect strong hindrance without overstating EU determinism."
"EU_Policy_Alignment","Electrification_Pace","Medium","Medium","2","4","EU policy alignment acts as a driver: Low alignment supports Slow electrification and hinders Medium/High; Medium supports Medium and slightly supports High while hindering Slow; High strongly supports High electrification and hinders Slow; diagonal cells (Low→Slow, Medium→Medium, High→High) scored as supportive with confidences 3–4; 3.1 set at -2 to reflect strong hindrance without overstating EU determinism."
"EU_Policy_Alignment","Electrification_Pace","Medium","High","1","3","EU policy alignment acts as a driver: Low alignment supports Slow electrification and hinders Medium/High; Medium supports Medium and slightly supports High while hindering Slow; High strongly supports High electrification and hinders Slow; diagonal cells (Low→Slow, Medium→Medium, High→High) scored as supportive with confidences 3–4; 3.1 set at -2 to reflect strong hindrance without overstating EU determinism."
"EU_Policy_Alignment","Electrification_Pace","High","Slow","-2","4","EU policy alignment acts as a driver: Low alignment supports Slow electrification and hinders Medium/High; Medium supports Medium and slightly supports High while hindering Slow; High strongly supports High electrification and hinders Slow; diagonal cells (Low→Slow, Medium→Medium, High→High) scored as supportive with confidences 3–4; 3.1 set at -2 to reflect strong hindrance without overstating EU determinism."
"EU_Policy_Alignment","Electrification_Pace","High","Medium","1","4","EU policy alignment acts as a driver: Low alignment supports Slow electrification and hinders Medium/High; Medium supports Medium and slightly supports High while hindering Slow; High strongly supports High electrification and hinders Slow; diagonal cells (Low→Slow, Medium→Medium, High→High) scored as supportive with confidences 3–4; 3.1 set at -2 to reflect strong hindrance without overstating EU determinism."
"EU_Policy_Alignment","Electrification_Pace","High","High","3","4","EU policy alignment acts as a driver: Low alignment supports Slow electrification and hinders Medium/High; Medium supports Medium and slightly supports High while hindering Slow; High strongly supports High electrification and hinders Slow; diagonal cells (Low→Slow, Medium→Medium, High→High) scored as supportive with confidences 3–4; 3.1 set at -2 to reflect strong hindrance without overstating EU determinism."
"EU_Policy_Alignment","Industrial_Energy_Demand","Low","High","2","4","EU policy alignment and German industrial energy demand are anti-diagonally aligned: Low EU alignment supports High demand and hinders Low; High EU alignment supports Low demand and hinders High; Medium supports Medium and weakly Low; confidence 4 on main impact cells (1.1, 1.3, 2.2, 3.1, 3.3), 3 elsewhere."
"EU_Policy_Alignment","Industrial_Energy_Demand","Low","Medium","1","3","EU policy alignment and German industrial energy demand are anti-diagonally aligned: Low EU alignment supports High demand and hinders Low; High EU alignment supports Low demand and hinders High; Medium supports Medium and weakly Low; confidence 4 on main impact cells (1.1, 1.3, 2.2, 3.1, 3.3), 3 elsewhere."
"EU_Policy_Alignment","Industrial_Energy_Demand","Low","Low","-2","4","EU policy alignment and German industrial energy demand are anti-diagonally aligned: Low EU alignment supports High demand and hinders Low; High EU alignment supports Low demand and hinders High; Medium supports Medium and weakly Low; confidence 4 on main impact cells (1.1, 1.3, 2.2, 3.1, 3.3), 3 elsewhere."
"EU_Policy_Alignment","Industrial_Energy_Demand","Medium","High","-1","3","EU policy alignment and German industrial energy demand are anti-diagonally aligned: Low EU alignment supports High demand and hinders Low; High EU alignment supports Low demand and hinders High; Medium supports Medium and weakly Low; confidence 4 on main impact cells (1.1, 1.3, 2.2, 3.1, 3.3), 3 elsewhere."
"EU_Policy_Alignment","Industrial_Energy_Demand","Medium","Medium","2","4","EU policy alignment and German industrial energy demand are anti-diagonally aligned: Low EU alignment supports High demand and hinders Low; High EU alignment supports Low demand and hinders High; Medium supports Medium and weakly Low; confidence 4 on main impact cells (1.1, 1.3, 2.2, 3.1, 3.3), 3 elsewhere."
"EU_Policy_Alignment","Industrial_Energy_Demand","Medium","Low","1","3","EU policy alignment and German industrial energy demand are anti-diagonally aligned: Low EU alignment supports High demand and hinders Low; High EU alignment supports Low demand and hinders High; Medium supports Medium and weakly Low; confidence 4 on main impact cells (1.1, 1.3, 2.2, 3.1, 3.3), 3 elsewhere."
"EU_Policy_Alignment","Industrial_Energy_Demand","High","High","-2","4","EU policy alignment and German industrial energy demand are anti-diagonally aligned: Low EU alignment supports High demand and hinders Low; High EU alignment supports Low demand and hinders High; Medium supports Medium and weakly Low; confidence 4 on main impact cells (1.1, 1.3, 2.2, 3.1, 3.3), 3 elsewhere."
"EU_Policy_Alignment","Industrial_Energy_Demand","High","Medium","1","3","EU policy alignment and German industrial energy demand are anti-diagonally aligned: Low EU alignment supports High demand and hinders Low; High EU alignment supports Low demand and hinders High; Medium supports Medium and weakly Low; confidence 4 on main impact cells (1.1, 1.3, 2.2, 3.1, 3.3), 3 elsewhere."
"EU_Policy_Alignment","Industrial_Energy_Demand","High","Low","2","4","EU policy alignment and German industrial energy demand are anti-diagonally aligned: Low EU alignment supports High demand and hinders Low; High EU alignment supports Low demand and hinders High; Medium supports Medium and weakly Low; confidence 4 on main impact cells (1.1, 1.3, 2.2, 3.1, 3.3), 3 elsewhere."
"EU_Policy_Alignment","Fossil_Price_Pressure","Low","Low","2","4","EU policy alignment affects fossil price pressure via carbon pricing and regulation; diagonal supported (Low→Low, Medium→Medium, High→High); High alignment hinders Low pressure and Low alignment hinders High pressure; confidences 4 on diagonal and opposite corners, 2–3 on off-diagonals."
"EU_Policy_Alignment","Fossil_Price_Pressure","Low","Medium","0","2","EU policy alignment affects fossil price pressure via carbon pricing and regulation; diagonal supported (Low→Low, Medium→Medium, High→High); High alignment hinders Low pressure and Low alignment hinders High pressure; confidences 4 on diagonal and opposite corners, 2–3 on off-diagonals."
"EU_Policy_Alignment","Fossil_Price_Pressure","Low","High","-1","2","EU policy alignment affects fossil price pressure via carbon pricing and regulation; diagonal supported (Low→Low, Medium→Medium, High→High); High alignment hinders Low pressure and Low alignment hinders High pressure; confidences 4 on diagonal and opposite corners, 2–3 on off-diagonals."
"EU_Policy_Alignment","Fossil_Price_Pressure","Medium","Low","-1","3","EU policy alignment affects fossil price pressure via carbon pricing and regulation; diagonal supported (Low→Low, Medium→Medium, High→High); High alignment hinders Low pressure and Low alignment hinders High pressure; confidences 4 on diagonal and opposite corners, 2–3 on off-diagonals."
"EU_Policy_Alignment","Fossil_Price_Pressure","Medium","Medium","2","4","EU policy alignment affects fossil price pressure via carbon pricing and regulation; diagonal supported (Low→Low, Medium→Medium, High→High); High alignment hinders Low pressure and Low alignment hinders High pressure; confidences 4 on diagonal and opposite corners, 2–3 on off-diagonals."
"EU_Policy_Alignment","Fossil_Price_Pressure","Medium","High","1","3","EU policy alignment affects fossil price pressure via carbon pricing and regulation; diagonal supported (Low→Low, Medium→Medium, High→High); High alignment hinders Low pressure and Low alignment hinders High pressure; confidences 4 on diagonal and opposite corners, 2–3 on off-diagonals."
"EU_Policy_Alignment","Fossil_Price_Pressure","High","Low","-2","4","EU policy alignment affects fossil price pressure via carbon pricing and regulation; diagonal supported (Low→Low, Medium→Medium, High→High); High alignment hinders Low pressure and Low alignment hinders High pressure; confidences 4 on diagonal and opposite corners, 2–3 on off-diagonals."
"EU_Policy_Alignment","Fossil_Price_Pressure","High","Medium","-1","3","EU policy alignment affects fossil price pressure via carbon pricing and regulation; diagonal supported (Low→Low, Medium→Medium, High→High); High alignment hinders Low pressure and Low alignment hinders High pressure; confidences 4 on diagonal and opposite corners, 2–3 on off-diagonals."
"EU_Policy_Alignment","Fossil_Price_Pressure","High","High","2","4","EU policy alignment affects fossil price pressure via carbon pricing and regulation; diagonal supported (Low→Low, Medium→Medium, High→High); High alignment hinders Low pressure and Low alignment hinders High pressure; confidences 4 on diagonal and opposite corners, 2–3 on off-diagonals."
"EU_Policy_Alignment","Public_Acceptance","Low","Low","1","4","EU–Germany policy alignment legitimises the transition; low alignment supports low and hinders high public acceptance; high alignment hinders low and supports high acceptance; medium alignment fits medium acceptance and weakly supports high; magnitudes and confidences set accordingly."
"EU_Policy_Alignment","Public_Acceptance","Low","Medium","0","3","EU–Germany policy alignment legitimises the transition; low alignment supports low and hinders high public acceptance; high alignment hinders low and supports high acceptance; medium alignment fits medium acceptance and weakly supports high; magnitudes and confidences set accordingly."
"EU_Policy_Alignment","Public_Acceptance","Low","High","-2","4","EU–Germany policy alignment legitimises the transition; low alignment supports low and hinders high public acceptance; high alignment hinders low and supports high acceptance; medium alignment fits medium acceptance and weakly supports high; magnitudes and confidences set accordingly."
"EU_Policy_Alignment","Public_Acceptance","Medium","Low","-1","3","EU–Germany policy alignment legitimises the transition; low alignment supports low and hinders high public acceptance; high alignment hinders low and supports high acceptance; medium alignment fits medium acceptance and weakly supports high; magnitudes and confidences set accordingly."
"EU_Policy_Alignment","Public_Acceptance","Medium","Medium","1","3","EU–Germany policy alignment legitimises the transition; low alignment supports low and hinders high public acceptance; high alignment hinders low and supports high acceptance; medium alignment fits medium acceptance and weakly supports high; magnitudes and confidences set accordingly."
"EU_Policy_Alignment","Public_Acceptance","Medium","High","1","3","EU–Germany policy alignment legitimises the transition; low alignment supports low and hinders high public acceptance; high alignment hinders low and supports high acceptance; medium alignment fits medium acceptance and weakly supports high; magnitudes and confidences set accordingly."
"EU_Policy_Alignment","Public_Acceptance","High","Low","-2","4","EU–Germany policy alignment legitimises the transition; low alignment supports low and hinders high public acceptance; high alignment hinders low and supports high acceptance; medium alignment fits medium acceptance and weakly supports high; magnitudes and confidences set accordingly."
"EU_Policy_Alignment","Public_Acceptance","High","Medium","-1","3","EU–Germany policy alignment legitimises the transition; low alignment supports low and hinders high public acceptance; high alignment hinders low and supports high acceptance; medium alignment fits medium acceptance and weakly supports high; magnitudes and confidences set accordingly."
"EU_Policy_Alignment","Public_Acceptance","High","High","2","4","EU–Germany policy alignment legitimises the transition; low alignment supports low and hinders high public acceptance; high alignment hinders low and supports high acceptance; medium alignment fits medium acceptance and weakly supports high; magnitudes and confidences set accordingly."
"EU_Policy_Alignment","Land_Use_Conflict","Low","High","2","4","High EU–Germany policy alignment supports lower land-use conflict (common rules, spatial planning, compensation); Low alignment supports higher conflict; Medium alignment has mixed, weaker effects; confidence 4 on main diagonal cells, 3 elsewhere."
"EU_Policy_Alignment","Land_Use_Conflict","Low","Medium","1","3","High EU–Germany policy alignment supports lower land-use conflict (common rules, spatial planning, compensation); Low alignment supports higher conflict; Medium alignment has mixed, weaker effects; confidence 4 on main diagonal cells, 3 elsewhere."
"EU_Policy_Alignment","Land_Use_Conflict","Low","Low","-2","4","High EU–Germany policy alignment supports lower land-use conflict (common rules, spatial planning, compensation); Low alignment supports higher conflict; Medium alignment has mixed, weaker effects; confidence 4 on main diagonal cells, 3 elsewhere."
"EU_Policy_Alignment","Land_Use_Conflict","Medium","High","-1","3","High EU–Germany policy alignment supports lower land-use conflict (common rules, spatial planning, compensation); Low alignment supports higher conflict; Medium alignment has mixed, weaker effects; confidence 4 on main diagonal cells, 3 elsewhere."
"EU_Policy_Alignment","Land_Use_Conflict","Medium","Medium","1","3","High EU–Germany policy alignment supports lower land-use conflict (common rules, spatial planning, compensation); Low alignment supports higher conflict; Medium alignment has mixed, weaker effects; confidence 4 on main diagonal cells, 3 elsewhere."
"EU_Policy_Alignment","Land_Use_Conflict","Medium","Low","1","3","High EU–Germany policy alignment supports lower land-use conflict (common rules, spatial planning, compensation); Low alignment supports higher conflict; Medium alignment has mixed, weaker effects; confidence 4 on main diagonal cells, 3 elsewhere."
"EU_Policy_Alignment","Land_Use_Conflict","High","High","-2","4","High EU–Germany policy alignment supports lower land-use conflict (common rules, spatial planning, compensation); Low alignment supports higher conflict; Medium alignment has mixed, weaker effects; confidence 4 on main diagonal cells, 3 elsewhere."
"EU_Policy_Alignment","Land_Use_Conflict","High","Medium","-1","3","High EU–Germany policy alignment supports lower land-use conflict (common rules, spatial planning, compensation); Low alignment supports higher conflict; Medium alignment has mixed, weaker effects; confidence 4 on main diagonal cells, 3 elsewhere."
"EU_Policy_Alignment","Land_Use_Conflict","High","Low","2","4","High EU–Germany policy alignment supports lower land-use conflict (common rules, spatial planning, compensation); Low alignment supports higher conflict; Medium alignment has mixed, weaker effects; confidence 4 on main diagonal cells, 3 elsewhere."
"EU_Policy_Alignment","Energy_Security_Pressure","Low","Low","-2","4","High EU–Germany policy alignment supports low energy security pressure and hinders high pressure; low alignment does the opposite; confidences 4 on extreme cells (1.1, 1.3, 3.1, 3.3), 3 elsewhere."
"EU_Policy_Alignment","Energy_Security_Pressure","Low","Medium","1","3","High EU–Germany policy alignment supports low energy security pressure and hinders high pressure; low alignment does the opposite; confidences 4 on extreme cells (1.1, 1.3, 3.1, 3.3), 3 elsewhere."
"EU_Policy_Alignment","Energy_Security_Pressure","Low","High","2","4","High EU–Germany policy alignment supports low energy security pressure and hinders high pressure; low alignment does the opposite; confidences 4 on extreme cells (1.1, 1.3, 3.1, 3.3), 3 elsewhere."
"EU_Policy_Alignment","Energy_Security_Pressure","Medium","Low","1","3","High EU–Germany policy alignment supports low energy security pressure and hinders high pressure; low alignment does the opposite; confidences 4 on extreme cells (1.1, 1.3, 3.1, 3.3), 3 elsewhere."
"EU_Policy_Alignment","Energy_Security_Pressure","Medium","Medium","2","3","High EU–Germany policy alignment supports low energy security pressure and hinders high pressure; low alignment does the opposite; confidences 4 on extreme cells (1.1, 1.3, 3.1, 3.3), 3 elsewhere."
"EU_Policy_Alignment","Energy_Security_Pressure","Medium","High","-1","3","High EU–Germany policy alignment supports low energy security pressure and hinders high pressure; low alignment does the opposite; confidences 4 on extreme cells (1.1, 1.3, 3.1, 3.3), 3 elsewhere."
"EU_Policy_Alignment","Energy_Security_Pressure","High","Low","3","4","High EU–Germany policy alignment supports low energy security pressure and hinders high pressure; low alignment does the opposite; confidences 4 on extreme cells (1.1, 1.3, 3.1, 3.3), 3 elsewhere."
"EU_Policy_Alignment","Energy_Security_Pressure","High","Medium","-1","3","High EU–Germany policy alignment supports low energy security pressure and hinders high pressure; low alignment does the opposite; confidences 4 on extreme cells (1.1, 1.3, 3.1, 3.3), 3 elsewhere."
"EU_Policy_Alignment","Energy_Security_Pressure","High","High","-2","4","High EU–Germany policy alignment supports low energy security pressure and hinders high pressure; low alignment does the opposite; confidences 4 on extreme cells (1.1, 1.3, 3.1, 3.3), 3 elsewhere."
"EU_Policy_Alignment","Investment_Availability","Low","Low","2","4","EU–Germany policy alignment drives investment availability via regulatory certainty and green finance; diagonal (Low→Low, High→High) supported, off-diagonal (Low→High, High→Low) opposed; confidences higher on extremes and diagonal."
"EU_Policy_Alignment","Investment_Availability","Low","Medium","-1","4","EU–Germany policy alignment drives investment availability via regulatory certainty and green finance; diagonal (Low→Low, High→High) supported, off-diagonal (Low→High, High→Low) opposed; confidences higher on extremes and diagonal."
"EU_Policy_Alignment","Investment_Availability","Low","High","-2","5","EU–Germany policy alignment drives investment availability via regulatory certainty and green finance; diagonal (Low→Low, High→High) supported, off-diagonal (Low→High, High→Low) opposed; confidences higher on extremes and diagonal."
"EU_Policy_Alignment","Investment_Availability","Medium","Low","-1","3","EU–Germany policy alignment drives investment availability via regulatory certainty and green finance; diagonal (Low→Low, High→High) supported, off-diagonal (Low→High, High→Low) opposed; confidences higher on extremes and diagonal."
"EU_Policy_Alignment","Investment_Availability","Medium","Medium","2","4","EU–Germany policy alignment drives investment availability via regulatory certainty and green finance; diagonal (Low→Low, High→High) supported, off-diagonal (Low→High, High→Low) opposed; confidences higher on extremes and diagonal."
"EU_Policy_Alignment","Investment_Availability","Medium","High","1","4","EU–Germany policy alignment drives investment availability via regulatory certainty and green finance; diagonal (Low→Low, High→High) supported, off-diagonal (Low→High, High→Low) opposed; confidences higher on extremes and diagonal."
"EU_Policy_Alignment","Investment_Availability","High","Low","-2","5","EU–Germany policy alignment drives investment availability via regulatory certainty and green finance; diagonal (Low→Low, High→High) supported, off-diagonal (Low→High, High→Low) opposed; confidences higher on extremes and diagonal."
"EU_Policy_Alignment","Investment_Availability","High","Medium","-1","3","EU–Germany policy alignment drives investment availability via regulatory certainty and green finance; diagonal (Low→Low, High→High) supported, off-diagonal (Low→High, High→Low) opposed; confidences higher on extremes and diagonal."
"EU_Policy_Alignment","Investment_Availability","High","High","2","5","EU–Germany policy alignment drives investment availability via regulatory certainty and green finance; diagonal (Low→Low, High→High) supported, off-diagonal (Low→High, High→Low) opposed; confidences higher on extremes and diagonal."
"Energy_Security_Pressure","Decarbonisation_Outcome","Low","High emissions","2","4","Low security pressure supports high emissions and hinders net-zero; high pressure hinders high emissions and supports net-zero; medium pressure has intermediate effects; confidences 4 for corner cells (strong evidence), 3 for middle cells."
"Energy_Security_Pressure","Decarbonisation_Outcome","Low","Medium","0","3","Low security pressure supports high emissions and hinders net-zero; high pressure hinders high emissions and supports net-zero; medium pressure has intermediate effects; confidences 4 for corner cells (strong evidence), 3 for middle cells."
"Energy_Security_Pressure","Decarbonisation_Outcome","Low","Net-zero aligned","-2","4","Low security pressure supports high emissions and hinders net-zero; high pressure hinders high emissions and supports net-zero; medium pressure has intermediate effects; confidences 4 for corner cells (strong evidence), 3 for middle cells."
"Energy_Security_Pressure","Decarbonisation_Outcome","Medium","High emissions","-1","3","Low security pressure supports high emissions and hinders net-zero; high pressure hinders high emissions and supports net-zero; medium pressure has intermediate effects; confidences 4 for corner cells (strong evidence), 3 for middle cells."
"Energy_Security_Pressure","Decarbonisation_Outcome","Medium","Medium","1","3","Low security pressure supports high emissions and hinders net-zero; high pressure hinders high emissions and supports net-zero; medium pressure has intermediate effects; confidences 4 for corner cells (strong evidence), 3 for middle cells."
"Energy_Security_Pressure","Decarbonisation_Outcome","Medium","Net-zero aligned","1","3","Low security pressure supports high emissions and hinders net-zero; high pressure hinders high emissions and supports net-zero; medium pressure has intermediate effects; confidences 4 for corner cells (strong evidence), 3 for middle cells."
"Energy_Security_Pressure","Decarbonisation_Outcome","High","High emissions","-2","4","Low security pressure supports high emissions and hinders net-zero; high pressure hinders high emissions and supports net-zero; medium pressure has intermediate effects; confidences 4 for corner cells (strong evidence), 3 for middle cells."
"Energy_Security_Pressure","Decarbonisation_Outcome","High","Medium","0","3","Low security pressure supports high emissions and hinders net-zero; high pressure hinders high emissions and supports net-zero; medium pressure has intermediate effects; confidences 4 for corner cells (strong evidence), 3 for middle cells."
"Energy_Security_Pressure","Decarbonisation_Outcome","High","Net-zero aligned","2","4","Low security pressure supports high emissions and hinders net-zero; high pressure hinders high emissions and supports net-zero; medium pressure has intermediate effects; confidences 4 for corner cells (strong evidence), 3 for middle cells."
"Energy_Security_Pressure","Policy_Stringency","Low","Low","2","4","Energy security pressure (EU/GL) drives German policy stringency: low pressure supports low stringency (1.1 +2) and hinders high (1.3 −2); high pressure strongly hinders low (3.1 −3) and supports high (3.3 +2); diagonal and main off-diagonals agreed with confidence 3–5; 3.3 set to +2 to allow for short-term fossil or acceptance limits."
"Energy_Security_Pressure","Policy_Stringency","Low","Medium","0","3","Energy security pressure (EU/GL) drives German policy stringency: low pressure supports low stringency (1.1 +2) and hinders high (1.3 −2); high pressure strongly hinders low (3.1 −3) and supports high (3.3 +2); diagonal and main off-diagonals agreed with confidence 3–5; 3.3 set to +2 to allow for short-term fossil or acceptance limits."
"Energy_Security_Pressure","Policy_Stringency","Low","High","-2","4","Energy security pressure (EU/GL) drives German policy stringency: low pressure supports low stringency (1.1 +2) and hinders high (1.3 −2); high pressure strongly hinders low (3.1 −3) and supports high (3.3 +2); diagonal and main off-diagonals agreed with confidence 3–5; 3.3 set to +2 to allow for short-term fossil or acceptance limits."
"Energy_Security_Pressure","Policy_Stringency","Medium","Low","-1","3","Energy security pressure (EU/GL) drives German policy stringency: low pressure supports low stringency (1.1 +2) and hinders high (1.3 −2); high pressure strongly hinders low (3.1 −3) and supports high (3.3 +2); diagonal and main off-diagonals agreed with confidence 3–5; 3.3 set to +2 to allow for short-term fossil or acceptance limits."
"Energy_Security_Pressure","Policy_Stringency","Medium","Medium","1","4","Energy security pressure (EU/GL) drives German policy stringency: low pressure supports low stringency (1.1 +2) and hinders high (1.3 −2); high pressure strongly hinders low (3.1 −3) and supports high (3.3 +2); diagonal and main off-diagonals agreed with confidence 3–5; 3.3 set to +2 to allow for short-term fossil or acceptance limits."
"Energy_Security_Pressure","Policy_Stringency","Medium","High","1","3","Energy security pressure (EU/GL) drives German policy stringency: low pressure supports low stringency (1.1 +2) and hinders high (1.3 −2); high pressure strongly hinders low (3.1 −3) and supports high (3.3 +2); diagonal and main off-diagonals agreed with confidence 3–5; 3.3 set to +2 to allow for short-term fossil or acceptance limits."
"Energy_Security_Pressure","Policy_Stringency","High","Low","-3","5","Energy security pressure (EU/GL) drives German policy stringency: low pressure supports low stringency (1.1 +2) and hinders high (1.3 −2); high pressure strongly hinders low (3.1 −3) and supports high (3.3 +2); diagonal and main off-diagonals agreed with confidence 3–5; 3.3 set to +2 to allow for short-term fossil or acceptance limits."
"Energy_Security_Pressure","Policy_Stringency","High","Medium","1","4","Energy security pressure (EU/GL) drives German policy stringency: low pressure supports low stringency (1.1 +2) and hinders high (1.3 −2); high pressure strongly hinders low (3.1 −3) and supports high (3.3 +2); diagonal and main off-diagonals agreed with confidence 3–5; 3.3 set to +2 to allow for short-term fossil or acceptance limits."
"Energy_Security_Pressure","Policy_Stringency","High","High","2","5","Energy security pressure (EU/GL) drives German policy stringency: low pressure supports low stringency (1.1 +2) and hinders high (1.3 −2); high pressure strongly hinders low (3.1 −3) and supports high (3.3 +2); diagonal and main off-diagonals agreed with confidence 3–5; 3.3 set to +2 to allow for short-term fossil or acceptance limits."
"Energy_Security_Pressure","Permitting_Pace","Low","Slow","2","4","High energy security pressure strongly supports Fast permitting and strongly hinders Slow; Low pressure supports Slow and hinders Fast; Medium pressure favours Medium/Fast. Diagonal and extremes have highest confidence; off-diagonal cells moderate."
"Energy_Security_Pressure","Permitting_Pace","Low","Medium","0","3","High energy security pressure strongly supports Fast permitting and strongly hinders Slow; Low pressure supports Slow and hinders Fast; Medium pressure favours Medium/Fast. Diagonal and extremes have highest confidence; off-diagonal cells moderate."
"Energy_Security_Pressure","Permitting_Pace","Low","Fast","-1","3","High energy security pressure strongly supports Fast permitting and strongly hinders Slow; Low pressure supports Slow and hinders Fast; Medium pressure favours Medium/Fast. Diagonal and extremes have highest confidence; off-diagonal cells moderate."
"Energy_Security_Pressure","Permitting_Pace","Medium","Slow","-1","3","High energy security pressure strongly supports Fast permitting and strongly hinders Slow; Low pressure supports Slow and hinders Fast; Medium pressure favours Medium/Fast. Diagonal and extremes have highest confidence; off-diagonal cells moderate."
"Energy_Security_Pressure","Permitting_Pace","Medium","Medium","1","3","High energy security pressure strongly supports Fast permitting and strongly hinders Slow; Low pressure supports Slow and hinders Fast; Medium pressure favours Medium/Fast. Diagonal and extremes have highest confidence; off-diagonal cells moderate."
"Energy_Security_Pressure","Permitting_Pace","Medium","Fast","1","3","High energy security pressure strongly supports Fast permitting and strongly hinders Slow; Low pressure supports Slow and hinders Fast; Medium pressure favours Medium/Fast. Diagonal and extremes have highest confidence; off-diagonal cells moderate."
"Energy_Security_Pressure","Permitting_Pace","High","Slow","-3","5","High energy security pressure strongly supports Fast permitting and strongly hinders Slow; Low pressure supports Slow and hinders Fast; Medium pressure favours Medium/Fast. Diagonal and extremes have highest confidence; off-diagonal cells moderate."
"Energy_Security_Pressure","Permitting_Pace","High","Medium","-1","4","High energy security pressure strongly supports Fast permitting and strongly hinders Slow; Low pressure supports Slow and hinders Fast; Medium pressure favours Medium/Fast. Diagonal and extremes have highest confidence; off-diagonal cells moderate."
"Energy_Security_Pressure","Permitting_Pace","High","Fast","3","5","High energy security pressure strongly supports Fast permitting and strongly hinders Slow; Low pressure supports Slow and hinders Fast; Medium pressure favours Medium/Fast. Diagonal and extremes have highest confidence; off-diagonal cells moderate."
"Energy_Security_Pressure","Renewables_Deployment","Low","Low","1","3","Higher energy security pressure (EU/global) promotes higher renewables deployment in Germany and hinders low deployment; low pressure supports low deployment and hinders high; diagonal and extremes (High→High, High→Low) have highest confidence; post-2022 evidence supports direction."
"Energy_Security_Pressure","Renewables_Deployment","Low","Medium","0","2","Higher energy security pressure (EU/global) promotes higher renewables deployment in Germany and hinders low deployment; low pressure supports low deployment and hinders high; diagonal and extremes (High→High, High→Low) have highest confidence; post-2022 evidence supports direction."
"Energy_Security_Pressure","Renewables_Deployment","Low","High","-2","4","Higher energy security pressure (EU/global) promotes higher renewables deployment in Germany and hinders low deployment; low pressure supports low deployment and hinders high; diagonal and extremes (High→High, High→Low) have highest confidence; post-2022 evidence supports direction."
"Energy_Security_Pressure","Renewables_Deployment","Medium","Low","-1","3","Higher energy security pressure (EU/global) promotes higher renewables deployment in Germany and hinders low deployment; low pressure supports low deployment and hinders high; diagonal and extremes (High→High, High→Low) have highest confidence; post-2022 evidence supports direction."
"Energy_Security_Pressure","Renewables_Deployment","Medium","Medium","2","4","Higher energy security pressure (EU/global) promotes higher renewables deployment in Germany and hinders low deployment; low pressure supports low deployment and hinders high; diagonal and extremes (High→High, High→Low) have highest confidence; post-2022 evidence supports direction."
"Energy_Security_Pressure","Renewables_Deployment","Medium","High","1","3","Higher energy security pressure (EU/global) promotes higher renewables deployment in Germany and hinders low deployment; low pressure supports low deployment and hinders high; diagonal and extremes (High→High, High→Low) have highest confidence; post-2022 evidence supports direction."
"Energy_Security_Pressure","Renewables_Deployment","High","Low","-3","5","Higher energy security pressure (EU/global) promotes higher renewables deployment in Germany and hinders low deployment; low pressure supports low deployment and hinders high; diagonal and extremes (High→High, High→Low) have highest confidence; post-2022 evidence supports direction."
"Energy_Security_Pressure","Renewables_Deployment","High","Medium","-1","4","Higher energy security pressure (EU/global) promotes higher renewables deployment in Germany and hinders low deployment; low pressure supports low deployment and hinders high; diagonal and extremes (High→High, High→Low) have highest confidence; post-2022 evidence supports direction."
"Energy_Security_Pressure","Renewables_Deployment","High","High","3","5","Higher energy security pressure (EU/global) promotes higher renewables deployment in Germany and hinders low deployment; low pressure supports low deployment and hinders high; diagonal and extremes (High→High, High→Low) have highest confidence; post-2022 evidence supports direction."
"Energy_Security_Pressure","Technology_Costs","Low","High","1","4","High security pressure supports scaling and learning, promoting low technology costs and hindering high; low pressure allows costs to remain high; medium pressure has moderate effects; confidences 3–4 reflect good evidence for main links and moderate uncertainty for mixed cells."
"Energy_Security_Pressure","Technology_Costs","Low","Medium","0","3","High security pressure supports scaling and learning, promoting low technology costs and hindering high; low pressure allows costs to remain high; medium pressure has moderate effects; confidences 3–4 reflect good evidence for main links and moderate uncertainty for mixed cells."
"Energy_Security_Pressure","Technology_Costs","Low","Low","-2","4","High security pressure supports scaling and learning, promoting low technology costs and hindering high; low pressure allows costs to remain high; medium pressure has moderate effects; confidences 3–4 reflect good evidence for main links and moderate uncertainty for mixed cells."
"Energy_Security_Pressure","Technology_Costs","Medium","High","-1","3","High security pressure supports scaling and learning, promoting low technology costs and hindering high; low pressure allows costs to remain high; medium pressure has moderate effects; confidences 3–4 reflect good evidence for main links and moderate uncertainty for mixed cells."
"Energy_Security_Pressure","Technology_Costs","Medium","Medium","0","3","High security pressure supports scaling and learning, promoting low technology costs and hindering high; low pressure allows costs to remain high; medium pressure has moderate effects; confidences 3–4 reflect good evidence for main links and moderate uncertainty for mixed cells."
"Energy_Security_Pressure","Technology_Costs","Medium","Low","1","3","High security pressure supports scaling and learning, promoting low technology costs and hindering high; low pressure allows costs to remain high; medium pressure has moderate effects; confidences 3–4 reflect good evidence for main links and moderate uncertainty for mixed cells."
"Energy_Security_Pressure","Technology_Costs","High","High","-2","4","High security pressure supports scaling and learning, promoting low technology costs and hindering high; low pressure allows costs to remain high; medium pressure has moderate effects; confidences 3–4 reflect good evidence for main links and moderate uncertainty for mixed cells."
"Energy_Security_Pressure","Technology_Costs","High","Medium","1","3","High security pressure supports scaling and learning, promoting low technology costs and hindering high; low pressure allows costs to remain high; medium pressure has moderate effects; confidences 3–4 reflect good evidence for main links and moderate uncertainty for mixed cells."
"Energy_Security_Pressure","Technology_Costs","High","Low","2","4","High security pressure supports scaling and learning, promoting low technology costs and hindering high; low pressure allows costs to remain high; medium pressure has moderate effects; confidences 3–4 reflect good evidence for main links and moderate uncertainty for mixed cells."
"Energy_Security_Pressure","Hydrogen_Role","Low","Limited","2","4","Higher energy security pressure (EU/global) supports a larger hydrogen role in Germany (diversification, less gas dependence); lower pressure supports a limited role; High→Major +3 and High→Limited −2 reflect post-2022 strategic drive; confidences 3–4 reflect good evidence with some uncertainty on magnitude."
"Energy_Security_Pressure","Hydrogen_Role","Low","Moderate","0","3","Higher energy security pressure (EU/global) supports a larger hydrogen role in Germany (diversification, less gas dependence); lower pressure supports a limited role; High→Major +3 and High→Limited −2 reflect post-2022 strategic drive; confidences 3–4 reflect good evidence with some uncertainty on magnitude."
"Energy_Security_Pressure","Hydrogen_Role","Low","Major","-1","3","Higher energy security pressure (EU/global) supports a larger hydrogen role in Germany (diversification, less gas dependence); lower pressure supports a limited role; High→Major +3 and High→Limited −2 reflect post-2022 strategic drive; confidences 3–4 reflect good evidence with some uncertainty on magnitude."
"Energy_Security_Pressure","Hydrogen_Role","Medium","Limited","-1","3","Higher energy security pressure (EU/global) supports a larger hydrogen role in Germany (diversification, less gas dependence); lower pressure supports a limited role; High→Major +3 and High→Limited −2 reflect post-2022 strategic drive; confidences 3–4 reflect good evidence with some uncertainty on magnitude."
"Energy_Security_Pressure","Hydrogen_Role","Medium","Moderate","2","4","Higher energy security pressure (EU/global) supports a larger hydrogen role in Germany (diversification, less gas dependence); lower pressure supports a limited role; High→Major +3 and High→Limited −2 reflect post-2022 strategic drive; confidences 3–4 reflect good evidence with some uncertainty on magnitude."
"Energy_Security_Pressure","Hydrogen_Role","Medium","Major","1","3","Higher energy security pressure (EU/global) supports a larger hydrogen role in Germany (diversification, less gas dependence); lower pressure supports a limited role; High→Major +3 and High→Limited −2 reflect post-2022 strategic drive; confidences 3–4 reflect good evidence with some uncertainty on magnitude."
"Energy_Security_Pressure","Hydrogen_Role","High","Limited","-2","4","Higher energy security pressure (EU/global) supports a larger hydrogen role in Germany (diversification, less gas dependence); lower pressure supports a limited role; High→Major +3 and High→Limited −2 reflect post-2022 strategic drive; confidences 3–4 reflect good evidence with some uncertainty on magnitude."
"Energy_Security_Pressure","Hydrogen_Role","High","Moderate","2","4","Higher energy security pressure (EU/global) supports a larger hydrogen role in Germany (diversification, less gas dependence); lower pressure supports a limited role; High→Major +3 and High→Limited −2 reflect post-2022 strategic drive; confidences 3–4 reflect good evidence with some uncertainty on magnitude."
"Energy_Security_Pressure","Hydrogen_Role","High","Major","3","4","Higher energy security pressure (EU/global) supports a larger hydrogen role in Germany (diversification, less gas dependence); lower pressure supports a limited role; High→Major +3 and High→Limited −2 reflect post-2022 strategic drive; confidences 3–4 reflect good evidence with some uncertainty on magnitude."
"Energy_Security_Pressure","Grid_Development","Low","Lagging","2","4","High energy security pressure supports strong grid and hinders lagging; low pressure supports lagging and hinders strong grid; medium slightly hinders lagging and supports strong; confidences higher for High-source cells given post-2022 evidence."
"Energy_Security_Pressure","Grid_Development","Low","Moderate","0","2","High energy security pressure supports strong grid and hinders lagging; low pressure supports lagging and hinders strong grid; medium slightly hinders lagging and supports strong; confidences higher for High-source cells given post-2022 evidence."
"Energy_Security_Pressure","Grid_Development","Low","Strong","-2","4","High energy security pressure supports strong grid and hinders lagging; low pressure supports lagging and hinders strong grid; medium slightly hinders lagging and supports strong; confidences higher for High-source cells given post-2022 evidence."
"Energy_Security_Pressure","Grid_Development","Medium","Lagging","-1","3","High energy security pressure supports strong grid and hinders lagging; low pressure supports lagging and hinders strong grid; medium slightly hinders lagging and supports strong; confidences higher for High-source cells given post-2022 evidence."
"Energy_Security_Pressure","Grid_Development","Medium","Moderate","0","3","High energy security pressure supports strong grid and hinders lagging; low pressure supports lagging and hinders strong grid; medium slightly hinders lagging and supports strong; confidences higher for High-source cells given post-2022 evidence."
"Energy_Security_Pressure","Grid_Development","Medium","Strong","1","4","High energy security pressure supports strong grid and hinders lagging; low pressure supports lagging and hinders strong grid; medium slightly hinders lagging and supports strong; confidences higher for High-source cells given post-2022 evidence."
"Energy_Security_Pressure","Grid_Development","High","Lagging","-2","5","High energy security pressure supports strong grid and hinders lagging; low pressure supports lagging and hinders strong grid; medium slightly hinders lagging and supports strong; confidences higher for High-source cells given post-2022 evidence."
"Energy_Security_Pressure","Grid_Development","High","Moderate","1","4","High energy security pressure supports strong grid and hinders lagging; low pressure supports lagging and hinders strong grid; medium slightly hinders lagging and supports strong; confidences higher for High-source cells given post-2022 evidence."
"Energy_Security_Pressure","Grid_Development","High","Strong","2","5","High energy security pressure supports strong grid and hinders lagging; low pressure supports lagging and hinders strong grid; medium slightly hinders lagging and supports strong; confidences higher for High-source cells given post-2022 evidence."
"Energy_Security_Pressure","Electrification_Pace","Low","Slow","2","4","High energy security pressure supports faster electrification and hinders slow; low pressure supports slow and hinders high; diagonal and opposite-corner logic with confidences 3–4."
"Energy_Security_Pressure","Electrification_Pace","Low","Medium","0","3","High energy security pressure supports faster electrification and hinders slow; low pressure supports slow and hinders high; diagonal and opposite-corner logic with confidences 3–4."
"Energy_Security_Pressure","Electrification_Pace","Low","High","-1","4","High energy security pressure supports faster electrification and hinders slow; low pressure supports slow and hinders high; diagonal and opposite-corner logic with confidences 3–4."
"Energy_Security_Pressure","Electrification_Pace","Medium","Slow","-1","3","High energy security pressure supports faster electrification and hinders slow; low pressure supports slow and hinders high; diagonal and opposite-corner logic with confidences 3–4."
"Energy_Security_Pressure","Electrification_Pace","Medium","Medium","1","3","High energy security pressure supports faster electrification and hinders slow; low pressure supports slow and hinders high; diagonal and opposite-corner logic with confidences 3–4."
"Energy_Security_Pressure","Electrification_Pace","Medium","High","1","4","High energy security pressure supports faster electrification and hinders slow; low pressure supports slow and hinders high; diagonal and opposite-corner logic with confidences 3–4."
"Energy_Security_Pressure","Electrification_Pace","High","Slow","-2","4","High energy security pressure supports faster electrification and hinders slow; low pressure supports slow and hinders high; diagonal and opposite-corner logic with confidences 3–4."
"Energy_Security_Pressure","Electrification_Pace","High","Medium","-1","3","High energy security pressure supports faster electrification and hinders slow; low pressure supports slow and hinders high; diagonal and opposite-corner logic with confidences 3–4."
"Energy_Security_Pressure","Electrification_Pace","High","High","2","4","High energy security pressure supports faster electrification and hinders slow; low pressure supports slow and hinders high; diagonal and opposite-corner logic with confidences 3–4."
"Energy_Security_Pressure","Industrial_Energy_Demand","Low","High","2","4","High energy security pressure hinders High and supports Low German industrial energy demand; Low pressure supports High and hinders Low; Medium pressure mixed; confidence 4 on main impact cells (Low↔High, High↔Low), 3 elsewhere; evidence from post-2022 behaviour and diversification mandates."
"Energy_Security_Pressure","Industrial_Energy_Demand","Low","Medium","1","3","High energy security pressure hinders High and supports Low German industrial energy demand; Low pressure supports High and hinders Low; Medium pressure mixed; confidence 4 on main impact cells (Low↔High, High↔Low), 3 elsewhere; evidence from post-2022 behaviour and diversification mandates."
"Energy_Security_Pressure","Industrial_Energy_Demand","Low","Low","-2","4","High energy security pressure hinders High and supports Low German industrial energy demand; Low pressure supports High and hinders Low; Medium pressure mixed; confidence 4 on main impact cells (Low↔High, High↔Low), 3 elsewhere; evidence from post-2022 behaviour and diversification mandates."
"Energy_Security_Pressure","Industrial_Energy_Demand","Medium","High","-1","3","High energy security pressure hinders High and supports Low German industrial energy demand; Low pressure supports High and hinders Low; Medium pressure mixed; confidence 4 on main impact cells (Low↔High, High↔Low), 3 elsewhere; evidence from post-2022 behaviour and diversification mandates."
"Energy_Security_Pressure","Industrial_Energy_Demand","Medium","Medium","0","3","High energy security pressure hinders High and supports Low German industrial energy demand; Low pressure supports High and hinders Low; Medium pressure mixed; confidence 4 on main impact cells (Low↔High, High↔Low), 3 elsewhere; evidence from post-2022 behaviour and diversification mandates."
"Energy_Security_Pressure","Industrial_Energy_Demand","Medium","Low","1","3","High energy security pressure hinders High and supports Low German industrial energy demand; Low pressure supports High and hinders Low; Medium pressure mixed; confidence 4 on main impact cells (Low↔High, High↔Low), 3 elsewhere; evidence from post-2022 behaviour and diversification mandates."
"Energy_Security_Pressure","Industrial_Energy_Demand","High","High","-2","4","High energy security pressure hinders High and supports Low German industrial energy demand; Low pressure supports High and hinders Low; Medium pressure mixed; confidence 4 on main impact cells (Low↔High, High↔Low), 3 elsewhere; evidence from post-2022 behaviour and diversification mandates."
"Energy_Security_Pressure","Industrial_Energy_Demand","High","Medium","-1","3","High energy security pressure hinders High and supports Low German industrial energy demand; Low pressure supports High and hinders Low; Medium pressure mixed; confidence 4 on main impact cells (Low↔High, High↔Low), 3 elsewhere; evidence from post-2022 behaviour and diversification mandates."
"Energy_Security_Pressure","Industrial_Energy_Demand","High","Low","2","4","High energy security pressure hinders High and supports Low German industrial energy demand; Low pressure supports High and hinders Low; Medium pressure mixed; confidence 4 on main impact cells (Low↔High, High↔Low), 3 elsewhere; evidence from post-2022 behaviour and diversification mandates."
"Energy_Security_Pressure","Fossil_Price_Pressure","Low","Low","2","4","Energy security pressure and fossil price pressure align: high security pressure supports high fossil price pressure (3.3 +2 conf 5), low supports low (1.1 +2 conf 4); mismatches hinder (1.3 and 3.1 ±2 conf 4). Medium cells ±1 or 0 with conf 3–4; fossil prices partly exogenous so no ±3 and confidence 5 only for High→High."
"Energy_Security_Pressure","Fossil_Price_Pressure","Low","Medium","0","3","Energy security pressure and fossil price pressure align: high security pressure supports high fossil price pressure (3.3 +2 conf 5), low supports low (1.1 +2 conf 4); mismatches hinder (1.3 and 3.1 ±2 conf 4). Medium cells ±1 or 0 with conf 3–4; fossil prices partly exogenous so no ±3 and confidence 5 only for High→High."
"Energy_Security_Pressure","Fossil_Price_Pressure","Low","High","-2","4","Energy security pressure and fossil price pressure align: high security pressure supports high fossil price pressure (3.3 +2 conf 5), low supports low (1.1 +2 conf 4); mismatches hinder (1.3 and 3.1 ±2 conf 4). Medium cells ±1 or 0 with conf 3–4; fossil prices partly exogenous so no ±3 and confidence 5 only for High→High."
"Energy_Security_Pressure","Fossil_Price_Pressure","Medium","Low","-1","3","Energy security pressure and fossil price pressure align: high security pressure supports high fossil price pressure (3.3 +2 conf 5), low supports low (1.1 +2 conf 4); mismatches hinder (1.3 and 3.1 ±2 conf 4). Medium cells ±1 or 0 with conf 3–4; fossil prices partly exogenous so no ±3 and confidence 5 only for High→High."
"Energy_Security_Pressure","Fossil_Price_Pressure","Medium","Medium","1","4","Energy security pressure and fossil price pressure align: high security pressure supports high fossil price pressure (3.3 +2 conf 5), low supports low (1.1 +2 conf 4); mismatches hinder (1.3 and 3.1 ±2 conf 4). Medium cells ±1 or 0 with conf 3–4; fossil prices partly exogenous so no ±3 and confidence 5 only for High→High."
"Energy_Security_Pressure","Fossil_Price_Pressure","Medium","High","1","3","Energy security pressure and fossil price pressure align: high security pressure supports high fossil price pressure (3.3 +2 conf 5), low supports low (1.1 +2 conf 4); mismatches hinder (1.3 and 3.1 ±2 conf 4). Medium cells ±1 or 0 with conf 3–4; fossil prices partly exogenous so no ±3 and confidence 5 only for High→High."
"Energy_Security_Pressure","Fossil_Price_Pressure","High","Low","-2","4","Energy security pressure and fossil price pressure align: high security pressure supports high fossil price pressure (3.3 +2 conf 5), low supports low (1.1 +2 conf 4); mismatches hinder (1.3 and 3.1 ±2 conf 4). Medium cells ±1 or 0 with conf 3–4; fossil prices partly exogenous so no ±3 and confidence 5 only for High→High."
"Energy_Security_Pressure","Fossil_Price_Pressure","High","Medium","-1","3","Energy security pressure and fossil price pressure align: high security pressure supports high fossil price pressure (3.3 +2 conf 5), low supports low (1.1 +2 conf 4); mismatches hinder (1.3 and 3.1 ±2 conf 4). Medium cells ±1 or 0 with conf 3–4; fossil prices partly exogenous so no ±3 and confidence 5 only for High→High."
"Energy_Security_Pressure","Fossil_Price_Pressure","High","High","2","5","Energy security pressure and fossil price pressure align: high security pressure supports high fossil price pressure (3.3 +2 conf 5), low supports low (1.1 +2 conf 4); mismatches hinder (1.3 and 3.1 ±2 conf 4). Medium cells ±1 or 0 with conf 3–4; fossil prices partly exogenous so no ±3 and confidence 5 only for High→High."
"Energy_Security_Pressure","Public_Acceptance","Low","Low","1","3","High energy security pressure (EU/GL) supports high public acceptance (DE) and hinders low; low pressure supports low acceptance and hinders high; medium pressure aligns with medium/high acceptance; corner cells strongest evidence (conf 4), weak cells 0 with conf 2."
"Energy_Security_Pressure","Public_Acceptance","Low","Medium","0","2","High energy security pressure (EU/GL) supports high public acceptance (DE) and hinders low; low pressure supports low acceptance and hinders high; medium pressure aligns with medium/high acceptance; corner cells strongest evidence (conf 4), weak cells 0 with conf 2."
"Energy_Security_Pressure","Public_Acceptance","Low","High","-2","4","High energy security pressure (EU/GL) supports high public acceptance (DE) and hinders low; low pressure supports low acceptance and hinders high; medium pressure aligns with medium/high acceptance; corner cells strongest evidence (conf 4), weak cells 0 with conf 2."
"Energy_Security_Pressure","Public_Acceptance","Medium","Low","-1","3","High energy security pressure (EU/GL) supports high public acceptance (DE) and hinders low; low pressure supports low acceptance and hinders high; medium pressure aligns with medium/high acceptance; corner cells strongest evidence (conf 4), weak cells 0 with conf 2."
"Energy_Security_Pressure","Public_Acceptance","Medium","Medium","1","3","High energy security pressure (EU/GL) supports high public acceptance (DE) and hinders low; low pressure supports low acceptance and hinders high; medium pressure aligns with medium/high acceptance; corner cells strongest evidence (conf 4), weak cells 0 with conf 2."
"Energy_Security_Pressure","Public_Acceptance","Medium","High","1","3","High energy security pressure (EU/GL) supports high public acceptance (DE) and hinders low; low pressure supports low acceptance and hinders high; medium pressure aligns with medium/high acceptance; corner cells strongest evidence (conf 4), weak cells 0 with conf 2."
"Energy_Security_Pressure","Public_Acceptance","High","Low","-2","4","High energy security pressure (EU/GL) supports high public acceptance (DE) and hinders low; low pressure supports low acceptance and hinders high; medium pressure aligns with medium/high acceptance; corner cells strongest evidence (conf 4), weak cells 0 with conf 2."
"Energy_Security_Pressure","Public_Acceptance","High","Medium","1","3","High energy security pressure (EU/GL) supports high public acceptance (DE) and hinders low; low pressure supports low acceptance and hinders high; medium pressure aligns with medium/high acceptance; corner cells strongest evidence (conf 4), weak cells 0 with conf 2."
"Energy_Security_Pressure","Public_Acceptance","High","High","2","4","High energy security pressure (EU/GL) supports high public acceptance (DE) and hinders low; low pressure supports low acceptance and hinders high; medium pressure aligns with medium/high acceptance; corner cells strongest evidence (conf 4), weak cells 0 with conf 2."
"Energy_Security_Pressure","Land_Use_Conflict","Low","High","-2","4","Higher energy security pressure increases demand for land for renewables and grid, supporting higher land-use conflict and hindering low conflict; low pressure supports low conflict and hinders high conflict; acceptance effect caps High→High at +2; medium source has intermediate impacts; confidence 4 for clear-direction cells, 3 for medium row."
"Energy_Security_Pressure","Land_Use_Conflict","Low","Medium","-1","3","Higher energy security pressure increases demand for land for renewables and grid, supporting higher land-use conflict and hindering low conflict; low pressure supports low conflict and hinders high conflict; acceptance effect caps High→High at +2; medium source has intermediate impacts; confidence 4 for clear-direction cells, 3 for medium row."
"Energy_Security_Pressure","Land_Use_Conflict","Low","Low","2","4","Higher energy security pressure increases demand for land for renewables and grid, supporting higher land-use conflict and hindering low conflict; low pressure supports low conflict and hinders high conflict; acceptance effect caps High→High at +2; medium source has intermediate impacts; confidence 4 for clear-direction cells, 3 for medium row."
"Energy_Security_Pressure","Land_Use_Conflict","Medium","High","1","3","Higher energy security pressure increases demand for land for renewables and grid, supporting higher land-use conflict and hindering low conflict; low pressure supports low conflict and hinders high conflict; acceptance effect caps High→High at +2; medium source has intermediate impacts; confidence 4 for clear-direction cells, 3 for medium row."
"Energy_Security_Pressure","Land_Use_Conflict","Medium","Medium","1","3","Higher energy security pressure increases demand for land for renewables and grid, supporting higher land-use conflict and hindering low conflict; low pressure supports low conflict and hinders high conflict; acceptance effect caps High→High at +2; medium source has intermediate impacts; confidence 4 for clear-direction cells, 3 for medium row."
"Energy_Security_Pressure","Land_Use_Conflict","Medium","Low","-1","3","Higher energy security pressure increases demand for land for renewables and grid, supporting higher land-use conflict and hindering low conflict; low pressure supports low conflict and hinders high conflict; acceptance effect caps High→High at +2; medium source has intermediate impacts; confidence 4 for clear-direction cells, 3 for medium row."
"Energy_Security_Pressure","Land_Use_Conflict","High","High","2","4","Higher energy security pressure increases demand for land for renewables and grid, supporting higher land-use conflict and hindering low conflict; low pressure supports low conflict and hinders high conflict; acceptance effect caps High→High at +2; medium source has intermediate impacts; confidence 4 for clear-direction cells, 3 for medium row."
"Energy_Security_Pressure","Land_Use_Conflict","High","Medium","1","4","Higher energy security pressure increases demand for land for renewables and grid, supporting higher land-use conflict and hindering low conflict; low pressure supports low conflict and hinders high conflict; acceptance effect caps High→High at +2; medium source has intermediate impacts; confidence 4 for clear-direction cells, 3 for medium row."
"Energy_Security_Pressure","Land_Use_Conflict","High","Low","-2","4","Higher energy security pressure increases demand for land for renewables and grid, supporting higher land-use conflict and hindering low conflict; low pressure supports low conflict and hinders high conflict; acceptance effect caps High→High at +2; medium source has intermediate impacts; confidence 4 for clear-direction cells, 3 for medium row."
"Energy_Security_Pressure","EU_Policy_Alignment","Low","Low","2","4","High energy security pressure supports high EU policy alignment and hinders low alignment (crisis-driven solidarity); low pressure supports low alignment and hinders high alignment; diagonal and opposite corners scored with confidence 4, Low→Medium weak (0, conf 2)."
"Energy_Security_Pressure","EU_Policy_Alignment","Low","Medium","0","2","High energy security pressure supports high EU policy alignment and hinders low alignment (crisis-driven solidarity); low pressure supports low alignment and hinders high alignment; diagonal and opposite corners scored with confidence 4, Low→Medium weak (0, conf 2)."
"Energy_Security_Pressure","EU_Policy_Alignment","Low","High","-2","4","High energy security pressure supports high EU policy alignment and hinders low alignment (crisis-driven solidarity); low pressure supports low alignment and hinders high alignment; diagonal and opposite corners scored with confidence 4, Low→Medium weak (0, conf 2)."
"Energy_Security_Pressure","EU_Policy_Alignment","Medium","Low","-1","3","High energy security pressure supports high EU policy alignment and hinders low alignment (crisis-driven solidarity); low pressure supports low alignment and hinders high alignment; diagonal and opposite corners scored with confidence 4, Low→Medium weak (0, conf 2)."
"Energy_Security_Pressure","EU_Policy_Alignment","Medium","Medium","1","3","High energy security pressure supports high EU policy alignment and hinders low alignment (crisis-driven solidarity); low pressure supports low alignment and hinders high alignment; diagonal and opposite corners scored with confidence 4, Low→Medium weak (0, conf 2)."
"Energy_Security_Pressure","EU_Policy_Alignment","Medium","High","1","3","High energy security pressure supports high EU policy alignment and hinders low alignment (crisis-driven solidarity); low pressure supports low alignment and hinders high alignment; diagonal and opposite corners scored with confidence 4, Low→Medium weak (0, conf 2)."
"Energy_Security_Pressure","EU_Policy_Alignment","High","Low","-2","4","High energy security pressure supports high EU policy alignment and hinders low alignment (crisis-driven solidarity); low pressure supports low alignment and hinders high alignment; diagonal and opposite corners scored with confidence 4, Low→Medium weak (0, conf 2)."
"Energy_Security_Pressure","EU_Policy_Alignment","High","Medium","1","3","High energy security pressure supports high EU policy alignment and hinders low alignment (crisis-driven solidarity); low pressure supports low alignment and hinders high alignment; diagonal and opposite corners scored with confidence 4, Low→Medium weak (0, conf 2)."
"Energy_Security_Pressure","EU_Policy_Alignment","High","High","2","4","High energy security pressure supports high EU policy alignment and hinders low alignment (crisis-driven solidarity); low pressure supports low alignment and hinders high alignment; diagonal and opposite corners scored with confidence 4, Low→Medium weak (0, conf 2)."
"Energy_Security_Pressure","Investment_Availability","Low","Low","1","3","Higher energy security pressure (EU/GL) supports higher investment availability (DE/EU) for the transition; low pressure supports low and hinders high; diagonal and high-source cells scored with moderate to good confidence."
"Energy_Security_Pressure","Investment_Availability","Low","Medium","0","2","Higher energy security pressure (EU/GL) supports higher investment availability (DE/EU) for the transition; low pressure supports low and hinders high; diagonal and high-source cells scored with moderate to good confidence."
"Energy_Security_Pressure","Investment_Availability","Low","High","-1","3","Higher energy security pressure (EU/GL) supports higher investment availability (DE/EU) for the transition; low pressure supports low and hinders high; diagonal and high-source cells scored with moderate to good confidence."
"Energy_Security_Pressure","Investment_Availability","Medium","Low","-1","4","Higher energy security pressure (EU/GL) supports higher investment availability (DE/EU) for the transition; low pressure supports low and hinders high; diagonal and high-source cells scored with moderate to good confidence."
"Energy_Security_Pressure","Investment_Availability","Medium","Medium","2","4","Higher energy security pressure (EU/GL) supports higher investment availability (DE/EU) for the transition; low pressure supports low and hinders high; diagonal and high-source cells scored with moderate to good confidence."
"Energy_Security_Pressure","Investment_Availability","Medium","High","1","3","Higher energy security pressure (EU/GL) supports higher investment availability (DE/EU) for the transition; low pressure supports low and hinders high; diagonal and high-source cells scored with moderate to good confidence."
"Energy_Security_Pressure","Investment_Availability","High","Low","-2","4","Higher energy security pressure (EU/GL) supports higher investment availability (DE/EU) for the transition; low pressure supports low and hinders high; diagonal and high-source cells scored with moderate to good confidence."
"Energy_Security_Pressure","Investment_Availability","High","Medium","1","3","Higher energy security pressure (EU/GL) supports higher investment availability (DE/EU) for the transition; low pressure supports low and hinders high; diagonal and high-source cells scored with moderate to good confidence."
"Energy_Security_Pressure","Investment_Availability","High","High","2","4","Higher energy security pressure (EU/GL) supports higher investment availability (DE/EU) for the transition; low pressure supports low and hinders high; diagonal and high-source cells scored with moderate to good confidence."
"Investment_Availability","Decarbonisation_Outcome","Low","High emissions","2","4","Low investment supports high emissions and hinders net-zero; high investment hinders high emissions and supports net-zero; medium investment weakly favours medium outcome; strongest impacts ±2 with confidence 4, medium row and off-diagonal cells 0 or ±1 with confidence 3."
"Investment_Availability","Decarbonisation_Outcome","Low","Medium","0","3","Low investment supports high emissions and hinders net-zero; high investment hinders high emissions and supports net-zero; medium investment weakly favours medium outcome; strongest impacts ±2 with confidence 4, medium row and off-diagonal cells 0 or ±1 with confidence 3."
"Investment_Availability","Decarbonisation_Outcome","Low","Net-zero aligned","-2","4","Low investment supports high emissions and hinders net-zero; high investment hinders high emissions and supports net-zero; medium investment weakly favours medium outcome; strongest impacts ±2 with confidence 4, medium row and off-diagonal cells 0 or ±1 with confidence 3."
"Investment_Availability","Decarbonisation_Outcome","Medium","High emissions","-1","3","Low investment supports high emissions and hinders net-zero; high investment hinders high emissions and supports net-zero; medium investment weakly favours medium outcome; strongest impacts ±2 with confidence 4, medium row and off-diagonal cells 0 or ±1 with confidence 3."
"Investment_Availability","Decarbonisation_Outcome","Medium","Medium","1","3","Low investment supports high emissions and hinders net-zero; high investment hinders high emissions and supports net-zero; medium investment weakly favours medium outcome; strongest impacts ±2 with confidence 4, medium row and off-diagonal cells 0 or ±1 with confidence 3."
"Investment_Availability","Decarbonisation_Outcome","Medium","Net-zero aligned","0","3","Low investment supports high emissions and hinders net-zero; high investment hinders high emissions and supports net-zero; medium investment weakly favours medium outcome; strongest impacts ±2 with confidence 4, medium row and off-diagonal cells 0 or ±1 with confidence 3."
"Investment_Availability","Decarbonisation_Outcome","High","High emissions","-2","4","Low investment supports high emissions and hinders net-zero; high investment hinders high emissions and supports net-zero; medium investment weakly favours medium outcome; strongest impacts ±2 with confidence 4, medium row and off-diagonal cells 0 or ±1 with confidence 3."
"Investment_Availability","Decarbonisation_Outcome","High","Medium","0","3","Low investment supports high emissions and hinders net-zero; high investment hinders high emissions and supports net-zero; medium investment weakly favours medium outcome; strongest impacts ±2 with confidence 4, medium row and off-diagonal cells 0 or ±1 with confidence 3."
"Investment_Availability","Decarbonisation_Outcome","High","Net-zero aligned","2","4","Low investment supports high emissions and hinders net-zero; high investment hinders high emissions and supports net-zero; medium investment weakly favours medium outcome; strongest impacts ±2 with confidence 4, medium row and off-diagonal cells 0 or ±1 with confidence 3."
"Investment_Availability","Policy_Stringency","Low","Low","1","4","Investment-to-policy link: low capital supports low stringency and hinders high; high capital enables high stringency and weakly supports low (comfort zone); medium aligns with medium and weakly supports high; diagonal and main off-diagonals scored with confidence 4, others 3; direction contested in places so no confidence 5."
"Investment_Availability","Policy_Stringency","Low","Medium","0","3","Investment-to-policy link: low capital supports low stringency and hinders high; high capital enables high stringency and weakly supports low (comfort zone); medium aligns with medium and weakly supports high; diagonal and main off-diagonals scored with confidence 4, others 3; direction contested in places so no confidence 5."
"Investment_Availability","Policy_Stringency","Low","High","-2","4","Investment-to-policy link: low capital supports low stringency and hinders high; high capital enables high stringency and weakly supports low (comfort zone); medium aligns with medium and weakly supports high; diagonal and main off-diagonals scored with confidence 4, others 3; direction contested in places so no confidence 5."
"Investment_Availability","Policy_Stringency","Medium","Low","0","3","Investment-to-policy link: low capital supports low stringency and hinders high; high capital enables high stringency and weakly supports low (comfort zone); medium aligns with medium and weakly supports high; diagonal and main off-diagonals scored with confidence 4, others 3; direction contested in places so no confidence 5."
"Investment_Availability","Policy_Stringency","Medium","Medium","1","4","Investment-to-policy link: low capital supports low stringency and hinders high; high capital enables high stringency and weakly supports low (comfort zone); medium aligns with medium and weakly supports high; diagonal and main off-diagonals scored with confidence 4, others 3; direction contested in places so no confidence 5."
"Investment_Availability","Policy_Stringency","Medium","High","1","3","Investment-to-policy link: low capital supports low stringency and hinders high; high capital enables high stringency and weakly supports low (comfort zone); medium aligns with medium and weakly supports high; diagonal and main off-diagonals scored with confidence 4, others 3; direction contested in places so no confidence 5."
"Investment_Availability","Policy_Stringency","High","Low","1","3","Investment-to-policy link: low capital supports low stringency and hinders high; high capital enables high stringency and weakly supports low (comfort zone); medium aligns with medium and weakly supports high; diagonal and main off-diagonals scored with confidence 4, others 3; direction contested in places so no confidence 5."
"Investment_Availability","Policy_Stringency","High","Medium","0","3","Investment-to-policy link: low capital supports low stringency and hinders high; high capital enables high stringency and weakly supports low (comfort zone); medium aligns with medium and weakly supports high; diagonal and main off-diagonals scored with confidence 4, others 3; direction contested in places so no confidence 5."
"Investment_Availability","Policy_Stringency","High","High","2","4","Investment-to-policy link: low capital supports low stringency and hinders high; high capital enables high stringency and weakly supports low (comfort zone); medium aligns with medium and weakly supports high; diagonal and main off-diagonals scored with confidence 4, others 3; direction contested in places so no confidence 5."
"Investment_Availability","Permitting_Pace","Low","Slow","1","4","Investment availability influences permitting via pressure and capacity; diagonal (Low–Slow, Medium–Medium, High–Fast) and opposite corners (Low–Fast negative, High–Slow negative) agreed; indirect link so scores ±1/±2 and confidence 3–4."
"Investment_Availability","Permitting_Pace","Low","Medium","0","3","Investment availability influences permitting via pressure and capacity; diagonal (Low–Slow, Medium–Medium, High–Fast) and opposite corners (Low–Fast negative, High–Slow negative) agreed; indirect link so scores ±1/±2 and confidence 3–4."
"Investment_Availability","Permitting_Pace","Low","Fast","-1","4","Investment availability influences permitting via pressure and capacity; diagonal (Low–Slow, Medium–Medium, High–Fast) and opposite corners (Low–Fast negative, High–Slow negative) agreed; indirect link so scores ±1/±2 and confidence 3–4."
"Investment_Availability","Permitting_Pace","Medium","Slow","-1","3","Investment availability influences permitting via pressure and capacity; diagonal (Low–Slow, Medium–Medium, High–Fast) and opposite corners (Low–Fast negative, High–Slow negative) agreed; indirect link so scores ±1/±2 and confidence 3–4."
"Investment_Availability","Permitting_Pace","Medium","Medium","1","4","Investment availability influences permitting via pressure and capacity; diagonal (Low–Slow, Medium–Medium, High–Fast) and opposite corners (Low–Fast negative, High–Slow negative) agreed; indirect link so scores ±1/±2 and confidence 3–4."
"Investment_Availability","Permitting_Pace","Medium","Fast","1","4","Investment availability influences permitting via pressure and capacity; diagonal (Low–Slow, Medium–Medium, High–Fast) and opposite corners (Low–Fast negative, High–Slow negative) agreed; indirect link so scores ±1/±2 and confidence 3–4."
"Investment_Availability","Permitting_Pace","High","Slow","-2","4","Investment availability influences permitting via pressure and capacity; diagonal (Low–Slow, Medium–Medium, High–Fast) and opposite corners (Low–Fast negative, High–Slow negative) agreed; indirect link so scores ±1/±2 and confidence 3–4."
"Investment_Availability","Permitting_Pace","High","Medium","0","3","Investment availability influences permitting via pressure and capacity; diagonal (Low–Slow, Medium–Medium, High–Fast) and opposite corners (Low–Fast negative, High–Slow negative) agreed; indirect link so scores ±1/±2 and confidence 3–4."
"Investment_Availability","Permitting_Pace","High","Fast","2","4","Investment availability influences permitting via pressure and capacity; diagonal (Low–Slow, Medium–Medium, High–Fast) and opposite corners (Low–Fast negative, High–Slow negative) agreed; indirect link so scores ±1/±2 and confidence 3–4."
"Investment_Availability","Renewables_Deployment","Low","Low","2","4","Investment is a direct enabler of renewables deployment; diagonal (Low–Low, Medium–Medium, High–High) supported; opposite corners (Low–High, High–Low) strongly hindered (−3); confidences 5 on 1.3, 3.1, 3.3 and 4 elsewhere except 2.3 (3); aligned with other driver→Renewables_Deployment pairs."
"Investment_Availability","Renewables_Deployment","Low","Medium","-2","4","Investment is a direct enabler of renewables deployment; diagonal (Low–Low, Medium–Medium, High–High) supported; opposite corners (Low–High, High–Low) strongly hindered (−3); confidences 5 on 1.3, 3.1, 3.3 and 4 elsewhere except 2.3 (3); aligned with other driver→Renewables_Deployment pairs."
"Investment_Availability","Renewables_Deployment","Low","High","-3","5","Investment is a direct enabler of renewables deployment; diagonal (Low–Low, Medium–Medium, High–High) supported; opposite corners (Low–High, High–Low) strongly hindered (−3); confidences 5 on 1.3, 3.1, 3.3 and 4 elsewhere except 2.3 (3); aligned with other driver→Renewables_Deployment pairs."
"Investment_Availability","Renewables_Deployment","Medium","Low","-2","4","Investment is a direct enabler of renewables deployment; diagonal (Low–Low, Medium–Medium, High–High) supported; opposite corners (Low–High, High–Low) strongly hindered (−3); confidences 5 on 1.3, 3.1, 3.3 and 4 elsewhere except 2.3 (3); aligned with other driver→Renewables_Deployment pairs."
"Investment_Availability","Renewables_Deployment","Medium","Medium","2","4","Investment is a direct enabler of renewables deployment; diagonal (Low–Low, Medium–Medium, High–High) supported; opposite corners (Low–High, High–Low) strongly hindered (−3); confidences 5 on 1.3, 3.1, 3.3 and 4 elsewhere except 2.3 (3); aligned with other driver→Renewables_Deployment pairs."
"Investment_Availability","Renewables_Deployment","Medium","High","1","3","Investment is a direct enabler of renewables deployment; diagonal (Low–Low, Medium–Medium, High–High) supported; opposite corners (Low–High, High–Low) strongly hindered (−3); confidences 5 on 1.3, 3.1, 3.3 and 4 elsewhere except 2.3 (3); aligned with other driver→Renewables_Deployment pairs."
"Investment_Availability","Renewables_Deployment","High","Low","-3","5","Investment is a direct enabler of renewables deployment; diagonal (Low–Low, Medium–Medium, High–High) supported; opposite corners (Low–High, High–Low) strongly hindered (−3); confidences 5 on 1.3, 3.1, 3.3 and 4 elsewhere except 2.3 (3); aligned with other driver→Renewables_Deployment pairs."
"Investment_Availability","Renewables_Deployment","High","Medium","-1","4","Investment is a direct enabler of renewables deployment; diagonal (Low–Low, Medium–Medium, High–High) supported; opposite corners (Low–High, High–Low) strongly hindered (−3); confidences 5 on 1.3, 3.1, 3.3 and 4 elsewhere except 2.3 (3); aligned with other driver→Renewables_Deployment pairs."
"Investment_Availability","Renewables_Deployment","High","High","3","5","Investment is a direct enabler of renewables deployment; diagonal (Low–Low, Medium–Medium, High–High) supported; opposite corners (Low–High, High–Low) strongly hindered (−3); confidences 5 on 1.3, 3.1, 3.3 and 4 elsewhere except 2.3 (3); aligned with other driver→Renewables_Deployment pairs."
"Investment_Availability","Technology_Costs","Low","High","2","4","DE/EU investment supports global technology cost reduction via deployment and R&D; low investment supports high costs and hinders low costs, high investment the reverse; scores ±2 on corner cells and confidence 4 there, 3 elsewhere, reflecting Technology_Costs as global."
"Investment_Availability","Technology_Costs","Low","Medium","1","3","DE/EU investment supports global technology cost reduction via deployment and R&D; low investment supports high costs and hinders low costs, high investment the reverse; scores ±2 on corner cells and confidence 4 there, 3 elsewhere, reflecting Technology_Costs as global."
"Investment_Availability","Technology_Costs","Low","Low","-2","4","DE/EU investment supports global technology cost reduction via deployment and R&D; low investment supports high costs and hinders low costs, high investment the reverse; scores ±2 on corner cells and confidence 4 there, 3 elsewhere, reflecting Technology_Costs as global."
"Investment_Availability","Technology_Costs","Medium","High","-1","3","DE/EU investment supports global technology cost reduction via deployment and R&D; low investment supports high costs and hinders low costs, high investment the reverse; scores ±2 on corner cells and confidence 4 there, 3 elsewhere, reflecting Technology_Costs as global."
"Investment_Availability","Technology_Costs","Medium","Medium","0","3","DE/EU investment supports global technology cost reduction via deployment and R&D; low investment supports high costs and hinders low costs, high investment the reverse; scores ±2 on corner cells and confidence 4 there, 3 elsewhere, reflecting Technology_Costs as global."
"Investment_Availability","Technology_Costs","Medium","Low","1","3","DE/EU investment supports global technology cost reduction via deployment and R&D; low investment supports high costs and hinders low costs, high investment the reverse; scores ±2 on corner cells and confidence 4 there, 3 elsewhere, reflecting Technology_Costs as global."
"Investment_Availability","Technology_Costs","High","High","-2","4","DE/EU investment supports global technology cost reduction via deployment and R&D; low investment supports high costs and hinders low costs, high investment the reverse; scores ±2 on corner cells and confidence 4 there, 3 elsewhere, reflecting Technology_Costs as global."
"Investment_Availability","Technology_Costs","High","Medium","-1","3","DE/EU investment supports global technology cost reduction via deployment and R&D; low investment supports high costs and hinders low costs, high investment the reverse; scores ±2 on corner cells and confidence 4 there, 3 elsewhere, reflecting Technology_Costs as global."
"Investment_Availability","Technology_Costs","High","Low","2","4","DE/EU investment supports global technology cost reduction via deployment and R&D; low investment supports high costs and hinders low costs, high investment the reverse; scores ±2 on corner cells and confidence 4 there, 3 elsewhere, reflecting Technology_Costs as global."
"Investment_Availability","Hydrogen_Role","Low","Limited","2","4","Investment is the main financial enabler for hydrogen scale-up; low capital supports limited role and strongly hinders major role; high capital strongly supports major role and hinders limited; medium best supports moderate role; confidence highest for clear-direction cells (1.3, 3.3)."
"Investment_Availability","Hydrogen_Role","Low","Moderate","0","3","Investment is the main financial enabler for hydrogen scale-up; low capital supports limited role and strongly hinders major role; high capital strongly supports major role and hinders limited; medium best supports moderate role; confidence highest for clear-direction cells (1.3, 3.3)."
"Investment_Availability","Hydrogen_Role","Low","Major","-3","5","Investment is the main financial enabler for hydrogen scale-up; low capital supports limited role and strongly hinders major role; high capital strongly supports major role and hinders limited; medium best supports moderate role; confidence highest for clear-direction cells (1.3, 3.3)."
"Investment_Availability","Hydrogen_Role","Medium","Limited","1","3","Investment is the main financial enabler for hydrogen scale-up; low capital supports limited role and strongly hinders major role; high capital strongly supports major role and hinders limited; medium best supports moderate role; confidence highest for clear-direction cells (1.3, 3.3)."
"Investment_Availability","Hydrogen_Role","Medium","Moderate","2","4","Investment is the main financial enabler for hydrogen scale-up; low capital supports limited role and strongly hinders major role; high capital strongly supports major role and hinders limited; medium best supports moderate role; confidence highest for clear-direction cells (1.3, 3.3)."
"Investment_Availability","Hydrogen_Role","Medium","Major","-1","3","Investment is the main financial enabler for hydrogen scale-up; low capital supports limited role and strongly hinders major role; high capital strongly supports major role and hinders limited; medium best supports moderate role; confidence highest for clear-direction cells (1.3, 3.3)."
"Investment_Availability","Hydrogen_Role","High","Limited","-2","4","Investment is the main financial enabler for hydrogen scale-up; low capital supports limited role and strongly hinders major role; high capital strongly supports major role and hinders limited; medium best supports moderate role; confidence highest for clear-direction cells (1.3, 3.3)."
"Investment_Availability","Hydrogen_Role","High","Moderate","1","3","Investment is the main financial enabler for hydrogen scale-up; low capital supports limited role and strongly hinders major role; high capital strongly supports major role and hinders limited; medium best supports moderate role; confidence highest for clear-direction cells (1.3, 3.3)."
"Investment_Availability","Hydrogen_Role","High","Major","3","5","Investment is the main financial enabler for hydrogen scale-up; low capital supports limited role and strongly hinders major role; high capital strongly supports major role and hinders limited; medium best supports moderate role; confidence highest for clear-direction cells (1.3, 3.3)."
"Investment_Availability","Grid_Development","Low","Lagging","2","4","Investment availability and grid development align ordinally: low capital promotes lagging grid (+2) and strongly hinders strong grid (−3); high capital strongly hinders lagging (−3) and strongly supports strong grid (+3); medium capital supports moderate grid (+2) and weakly supports strong (+1); off-diagonal cells (e.g. Low→Moderate, High→Moderate) scored 0 or −1 with confidence 3–4; highest confidence on main diagonal and strong hinder/support cells."
"Investment_Availability","Grid_Development","Low","Moderate","0","3","Investment availability and grid development align ordinally: low capital promotes lagging grid (+2) and strongly hinders strong grid (−3); high capital strongly hinders lagging (−3) and strongly supports strong grid (+3); medium capital supports moderate grid (+2) and weakly supports strong (+1); off-diagonal cells (e.g. Low→Moderate, High→Moderate) scored 0 or −1 with confidence 3–4; highest confidence on main diagonal and strong hinder/support cells."
"Investment_Availability","Grid_Development","Low","Strong","-3","5","Investment availability and grid development align ordinally: low capital promotes lagging grid (+2) and strongly hinders strong grid (−3); high capital strongly hinders lagging (−3) and strongly supports strong grid (+3); medium capital supports moderate grid (+2) and weakly supports strong (+1); off-diagonal cells (e.g. Low→Moderate, High→Moderate) scored 0 or −1 with confidence 3–4; highest confidence on main diagonal and strong hinder/support cells."
"Investment_Availability","Grid_Development","Medium","Lagging","-1","4","Investment availability and grid development align ordinally: low capital promotes lagging grid (+2) and strongly hinders strong grid (−3); high capital strongly hinders lagging (−3) and strongly supports strong grid (+3); medium capital supports moderate grid (+2) and weakly supports strong (+1); off-diagonal cells (e.g. Low→Moderate, High→Moderate) scored 0 or −1 with confidence 3–4; highest confidence on main diagonal and strong hinder/support cells."
"Investment_Availability","Grid_Development","Medium","Moderate","2","4","Investment availability and grid development align ordinally: low capital promotes lagging grid (+2) and strongly hinders strong grid (−3); high capital strongly hinders lagging (−3) and strongly supports strong grid (+3); medium capital supports moderate grid (+2) and weakly supports strong (+1); off-diagonal cells (e.g. Low→Moderate, High→Moderate) scored 0 or −1 with confidence 3–4; highest confidence on main diagonal and strong hinder/support cells."
"Investment_Availability","Grid_Development","Medium","Strong","1","4","Investment availability and grid development align ordinally: low capital promotes lagging grid (+2) and strongly hinders strong grid (−3); high capital strongly hinders lagging (−3) and strongly supports strong grid (+3); medium capital supports moderate grid (+2) and weakly supports strong (+1); off-diagonal cells (e.g. Low→Moderate, High→Moderate) scored 0 or −1 with confidence 3–4; highest confidence on main diagonal and strong hinder/support cells."
"Investment_Availability","Grid_Development","High","Lagging","-3","5","Investment availability and grid development align ordinally: low capital promotes lagging grid (+2) and strongly hinders strong grid (−3); high capital strongly hinders lagging (−3) and strongly supports strong grid (+3); medium capital supports moderate grid (+2) and weakly supports strong (+1); off-diagonal cells (e.g. Low→Moderate, High→Moderate) scored 0 or −1 with confidence 3–4; highest confidence on main diagonal and strong hinder/support cells."
"Investment_Availability","Grid_Development","High","Moderate","-1","3","Investment availability and grid development align ordinally: low capital promotes lagging grid (+2) and strongly hinders strong grid (−3); high capital strongly hinders lagging (−3) and strongly supports strong grid (+3); medium capital supports moderate grid (+2) and weakly supports strong (+1); off-diagonal cells (e.g. Low→Moderate, High→Moderate) scored 0 or −1 with confidence 3–4; highest confidence on main diagonal and strong hinder/support cells."
"Investment_Availability","Grid_Development","High","Strong","3","5","Investment availability and grid development align ordinally: low capital promotes lagging grid (+2) and strongly hinders strong grid (−3); high capital strongly hinders lagging (−3) and strongly supports strong grid (+3); medium capital supports moderate grid (+2) and weakly supports strong (+1); off-diagonal cells (e.g. Low→Moderate, High→Moderate) scored 0 or −1 with confidence 3–4; highest confidence on main diagonal and strong hinder/support cells."
"Investment_Availability","Electrification_Pace","Low","Slow","2","4","Investment availability (DE/EU) aligns with electrification pace (DE): low capital promotes slow and hinders high electrification; high capital promotes high and hinders slow. Diagonal +2 (Conf 4); opposite corners Low→High and High→Slow −2 (Conf 4); other off-diagonals ±1 (Conf 3). Evidence from investment, infrastructure and deployment literature."
"Investment_Availability","Electrification_Pace","Low","Medium","-1","3","Investment availability (DE/EU) aligns with electrification pace (DE): low capital promotes slow and hinders high electrification; high capital promotes high and hinders slow. Diagonal +2 (Conf 4); opposite corners Low→High and High→Slow −2 (Conf 4); other off-diagonals ±1 (Conf 3). Evidence from investment, infrastructure and deployment literature."
"Investment_Availability","Electrification_Pace","Low","High","-2","4","Investment availability (DE/EU) aligns with electrification pace (DE): low capital promotes slow and hinders high electrification; high capital promotes high and hinders slow. Diagonal +2 (Conf 4); opposite corners Low→High and High→Slow −2 (Conf 4); other off-diagonals ±1 (Conf 3). Evidence from investment, infrastructure and deployment literature."
"Investment_Availability","Electrification_Pace","Medium","Slow","-1","3","Investment availability (DE/EU) aligns with electrification pace (DE): low capital promotes slow and hinders high electrification; high capital promotes high and hinders slow. Diagonal +2 (Conf 4); opposite corners Low→High and High→Slow −2 (Conf 4); other off-diagonals ±1 (Conf 3). Evidence from investment, infrastructure and deployment literature."
"Investment_Availability","Electrification_Pace","Medium","Medium","2","4","Investment availability (DE/EU) aligns with electrification pace (DE): low capital promotes slow and hinders high electrification; high capital promotes high and hinders slow. Diagonal +2 (Conf 4); opposite corners Low→High and High→Slow −2 (Conf 4); other off-diagonals ±1 (Conf 3). Evidence from investment, infrastructure and deployment literature."
"Investment_Availability","Electrification_Pace","Medium","High","1","3","Investment availability (DE/EU) aligns with electrification pace (DE): low capital promotes slow and hinders high electrification; high capital promotes high and hinders slow. Diagonal +2 (Conf 4); opposite corners Low→High and High→Slow −2 (Conf 4); other off-diagonals ±1 (Conf 3). Evidence from investment, infrastructure and deployment literature."
"Investment_Availability","Electrification_Pace","High","Slow","-2","4","Investment availability (DE/EU) aligns with electrification pace (DE): low capital promotes slow and hinders high electrification; high capital promotes high and hinders slow. Diagonal +2 (Conf 4); opposite corners Low→High and High→Slow −2 (Conf 4); other off-diagonals ±1 (Conf 3). Evidence from investment, infrastructure and deployment literature."
"Investment_Availability","Electrification_Pace","High","Medium","-1","3","Investment availability (DE/EU) aligns with electrification pace (DE): low capital promotes slow and hinders high electrification; high capital promotes high and hinders slow. Diagonal +2 (Conf 4); opposite corners Low→High and High→Slow −2 (Conf 4); other off-diagonals ±1 (Conf 3). Evidence from investment, infrastructure and deployment literature."
"Investment_Availability","Electrification_Pace","High","High","2","4","Investment availability (DE/EU) aligns with electrification pace (DE): low capital promotes slow and hinders high electrification; high capital promotes high and hinders slow. Diagonal +2 (Conf 4); opposite corners Low→High and High→Slow −2 (Conf 4); other off-diagonals ±1 (Conf 3). Evidence from investment, infrastructure and deployment literature."
"Investment_Availability","Industrial_Energy_Demand","Low","High","-2","4","Investment availability and industrial energy demand aligned along diagonal: Low investment hinders High demand and supports Low demand; High investment supports High demand and hinders Low demand; Medium supports Medium; off-diagonal cells 0 or ±1; confidence 4 on main impact cells, 3 elsewhere."
"Investment_Availability","Industrial_Energy_Demand","Low","Medium","0","3","Investment availability and industrial energy demand aligned along diagonal: Low investment hinders High demand and supports Low demand; High investment supports High demand and hinders Low demand; Medium supports Medium; off-diagonal cells 0 or ±1; confidence 4 on main impact cells, 3 elsewhere."
"Investment_Availability","Industrial_Energy_Demand","Low","Low","2","4","Investment availability and industrial energy demand aligned along diagonal: Low investment hinders High demand and supports Low demand; High investment supports High demand and hinders Low demand; Medium supports Medium; off-diagonal cells 0 or ±1; confidence 4 on main impact cells, 3 elsewhere."
"Investment_Availability","Industrial_Energy_Demand","Medium","High","1","3","Investment availability and industrial energy demand aligned along diagonal: Low investment hinders High demand and supports Low demand; High investment supports High demand and hinders Low demand; Medium supports Medium; off-diagonal cells 0 or ±1; confidence 4 on main impact cells, 3 elsewhere."
"Investment_Availability","Industrial_Energy_Demand","Medium","Medium","2","4","Investment availability and industrial energy demand aligned along diagonal: Low investment hinders High demand and supports Low demand; High investment supports High demand and hinders Low demand; Medium supports Medium; off-diagonal cells 0 or ±1; confidence 4 on main impact cells, 3 elsewhere."
"Investment_Availability","Industrial_Energy_Demand","Medium","Low","0","3","Investment availability and industrial energy demand aligned along diagonal: Low investment hinders High demand and supports Low demand; High investment supports High demand and hinders Low demand; Medium supports Medium; off-diagonal cells 0 or ±1; confidence 4 on main impact cells, 3 elsewhere."
"Investment_Availability","Industrial_Energy_Demand","High","High","2","4","Investment availability and industrial energy demand aligned along diagonal: Low investment hinders High demand and supports Low demand; High investment supports High demand and hinders Low demand; Medium supports Medium; off-diagonal cells 0 or ±1; confidence 4 on main impact cells, 3 elsewhere."
"Investment_Availability","Industrial_Energy_Demand","High","Medium","1","3","Investment availability and industrial energy demand aligned along diagonal: Low investment hinders High demand and supports Low demand; High investment supports High demand and hinders Low demand; Medium supports Medium; off-diagonal cells 0 or ±1; confidence 4 on main impact cells, 3 elsewhere."
"Investment_Availability","Industrial_Energy_Demand","High","Low","-2","4","Investment availability and industrial energy demand aligned along diagonal: Low investment hinders High demand and supports Low demand; High investment supports High demand and hinders Low demand; Medium supports Medium; off-diagonal cells 0 or ±1; confidence 4 on main impact cells, 3 elsewhere."
"Investment_Availability","Fossil_Price_Pressure","Low","Low","-2","4","Investment affects felt fossil price pressure via exposure and substitution: High investment supports Low pressure and hinders High; Low investment supports High pressure and hinders Low; corner cells ±2 with conf 4, medium row and off-diagonal ±1 or 0 with conf 3; fossil prices largely exogenous so confidence capped at 4."
"Investment_Availability","Fossil_Price_Pressure","Low","Medium","0","3","Investment affects felt fossil price pressure via exposure and substitution: High investment supports Low pressure and hinders High; Low investment supports High pressure and hinders Low; corner cells ±2 with conf 4, medium row and off-diagonal ±1 or 0 with conf 3; fossil prices largely exogenous so confidence capped at 4."
"Investment_Availability","Fossil_Price_Pressure","Low","High","2","4","Investment affects felt fossil price pressure via exposure and substitution: High investment supports Low pressure and hinders High; Low investment supports High pressure and hinders Low; corner cells ±2 with conf 4, medium row and off-diagonal ±1 or 0 with conf 3; fossil prices largely exogenous so confidence capped at 4."
"Investment_Availability","Fossil_Price_Pressure","Medium","Low","1","3","Investment affects felt fossil price pressure via exposure and substitution: High investment supports Low pressure and hinders High; Low investment supports High pressure and hinders Low; corner cells ±2 with conf 4, medium row and off-diagonal ±1 or 0 with conf 3; fossil prices largely exogenous so confidence capped at 4."
"Investment_Availability","Fossil_Price_Pressure","Medium","Medium","1","3","Investment affects felt fossil price pressure via exposure and substitution: High investment supports Low pressure and hinders High; Low investment supports High pressure and hinders Low; corner cells ±2 with conf 4, medium row and off-diagonal ±1 or 0 with conf 3; fossil prices largely exogenous so confidence capped at 4."
"Investment_Availability","Fossil_Price_Pressure","Medium","High","-1","3","Investment affects felt fossil price pressure via exposure and substitution: High investment supports Low pressure and hinders High; Low investment supports High pressure and hinders Low; corner cells ±2 with conf 4, medium row and off-diagonal ±1 or 0 with conf 3; fossil prices largely exogenous so confidence capped at 4."
"Investment_Availability","Fossil_Price_Pressure","High","Low","2","4","Investment affects felt fossil price pressure via exposure and substitution: High investment supports Low pressure and hinders High; Low investment supports High pressure and hinders Low; corner cells ±2 with conf 4, medium row and off-diagonal ±1 or 0 with conf 3; fossil prices largely exogenous so confidence capped at 4."
"Investment_Availability","Fossil_Price_Pressure","High","Medium","0","3","Investment affects felt fossil price pressure via exposure and substitution: High investment supports Low pressure and hinders High; Low investment supports High pressure and hinders Low; corner cells ±2 with conf 4, medium row and off-diagonal ±1 or 0 with conf 3; fossil prices largely exogenous so confidence capped at 4."
"Investment_Availability","Fossil_Price_Pressure","High","High","-2","4","Investment affects felt fossil price pressure via exposure and substitution: High investment supports Low pressure and hinders High; Low investment supports High pressure and hinders Low; corner cells ±2 with conf 4, medium row and off-diagonal ±1 or 0 with conf 3; fossil prices largely exogenous so confidence capped at 4."
"Investment_Availability","Public_Acceptance","Low","Low","1","4","Investment availability supports public acceptance along the ordinal scale: low investment promotes low and hinders high acceptance; high investment hinders low and supports high; diagonal and corners scored with confidence 3–4; causal path is indirect (investment → engagement/benefits → acceptance)."
"Investment_Availability","Public_Acceptance","Low","Medium","-1","3","Investment availability supports public acceptance along the ordinal scale: low investment promotes low and hinders high acceptance; high investment hinders low and supports high; diagonal and corners scored with confidence 3–4; causal path is indirect (investment → engagement/benefits → acceptance)."
"Investment_Availability","Public_Acceptance","Low","High","-2","4","Investment availability supports public acceptance along the ordinal scale: low investment promotes low and hinders high acceptance; high investment hinders low and supports high; diagonal and corners scored with confidence 3–4; causal path is indirect (investment → engagement/benefits → acceptance)."
"Investment_Availability","Public_Acceptance","Medium","Low","-1","3","Investment availability supports public acceptance along the ordinal scale: low investment promotes low and hinders high acceptance; high investment hinders low and supports high; diagonal and corners scored with confidence 3–4; causal path is indirect (investment → engagement/benefits → acceptance)."
"Investment_Availability","Public_Acceptance","Medium","Medium","2","3","Investment availability supports public acceptance along the ordinal scale: low investment promotes low and hinders high acceptance; high investment hinders low and supports high; diagonal and corners scored with confidence 3–4; causal path is indirect (investment → engagement/benefits → acceptance)."
"Investment_Availability","Public_Acceptance","Medium","High","1","3","Investment availability supports public acceptance along the ordinal scale: low investment promotes low and hinders high acceptance; high investment hinders low and supports high; diagonal and corners scored with confidence 3–4; causal path is indirect (investment → engagement/benefits → acceptance)."
"Investment_Availability","Public_Acceptance","High","Low","-2","4","Investment availability supports public acceptance along the ordinal scale: low investment promotes low and hinders high acceptance; high investment hinders low and supports high; diagonal and corners scored with confidence 3–4; causal path is indirect (investment → engagement/benefits → acceptance)."
"Investment_Availability","Public_Acceptance","High","Medium","1","3","Investment availability supports public acceptance along the ordinal scale: low investment promotes low and hinders high acceptance; high investment hinders low and supports high; diagonal and corners scored with confidence 3–4; causal path is indirect (investment → engagement/benefits → acceptance)."
"Investment_Availability","Public_Acceptance","High","High","2","4","Investment availability supports public acceptance along the ordinal scale: low investment promotes low and hinders high acceptance; high investment hinders low and supports high; diagonal and corners scored with confidence 3–4; causal path is indirect (investment → engagement/benefits → acceptance)."
"Investment_Availability","Land_Use_Conflict","Low","High","-2","4","Investment availability drives project volume and land demand in Germany: low investment hinders high land-use conflict and supports low conflict; high investment supports high conflict and hinders low conflict; medium investment largely neutral except slight support for low conflict; confidence 4 on main diagonal cells, 3 elsewhere."
"Investment_Availability","Land_Use_Conflict","Low","Medium","-1","3","Investment availability drives project volume and land demand in Germany: low investment hinders high land-use conflict and supports low conflict; high investment supports high conflict and hinders low conflict; medium investment largely neutral except slight support for low conflict; confidence 4 on main diagonal cells, 3 elsewhere."
"Investment_Availability","Land_Use_Conflict","Low","Low","2","4","Investment availability drives project volume and land demand in Germany: low investment hinders high land-use conflict and supports low conflict; high investment supports high conflict and hinders low conflict; medium investment largely neutral except slight support for low conflict; confidence 4 on main diagonal cells, 3 elsewhere."
"Investment_Availability","Land_Use_Conflict","Medium","High","0","3","Investment availability drives project volume and land demand in Germany: low investment hinders high land-use conflict and supports low conflict; high investment supports high conflict and hinders low conflict; medium investment largely neutral except slight support for low conflict; confidence 4 on main diagonal cells, 3 elsewhere."
"Investment_Availability","Land_Use_Conflict","Medium","Medium","0","3","Investment availability drives project volume and land demand in Germany: low investment hinders high land-use conflict and supports low conflict; high investment supports high conflict and hinders low conflict; medium investment largely neutral except slight support for low conflict; confidence 4 on main diagonal cells, 3 elsewhere."
"Investment_Availability","Land_Use_Conflict","Medium","Low","1","3","Investment availability drives project volume and land demand in Germany: low investment hinders high land-use conflict and supports low conflict; high investment supports high conflict and hinders low conflict; medium investment largely neutral except slight support for low conflict; confidence 4 on main diagonal cells, 3 elsewhere."
"Investment_Availability","Land_Use_Conflict","High","High","2","4","Investment availability drives project volume and land demand in Germany: low investment hinders high land-use conflict and supports low conflict; high investment supports high conflict and hinders low conflict; medium investment largely neutral except slight support for low conflict; confidence 4 on main diagonal cells, 3 elsewhere."
"Investment_Availability","Land_Use_Conflict","High","Medium","1","3","Investment availability drives project volume and land demand in Germany: low investment hinders high land-use conflict and supports low conflict; high investment supports high conflict and hinders low conflict; medium investment largely neutral except slight support for low conflict; confidence 4 on main diagonal cells, 3 elsewhere."
"Investment_Availability","Land_Use_Conflict","High","Low","-2","4","Investment availability drives project volume and land demand in Germany: low investment hinders high land-use conflict and supports low conflict; high investment supports high conflict and hinders low conflict; medium investment largely neutral except slight support for low conflict; confidence 4 on main diagonal cells, 3 elsewhere."
"Investment_Availability","EU_Policy_Alignment","Low","Low","1","3","Investment availability reinforces EU policy alignment: Low capital supports Low alignment and hinders High; High capital supports High alignment and hinders Low; Medium supports Medium and weakly supports High; confidences 3–4 for clear links, 2 for weak (Low→Medium); causal direction is capital availability influencing alignment with politics as other driver."
"Investment_Availability","EU_Policy_Alignment","Low","Medium","0","2","Investment availability reinforces EU policy alignment: Low capital supports Low alignment and hinders High; High capital supports High alignment and hinders Low; Medium supports Medium and weakly supports High; confidences 3–4 for clear links, 2 for weak (Low→Medium); causal direction is capital availability influencing alignment with politics as other driver."
"Investment_Availability","EU_Policy_Alignment","Low","High","-2","4","Investment availability reinforces EU policy alignment: Low capital supports Low alignment and hinders High; High capital supports High alignment and hinders Low; Medium supports Medium and weakly supports High; confidences 3–4 for clear links, 2 for weak (Low→Medium); causal direction is capital availability influencing alignment with politics as other driver."
"Investment_Availability","EU_Policy_Alignment","Medium","Low","-1","3","Investment availability reinforces EU policy alignment: Low capital supports Low alignment and hinders High; High capital supports High alignment and hinders Low; Medium supports Medium and weakly supports High; confidences 3–4 for clear links, 2 for weak (Low→Medium); causal direction is capital availability influencing alignment with politics as other driver."
"Investment_Availability","EU_Policy_Alignment","Medium","Medium","1","3","Investment availability reinforces EU policy alignment: Low capital supports Low alignment and hinders High; High capital supports High alignment and hinders Low; Medium supports Medium and weakly supports High; confidences 3–4 for clear links, 2 for weak (Low→Medium); causal direction is capital availability influencing alignment with politics as other driver."
"Investment_Availability","EU_Policy_Alignment","Medium","High","1","3","Investment availability reinforces EU policy alignment: Low capital supports Low alignment and hinders High; High capital supports High alignment and hinders Low; Medium supports Medium and weakly supports High; confidences 3–4 for clear links, 2 for weak (Low→Medium); causal direction is capital availability influencing alignment with politics as other driver."
"Investment_Availability","EU_Policy_Alignment","High","Low","-2","4","Investment availability reinforces EU policy alignment: Low capital supports Low alignment and hinders High; High capital supports High alignment and hinders Low; Medium supports Medium and weakly supports High; confidences 3–4 for clear links, 2 for weak (Low→Medium); causal direction is capital availability influencing alignment with politics as other driver."
"Investment_Availability","EU_Policy_Alignment","High","Medium","0","3","Investment availability reinforces EU policy alignment: Low capital supports Low alignment and hinders High; High capital supports High alignment and hinders Low; Medium supports Medium and weakly supports High; confidences 3–4 for clear links, 2 for weak (Low→Medium); causal direction is capital availability influencing alignment with politics as other driver."
"Investment_Availability","EU_Policy_Alignment","High","High","2","4","Investment availability reinforces EU policy alignment: Low capital supports Low alignment and hinders High; High capital supports High alignment and hinders Low; Medium supports Medium and weakly supports High; confidences 3–4 for clear links, 2 for weak (Low→Medium); causal direction is capital availability influencing alignment with politics as other driver."
"Investment_Availability","Energy_Security_Pressure","Low","Low","-2","4","High investment supports Low energy security pressure and hinders High pressure; Low investment does the reverse. Corner cells ±2 conf 4; Medium source row moderate (±1/0) conf 3."
"Investment_Availability","Energy_Security_Pressure","Low","Medium","0","3","High investment supports Low energy security pressure and hinders High pressure; Low investment does the reverse. Corner cells ±2 conf 4; Medium source row moderate (±1/0) conf 3."
"Investment_Availability","Energy_Security_Pressure","Low","High","2","4","High investment supports Low energy security pressure and hinders High pressure; Low investment does the reverse. Corner cells ±2 conf 4; Medium source row moderate (±1/0) conf 3."
"Investment_Availability","Energy_Security_Pressure","Medium","Low","1","3","High investment supports Low energy security pressure and hinders High pressure; Low investment does the reverse. Corner cells ±2 conf 4; Medium source row moderate (±1/0) conf 3."
"Investment_Availability","Energy_Security_Pressure","Medium","Medium","0","3","High investment supports Low energy security pressure and hinders High pressure; Low investment does the reverse. Corner cells ±2 conf 4; Medium source row moderate (±1/0) conf 3."
"Investment_Availability","Energy_Security_Pressure","Medium","High","-1","3","High investment supports Low energy security pressure and hinders High pressure; Low investment does the reverse. Corner cells ±2 conf 4; Medium source row moderate (±1/0) conf 3."
"Investment_Availability","Energy_Security_Pressure","High","Low","2","4","High investment supports Low energy security pressure and hinders High pressure; Low investment does the reverse. Corner cells ±2 conf 4; Medium source row moderate (±1/0) conf 3."
"Investment_Availability","Energy_Security_Pressure","High","Medium","0","3","High investment supports Low energy security pressure and hinders High pressure; Low investment does the reverse. Corner cells ±2 conf 4; Medium source row moderate (±1/0) conf 3."
"Investment_Availability","Energy_Security_Pressure","High","High","-2","4","High investment supports Low energy security pressure and hinders High pressure; Low investment does the reverse. Corner cells ±2 conf 4; Medium source row moderate (±1/0) conf 3."
